Frame ID,Computer Time,ros time,Chunk Frame ID,Chunk Time,Latitude,Longitude
1,2025-08-11-09-38-00-247,1754923080,1,8.60069E+11,44.86781503,-93.63244428
2,2025-08-11-09-38-00-384,1754923080,2,8.60576E+11,44.86781504,-93.63244427
3,2025-08-11-09-38-00-960,1754923081,3,8.61082E+11,44.86781506,-93.63244423
4,2025-08-11-09-38-01-468,1754923081,4,8.61589E+11,44.86781507,-93.63244425
5,2025-08-11-09-38-01-964,1754923082,5,8.62095E+11,44.86781507,-93.63244424
6,2025-08-11-09-38-02-472,1754923082,6,8.62602E+11,44.86781505,-93.63244426
7,2025-08-11-09-38-02-977,1754923083,7,8.63108E+11,44.86781507,-93.63244427
8,2025-08-11-09-38-03-493,1754923083,8,8.63615E+11,44.86781508,-93.63244426
9,2025-08-11-09-38-04-001,1754923084,9,8.64121E+11,44.86781506,-93.63244426
10,2025-08-11-09-38-04-498,1754923084,10,8.64628E+11,44.86781508,-93.63244425
11,2025-08-11-09-38-05-010,1754923085,11,8.65135E+11,44.86781508,-93.63244425
12,2025-08-11-09-38-05-509,1754923086,12,8.65641E+11,44.86781507,-93.63244424
13,2025-08-11-09-38-06-018,1754923086,13,8.66148E+11,44.86781505,-93.63244425
14,2025-08-11-09-38-06-526,1754923087,14,8.66654E+11,44.86781506,-93.63244425
15,2025-08-11-09-38-07-028,1754923087,15,8.67161E+11,44.86781506,-93.63244425
16,2025-08-11-09-38-07-541,1754923088,16,8.67668E+11,44.86781506,-93.63244424
17,2025-08-11-09-38-08-046,1754923088,17,8.68174E+11,44.86781508,-93.63244425
18,2025-08-11-09-38-08-552,1754923089,18,8.68681E+11,44.86781506,-93.63244427
19,2025-08-11-09-38-09-056,1754923089,19,8.69187E+11,44.86781507,-93.63244427
20,2025-08-11-09-38-09-560,1754923090,20,8.69694E+11,44.86781507,-93.63244427
21,2025-08-11-09-38-10-069,1754923090,21,8.702E+11,44.86781507,-93.63244424
22,2025-08-11-09-38-10-574,1754923091,22,8.70707E+11,44.86781507,-93.63244425
23,2025-08-11-09-38-11-081,1754923091,23,8.71214E+11,44.86781506,-93.63244427
24,2025-08-11-09-38-11-590,1754923092,24,8.7172E+11,44.86781506,-93.63244427
25,2025-08-11-09-38-12-097,1754923092,25,8.72227E+11,44.86781507,-93.63244422
26,2025-08-11-09-38-12-602,1754923093,26,8.72733E+11,44.86781507,-93.63244422
27,2025-08-11-09-38-13-108,1754923093,27,8.7324E+11,44.86781505,-93.63244425
28,2025-08-11-09-38-13-611,1754923094,28,8.73746E+11,44.86781506,-93.63244426
29,2025-08-11-09-38-14-119,1754923094,29,8.74253E+11,44.86781508,-93.63244426
30,2025-08-11-09-38-14-627,1754923095,30,8.74759E+11,44.86781508,-93.63244428
31,2025-08-11-09-38-15-133,1754923095,31,8.75266E+11,44.86781506,-93.63244426
32,2025-08-11-09-38-15-640,1754923096,32,8.75773E+11,44.86781508,-93.63244427
33,2025-08-11-09-38-16-148,1754923096,33,8.76279E+11,44.86781508,-93.63244428
34,2025-08-11-09-38-16-653,1754923097,34,8.76786E+11,44.86781508,-93.63244428
35,2025-08-11-09-38-17-160,1754923097,35,8.77292E+11,44.86781506,-93.63244425
36,2025-08-11-09-38-17-667,1754923098,36,8.77799E+11,44.86781508,-93.63244426
37,2025-08-11-09-38-18-173,1754923098,37,8.78305E+11,44.86781506,-93.63244426
38,2025-08-11-09-38-18-678,1754923099,38,8.78812E+11,44.86781507,-93.63244424
39,2025-08-11-09-38-19-186,1754923099,39,8.79318E+11,44.86781516,-93.63244419
40,2025-08-11-09-38-19-693,1754923100,40,8.79825E+11,44.86781517,-93.63244423
41,2025-08-11-09-38-20-197,1754923100,41,8.80331E+11,44.86781517,-93.63244418
42,2025-08-11-09-38-20-709,1754923101,42,8.80838E+11,44.86781516,-93.63244418
43,2025-08-11-09-38-21-211,1754923101,43,8.81345E+11,44.86781515,-93.63244421
44,2025-08-11-09-38-21-717,1754923102,44,8.81851E+11,44.86781515,-93.63244421
45,2025-08-11-09-38-22-226,1754923102,45,8.82358E+11,44.86781514,-93.63244421
46,2025-08-11-09-38-22-731,1754923103,46,8.82864E+11,44.86781516,-93.63244419
47,2025-08-11-09-38-23-238,1754923103,47,8.83371E+11,44.86781516,-93.63244417
48,2025-08-11-09-38-23-747,1754923104,48,8.83878E+11,44.86781519,-93.63244414
49,2025-08-11-09-38-24-251,1754923104,49,8.84384E+11,44.86781517,-93.63244416
50,2025-08-11-09-38-24-758,1754923105,50,8.84891E+11,44.86781516,-93.63244412
51,2025-08-11-09-38-25-264,1754923105,51,8.85397E+11,44.86781517,-93.63244411
52,2025-08-11-09-38-25-773,1754923106,52,8.85904E+11,44.8678152,-93.63244397
53,2025-08-11-09-38-26-278,1754923106,53,8.86411E+11,44.86781522,-93.63244369
54,2025-08-11-09-38-26-785,1754923107,54,8.86917E+11,44.86781528,-93.63244151
55,2025-08-11-09-38-27-290,1754923107,55,8.87424E+11,44.86781524,-93.63243833
56,2025-08-11-09-38-27-798,1754923108,56,8.8793E+11,44.86781535,-93.63243508
57,2025-08-11-09-38-28-305,1754923108,57,8.88437E+11,44.86781545,-93.63243177
58,2025-08-11-09-38-28-810,1754923109,58,8.88944E+11,44.86781554,-93.63242796
59,2025-08-11-09-38-29-321,1754923109,59,8.8945E+11,44.86781555,-93.63242292
60,2025-08-11-09-38-29-824,1754923110,60,8.89957E+11,44.86781557,-93.63241856
61,2025-08-11-09-38-30-331,1754923110,61,8.90463E+11,44.86781548,-93.6324134
62,2025-08-11-09-38-30-838,1754923111,62,8.9097E+11,44.86781545,-93.63240803
63,2025-08-11-09-38-31-345,1754923111,63,8.91477E+11,44.86781566,-93.6324024
64,2025-08-11-09-38-31-851,1754923112,64,8.91983E+11,44.86781568,-93.63239663
65,2025-08-11-09-38-32-356,1754923112,65,8.9249E+11,44.86781572,-93.63239099
66,2025-08-11-09-38-32-864,1754923113,66,8.92996E+11,44.86781584,-93.63238562
67,2025-08-11-09-38-33-370,1754923113,67,8.93503E+11,44.8678159,-93.63238058
68,2025-08-11-09-38-33-878,1754923114,68,8.94009E+11,44.86781601,-93.63237575
69,2025-08-11-09-38-34-382,1754923114,69,8.94516E+11,44.86781589,-93.63237145
70,2025-08-11-09-38-34-889,1754923115,70,8.95023E+11,44.86781594,-93.63236763
71,2025-08-11-09-38-35-397,1754923115,71,8.95529E+11,44.86781588,-93.63236423
72,2025-08-11-09-38-35-903,1754923116,72,8.96036E+11,44.86781587,-93.6323609
73,2025-08-11-09-38-36-409,1754923116,73,8.96542E+11,44.86781599,-93.63235754
74,2025-08-11-09-38-36-916,1754923117,74,8.97049E+11,44.8678159,-93.63235369
75,2025-08-11-09-38-37-423,1754923117,75,8.97556E+11,44.86781593,-93.63235024
76,2025-08-11-09-38-37-929,1754923118,76,8.98062E+11,44.86781589,-93.63234613
77,2025-08-11-09-38-38-437,1754923118,77,8.98569E+11,44.86781598,-93.63234172
78,2025-08-11-09-38-38-943,1754923119,78,8.99076E+11,44.86781584,-93.63233697
79,2025-08-11-09-38-39-449,1754923119,79,8.99582E+11,44.86781593,-93.63233212
80,2025-08-11-09-38-39-957,1754923120,80,9.00089E+11,44.86781592,-93.63232672
81,2025-08-11-09-38-40-462,1754923120,81,9.00595E+11,44.86781603,-93.63232095
82,2025-08-11-09-38-40-968,1754923121,82,9.01102E+11,44.8678162,-93.63231527
83,2025-08-11-09-38-41-476,1754923121,83,9.01609E+11,44.86781624,-93.63230998
84,2025-08-11-09-38-41-983,1754923122,84,9.02115E+11,44.86781627,-93.63230547
85,2025-08-11-09-38-42-492,1754923122,85,9.02622E+11,44.86781629,-93.63230143
86,2025-08-11-09-38-42-996,1754923123,86,9.03129E+11,44.86781621,-93.63229816
87,2025-08-11-09-38-43-504,1754923124,87,9.03635E+11,44.86781619,-93.63229533
88,2025-08-11-09-38-44-008,1754923124,88,9.04142E+11,44.86781609,-93.63229265
89,2025-08-11-09-38-44-516,1754923125,89,9.04648E+11,44.8678162,-93.63229016
90,2025-08-11-09-38-45-021,1754923125,90,9.05155E+11,44.86781612,-93.6322885
91,2025-08-11-09-38-45-528,1754923126,91,9.05662E+11,44.86781605,-93.63228744
92,2025-08-11-09-38-46-036,1754923126,92,9.06168E+11,44.86781602,-93.63228684
93,2025-08-11-09-38-46-542,1754923127,93,9.06675E+11,44.867816,-93.63228647
94,2025-08-11-09-38-47-048,1754923127,94,9.07181E+11,44.86781602,-93.63228569
95,2025-08-11-09-38-47-555,1754923128,95,9.07688E+11,44.86781596,-93.63228353
96,2025-08-11-09-38-48-061,1754923128,96,9.08195E+11,44.86781596,-93.63228052
97,2025-08-11-09-38-48-569,1754923129,97,9.08701E+11,44.86781585,-93.63227728
98,2025-08-11-09-38-49-073,1754923129,98,9.09208E+11,44.86781582,-93.63227375
99,2025-08-11-09-38-49-581,1754923130,99,9.09714E+11,44.86781564,-93.63226991
100,2025-08-11-09-38-50-088,1754923130,100,9.10221E+11,44.86781555,-93.6322656
101,2025-08-11-09-38-50-595,1754923131,101,9.10728E+11,44.86781556,-93.63226073
102,2025-08-11-09-38-51-102,1754923131,102,9.11234E+11,44.86781558,-93.63225522
103,2025-08-11-09-38-51-608,1754923132,103,9.11741E+11,44.86781537,-93.63224922
104,2025-08-11-09-38-52-116,1754923132,104,9.12248E+11,44.86781541,-93.6322429
105,2025-08-11-09-38-52-622,1754923133,105,9.12754E+11,44.86781533,-93.6322349
106,2025-08-11-09-38-53-126,1754923133,106,9.13261E+11,44.86781529,-93.63222953
107,2025-08-11-09-38-53-636,1754923134,107,9.13767E+11,44.86781515,-93.63222206
108,2025-08-11-09-38-54-137,1754923134,108,9.14274E+11,44.86781523,-93.63221691
109,2025-08-11-09-38-54-648,1754923135,109,9.1478E+11,44.86781497,-93.63221246
110,2025-08-11-09-38-55-155,1754923135,110,9.15287E+11,44.86781544,-93.63220834
111,2025-08-11-09-38-55-660,1754923136,111,9.15794E+11,44.86781541,-93.63220491
112,2025-08-11-09-38-56-167,1754923136,112,9.163E+11,44.86781525,-93.6322014
113,2025-08-11-09-38-56-674,1754923137,113,9.16807E+11,44.86781511,-93.63219791
114,2025-08-11-09-38-57-179,1754923137,114,9.17313E+11,44.86781519,-93.63219443
115,2025-08-11-09-38-57-686,1754923138,115,9.1782E+11,44.86781499,-93.63219081
116,2025-08-11-09-38-58-194,1754923138,116,9.18327E+11,44.86781514,-93.63218668
117,2025-08-11-09-38-58-700,1754923139,117,9.18833E+11,44.86781509,-93.63218181
118,2025-08-11-09-38-59-207,1754923139,118,9.1934E+11,44.86781519,-93.63217674
119,2025-08-11-09-38-59-712,1754923140,119,9.19846E+11,44.86781495,-93.63217034
120,2025-08-11-09-39-00-219,1754923140,120,9.20353E+11,44.86781519,-93.632165
121,2025-08-11-09-39-00-728,1754923141,121,9.2086E+11,44.867815,-93.6321599
122,2025-08-11-09-39-01-233,1754923141,122,9.21366E+11,44.86781521,-93.6321548
123,2025-08-11-09-39-01-740,1754923142,123,9.21873E+11,44.86781521,-93.63214972
124,2025-08-11-09-39-02-246,1754923142,124,9.22379E+11,44.86781509,-93.63214502
125,2025-08-11-09-39-02-753,1754923143,125,9.22886E+11,44.86781525,-93.63214008
126,2025-08-11-09-39-03-259,1754923143,126,9.23393E+11,44.86781527,-93.63213509
127,2025-08-11-09-39-03-765,1754923144,127,9.23899E+11,44.86781521,-93.63213004
128,2025-08-11-09-39-04-274,1754923144,128,9.24406E+11,44.86781537,-93.63212469
129,2025-08-11-09-39-04-779,1754923145,129,9.24913E+11,44.86781529,-93.63211894
130,2025-08-11-09-39-05-287,1754923145,130,9.25419E+11,44.86781523,-93.63211333
131,2025-08-11-09-39-05-793,1754923146,131,9.25926E+11,44.86781514,-93.63210776
132,2025-08-11-09-39-06-300,1754923146,132,9.26432E+11,44.86781525,-93.6321022
133,2025-08-11-09-39-06-807,1754923147,133,9.26939E+11,44.8678151,-93.63209649
134,2025-08-11-09-39-07-312,1754923147,134,9.27446E+11,44.86781489,-93.63208952
135,2025-08-11-09-39-07-819,1754923148,135,9.27952E+11,44.86781514,-93.63208365
136,2025-08-11-09-39-08-326,1754923148,136,9.28459E+11,44.86781511,-93.63207785
137,2025-08-11-09-39-08-832,1754923149,137,9.28966E+11,44.86781527,-93.63207216
138,2025-08-11-09-39-09-338,1754923149,138,9.29472E+11,44.86781513,-93.63206654
139,2025-08-11-09-39-09-845,1754923150,139,9.29979E+11,44.86781515,-93.63206099
140,2025-08-11-09-39-10-352,1754923150,140,9.30485E+11,44.86781533,-93.6320553
141,2025-08-11-09-39-10-858,1754923151,141,9.30992E+11,44.86781509,-93.63204972
142,2025-08-11-09-39-11-365,1754923151,142,9.31499E+11,44.86781518,-93.63204413
143,2025-08-11-09-39-11-872,1754923152,143,9.32005E+11,44.86781503,-93.63203848
144,2025-08-11-09-39-12-378,1754923152,144,9.32512E+11,44.86781506,-93.63203271
145,2025-08-11-09-39-12-885,1754923153,145,9.33019E+11,44.86781502,-93.63202688
146,2025-08-11-09-39-13-391,1754923153,146,9.33525E+11,44.86781488,-93.63202089
147,2025-08-11-09-39-13-899,1754923154,147,9.34032E+11,44.86781487,-93.63201457
148,2025-08-11-09-39-14-405,1754923154,148,9.34538E+11,44.8678149,-93.63200855
149,2025-08-11-09-39-14-912,1754923155,149,9.35045E+11,44.86781494,-93.63200146
150,2025-08-11-09-39-15-418,1754923155,150,9.35552E+11,44.86781492,-93.63199552
151,2025-08-11-09-39-15-926,1754923156,151,9.36058E+11,44.86781505,-93.63198935
152,2025-08-11-09-39-16-432,1754923156,152,9.36565E+11,44.86781519,-93.63198301
153,2025-08-11-09-39-16-938,1754923157,153,9.37072E+11,44.86781525,-93.63197657
154,2025-08-11-09-39-17-449,1754923157,154,9.37578E+11,44.86781531,-93.6319704
155,2025-08-11-09-39-17-957,1754923158,155,9.38085E+11,44.86781536,-93.63196398
156,2025-08-11-09-39-18-457,1754923158,156,9.38591E+11,44.86781534,-93.63195765
157,2025-08-11-09-39-18-965,1754923159,157,9.39098E+11,44.8678155,-93.63195134
158,2025-08-11-09-39-19-471,1754923159,158,9.39605E+11,44.86781543,-93.63194546
159,2025-08-11-09-39-19-979,1754923160,159,9.40111E+11,44.86781528,-93.63194035
160,2025-08-11-09-39-20-485,1754923160,160,9.40618E+11,44.86781515,-93.63193576
161,2025-08-11-09-39-20-995,1754923161,161,9.41124E+11,44.86781538,-93.6319316
162,2025-08-11-09-39-21-497,1754923161,162,9.41631E+11,44.86781533,-93.63192742
163,2025-08-11-09-39-22-008,1754923162,163,9.42138E+11,44.86781518,-93.63192289
164,2025-08-11-09-39-22-510,1754923163,164,9.42644E+11,44.86781516,-93.63191749
165,2025-08-11-09-39-23-020,1754923163,165,9.43151E+11,44.86781495,-93.63191289
166,2025-08-11-09-39-23-528,1754923164,166,9.43657E+11,44.86781495,-93.63190819
167,2025-08-11-09-39-24-035,1754923164,167,9.44164E+11,44.86781482,-93.63190318
168,2025-08-11-09-39-24-537,1754923165,168,9.44671E+11,44.86781496,-93.63189723
169,2025-08-11-09-39-25-043,1754923165,169,9.45177E+11,44.86781483,-93.63189124
170,2025-08-11-09-39-25-552,1754923166,170,9.45684E+11,44.86781516,-93.63188486
171,2025-08-11-09-39-26-058,1754923166,171,9.46191E+11,44.86781511,-93.63187901
172,2025-08-11-09-39-26-563,1754923167,172,9.46697E+11,44.86781484,-93.63187357
173,2025-08-11-09-39-27-070,1754923167,173,9.47204E+11,44.86781513,-93.6318678
174,2025-08-11-09-39-27-577,1754923168,174,9.47711E+11,44.86781489,-93.63186238
175,2025-08-11-09-39-28-085,1754923168,175,9.48217E+11,44.86781523,-93.63185705
176,2025-08-11-09-39-28-591,1754923169,176,9.48724E+11,44.86781511,-93.63185235
177,2025-08-11-09-39-29-096,1754923169,177,9.49231E+11,44.86781506,-93.63184736
178,2025-08-11-09-39-29-605,1754923170,178,9.49737E+11,44.86781523,-93.63184223
179,2025-08-11-09-39-30-110,1754923170,179,9.50244E+11,44.86781536,-93.63183646
180,2025-08-11-09-39-30-619,1754923171,180,9.5075E+11,44.86781522,-93.63182941
181,2025-08-11-09-39-31-124,1754923171,181,9.51257E+11,44.86781504,-93.63182377
182,2025-08-11-09-39-31-632,1754923172,182,9.51764E+11,44.86781538,-93.63181812
183,2025-08-11-09-39-32-135,1754923172,183,9.5227E+11,44.86781536,-93.63181225
184,2025-08-11-09-39-32-649,1754923173,184,9.52777E+11,44.86781546,-93.63180615
185,2025-08-11-09-39-33-150,1754923173,185,9.53283E+11,44.86781524,-93.63180007
186,2025-08-11-09-39-33-657,1754923174,186,9.5379E+11,44.86781535,-93.63179396
187,2025-08-11-09-39-34-164,1754923174,187,9.54297E+11,44.86781541,-93.63178803
188,2025-08-11-09-39-34-669,1754923175,188,9.54803E+11,44.86781535,-93.63178194
189,2025-08-11-09-39-35-176,1754923175,189,9.5531E+11,44.86781534,-93.63177604
190,2025-08-11-09-39-35-684,1754923176,190,9.55817E+11,44.86781522,-93.63177037
191,2025-08-11-09-39-36-190,1754923176,191,9.56323E+11,44.86781529,-93.63176476
192,2025-08-11-09-39-36-697,1754923177,192,9.5683E+11,44.86781507,-93.63175961
193,2025-08-11-09-39-37-203,1754923177,193,9.57336E+11,44.86781502,-93.63175445
194,2025-08-11-09-39-37-710,1754923178,194,9.57843E+11,44.86781498,-93.6317477
195,2025-08-11-09-39-38-216,1754923178,195,9.5835E+11,44.86781481,-93.63174125
196,2025-08-11-09-39-38-722,1754923179,196,9.58856E+11,44.86781457,-93.63173422
197,2025-08-11-09-39-39-233,1754923179,197,9.59363E+11,44.86781446,-93.63172683
198,2025-08-11-09-39-39-736,1754923180,198,9.59869E+11,44.8678144,-93.63171969
199,2025-08-11-09-39-40-244,1754923180,199,9.60376E+11,44.86781413,-93.63171258
200,2025-08-11-09-39-40-749,1754923181,200,9.60883E+11,44.86781412,-93.63170569
201,2025-08-11-09-39-41-260,1754923181,201,9.61389E+11,44.86781402,-93.63169882
202,2025-08-11-09-39-41-764,1754923182,202,9.61896E+11,44.86781389,-93.63169215
203,2025-08-11-09-39-42-270,1754923182,203,9.62402E+11,44.8678139,-93.63168601
204,2025-08-11-09-39-42-776,1754923183,204,9.62909E+11,44.86781394,-93.63168026
205,2025-08-11-09-39-43-281,1754923183,205,9.63416E+11,44.86781408,-93.63167448
206,2025-08-11-09-39-43-790,1754923184,206,9.63922E+11,44.86781421,-93.63166875
207,2025-08-11-09-39-44-294,1754923184,207,9.64429E+11,44.86781446,-93.63166325
208,2025-08-11-09-39-44-803,1754923185,208,9.64936E+11,44.86781444,-93.63165862
209,2025-08-11-09-39-45-310,1754923185,209,9.65442E+11,44.86781436,-93.63165346
210,2025-08-11-09-39-45-815,1754923186,210,9.65949E+11,44.86781453,-93.63164913
211,2025-08-11-09-39-46-326,1754923186,211,9.66455E+11,44.86781461,-93.63164489
212,2025-08-11-09-39-46-829,1754923187,212,9.66962E+11,44.86781459,-93.63164106
213,2025-08-11-09-39-47-337,1754923187,213,9.67469E+11,44.86781472,-93.63163697
214,2025-08-11-09-39-47-841,1754923188,214,9.67975E+11,44.86781482,-93.631633
215,2025-08-11-09-39-48-348,1754923188,215,9.68482E+11,44.86781487,-93.63162916
216,2025-08-11-09-39-48-852,1754923189,216,9.68989E+11,44.86781482,-93.63162516
217,2025-08-11-09-39-49-361,1754923189,217,9.69495E+11,44.86781491,-93.63162094
218,2025-08-11-09-39-49-868,1754923190,218,9.70002E+11,44.86781491,-93.63161669
219,2025-08-11-09-39-50-375,1754923190,219,9.70508E+11,44.86781503,-93.63161271
220,2025-08-11-09-39-50-882,1754923191,220,9.71015E+11,44.86781507,-93.63160863
221,2025-08-11-09-39-51-389,1754923191,221,9.71522E+11,44.86781515,-93.6316045
222,2025-08-11-09-39-51-896,1754923192,222,9.72028E+11,44.86781524,-93.63160055
223,2025-08-11-09-39-52-402,1754923192,223,9.72535E+11,44.86781513,-93.63159652
224,2025-08-11-09-39-52-908,1754923193,224,9.73042E+11,44.8678151,-93.63159247
225,2025-08-11-09-39-53-417,1754923193,225,9.73548E+11,44.86781498,-93.63158763
226,2025-08-11-09-39-53-922,1754923194,226,9.74055E+11,44.86781498,-93.63158347
227,2025-08-11-09-39-54-428,1754923194,227,9.74562E+11,44.86781484,-93.63157941
228,2025-08-11-09-39-54-936,1754923195,228,9.75068E+11,44.86781451,-93.63157493
229,2025-08-11-09-39-55-441,1754923195,229,9.75575E+11,44.86781435,-93.63157044
230,2025-08-11-09-39-55-948,1754923196,230,9.76081E+11,44.86781441,-93.63156613
231,2025-08-11-09-39-56-455,1754923196,231,9.76588E+11,44.86781433,-93.63156201
232,2025-08-11-09-39-56-961,1754923197,232,9.77095E+11,44.86781456,-93.63155816
233,2025-08-11-09-39-57-467,1754923197,233,9.77601E+11,44.86781462,-93.63155399
234,2025-08-11-09-39-57-975,1754923198,234,9.78108E+11,44.86781471,-93.63155027
235,2025-08-11-09-39-58-480,1754923198,235,9.78615E+11,44.86781449,-93.63154587
236,2025-08-11-09-39-58-988,1754923199,236,9.79121E+11,44.86781435,-93.63154034
237,2025-08-11-09-39-59-494,1754923199,237,9.79628E+11,44.86781439,-93.63153427
238,2025-08-11-09-40-00-001,1754923200,238,9.80135E+11,44.86781446,-93.63152837
239,2025-08-11-09-40-00-509,1754923201,239,9.80641E+11,44.86781468,-93.63152243
240,2025-08-11-09-40-01-015,1754923201,240,9.81148E+11,44.8678146,-93.63151556
241,2025-08-11-09-40-01-521,1754923202,241,9.81655E+11,44.8678144,-93.63150972
242,2025-08-11-09-40-02-028,1754923202,242,9.82161E+11,44.86781449,-93.63150372
243,2025-08-11-09-40-02-539,1754923203,243,9.82668E+11,44.86781434,-93.6314975
244,2025-08-11-09-40-03-041,1754923203,244,9.83174E+11,44.86781433,-93.63149125
245,2025-08-11-09-40-03-547,1754923204,245,9.83681E+11,44.86781419,-93.63148464
246,2025-08-11-09-40-04-053,1754923204,246,9.84187E+11,44.86781413,-93.6314782
247,2025-08-11-09-40-04-560,1754923205,247,9.84694E+11,44.8678142,-93.63147182
248,2025-08-11-09-40-05-066,1754923205,248,9.85201E+11,44.86781419,-93.63146564
249,2025-08-11-09-40-05-573,1754923206,249,9.85707E+11,44.86781433,-93.63145934
250,2025-08-11-09-40-06-085,1754923206,250,9.86214E+11,44.86781446,-93.63145298
251,2025-08-11-09-40-06-587,1754923207,251,9.86721E+11,44.86781454,-93.63144672
252,2025-08-11-09-40-07-093,1754923207,252,9.87227E+11,44.8678147,-93.63144069
253,2025-08-11-09-40-07-600,1754923208,253,9.87734E+11,44.86781469,-93.6314347
254,2025-08-11-09-40-08-110,1754923208,254,9.8824E+11,44.86781481,-93.63142843
255,2025-08-11-09-40-08-613,1754923209,255,9.88747E+11,44.86781507,-93.63142109
256,2025-08-11-09-40-09-120,1754923209,256,9.89253E+11,44.86781524,-93.63141638
257,2025-08-11-09-40-09-625,1754923210,257,9.8976E+11,44.86781537,-93.63141002
258,2025-08-11-09-40-10-133,1754923210,258,9.90267E+11,44.86781531,-93.63140486
259,2025-08-11-09-40-10-642,1754923211,259,9.90773E+11,44.86781552,-93.63139978
260,2025-08-11-09-40-11-147,1754923211,260,9.9128E+11,44.86781552,-93.63139483
261,2025-08-11-09-40-11-654,1754923212,261,9.91786E+11,44.86781563,-93.63138966
262,2025-08-11-09-40-12-164,1754923212,262,9.92293E+11,44.86781569,-93.63138379
263,2025-08-11-09-40-12-665,1754923213,263,9.928E+11,44.86781573,-93.63137832
264,2025-08-11-09-40-13-176,1754923213,264,9.93306E+11,44.86781567,-93.63137277
265,2025-08-11-09-40-13-679,1754923214,265,9.93813E+11,44.86781545,-93.63136725
266,2025-08-11-09-40-14-187,1754923214,266,9.94319E+11,44.86781552,-93.63136159
267,2025-08-11-09-40-14-693,1754923215,267,9.94826E+11,44.86781547,-93.63135544
268,2025-08-11-09-40-15-198,1754923215,268,9.95333E+11,44.86781564,-93.63135008
269,2025-08-11-09-40-15-705,1754923216,269,9.95839E+11,44.86781565,-93.63134486
270,2025-08-11-09-40-16-212,1754923216,270,9.96346E+11,44.8678156,-93.63133862
271,2025-08-11-09-40-16-722,1754923217,271,9.96853E+11,44.86781566,-93.63133346
272,2025-08-11-09-40-17-225,1754923217,272,9.97359E+11,44.86781548,-93.63132832
273,2025-08-11-09-40-17-732,1754923218,273,9.97866E+11,44.86781539,-93.63132344
274,2025-08-11-09-40-18-243,1754923218,274,9.98373E+11,44.86781536,-93.63131858
275,2025-08-11-09-40-18-751,1754923219,275,9.98879E+11,44.86781533,-93.63131338
276,2025-08-11-09-40-19-257,1754923219,276,9.99386E+11,44.86781538,-93.63130787
277,2025-08-11-09-40-19-762,1754923220,277,9.99892E+11,44.86781516,-93.63130223
278,2025-08-11-09-40-20-270,1754923220,278,1.0004E+12,44.86781501,-93.63129694
279,2025-08-11-09-40-20-776,1754923221,279,1.00091E+12,44.8678151,-93.63129153
280,2025-08-11-09-40-21-282,1754923221,280,1.00141E+12,44.86781496,-93.63128559
281,2025-08-11-09-40-21-784,1754923222,281,1.00192E+12,44.86781537,-93.6312798
282,2025-08-11-09-40-22-293,1754923222,282,1.00243E+12,44.86781534,-93.63127418
283,2025-08-11-09-40-22-798,1754923223,283,1.00293E+12,44.86781551,-93.63126933
284,2025-08-11-09-40-23-306,1754923223,284,1.00344E+12,44.86781544,-93.63126462
285,2025-08-11-09-40-23-811,1754923224,285,1.00395E+12,44.86781528,-93.63125895
286,2025-08-11-09-40-24-324,1754923224,286,1.00445E+12,44.86781547,-93.63125409
287,2025-08-11-09-40-24-825,1754923225,287,1.00496E+12,44.86781543,-93.6312491
288,2025-08-11-09-40-25-332,1754923225,288,1.00547E+12,44.86781549,-93.63124432
289,2025-08-11-09-40-25-839,1754923226,289,1.00597E+12,44.86781541,-93.63123961
290,2025-08-11-09-40-26-344,1754923226,290,1.00648E+12,44.86781532,-93.63123492
291,2025-08-11-09-40-26-851,1754923227,291,1.00699E+12,44.86781537,-93.63123041
292,2025-08-11-09-40-27-358,1754923227,292,1.00749E+12,44.86781539,-93.63122566
293,2025-08-11-09-40-27-864,1754923228,293,1.008E+12,44.86781539,-93.63122061
294,2025-08-11-09-40-28-372,1754923228,294,1.00851E+12,44.86781534,-93.63121539
295,2025-08-11-09-40-28-880,1754923229,295,1.00901E+12,44.86781521,-93.63121011
296,2025-08-11-09-40-29-387,1754923229,296,1.00952E+12,44.86781516,-93.6312047
297,2025-08-11-09-40-29-891,1754923230,297,1.01003E+12,44.86781514,-93.63119892
298,2025-08-11-09-40-30-398,1754923230,298,1.01053E+12,44.86781501,-93.63119298
299,2025-08-11-09-40-30-908,1754923231,299,1.01104E+12,44.86781506,-93.63118702
300,2025-08-11-09-40-31-411,1754923231,300,1.01154E+12,44.8678148,-93.63118005
301,2025-08-11-09-40-31-918,1754923232,301,1.01205E+12,44.86781479,-93.63117432
302,2025-08-11-09-40-32-424,1754923232,302,1.01256E+12,44.86781487,-93.63116833
303,2025-08-11-09-40-32-936,1754923233,303,1.01306E+12,44.86781487,-93.63116244
304,2025-08-11-09-40-33-437,1754923233,304,1.01357E+12,44.86781504,-93.63115667
305,2025-08-11-09-40-33-943,1754923234,305,1.01408E+12,44.86781476,-93.63115059
306,2025-08-11-09-40-34-454,1754923234,306,1.01458E+12,44.8678149,-93.63114447
307,2025-08-11-09-40-34-961,1754923235,307,1.01509E+12,44.86781495,-93.63113828
308,2025-08-11-09-40-35-464,1754923235,308,1.0156E+12,44.8678151,-93.63113223
309,2025-08-11-09-40-35-974,1754923236,309,1.0161E+12,44.86781503,-93.63112617
310,2025-08-11-09-40-36-482,1754923236,310,1.01661E+12,44.86781504,-93.63112032
311,2025-08-11-09-40-36-985,1754923237,311,1.01712E+12,44.86781503,-93.63111464
312,2025-08-11-09-40-37-490,1754923237,312,1.01762E+12,44.8678151,-93.63110904
313,2025-08-11-09-40-38-000,1754923238,313,1.01813E+12,44.86781501,-93.63110335
314,2025-08-11-09-40-38-504,1754923239,314,1.01864E+12,44.86781528,-93.63109781
315,2025-08-11-09-40-39-011,1754923239,315,1.01914E+12,44.86781503,-93.63109164
316,2025-08-11-09-40-39-517,1754923240,316,1.01965E+12,44.86781502,-93.63108681
317,2025-08-11-09-40-40-023,1754923240,317,1.02016E+12,44.867815,-93.63108198
318,2025-08-11-09-40-40-530,1754923241,318,1.02066E+12,44.86781506,-93.63107651
319,2025-08-11-09-40-41-038,1754923241,319,1.02117E+12,44.86781539,-93.63107117
320,2025-08-11-09-40-41-543,1754923242,320,1.02168E+12,44.86781507,-93.63106578
321,2025-08-11-09-40-42-054,1754923242,321,1.02218E+12,44.86781509,-93.63106109
322,2025-08-11-09-40-42-558,1754923243,322,1.02269E+12,44.86781523,-93.63105653
323,2025-08-11-09-40-43-059,1754923243,323,1.0232E+12,44.86781532,-93.63105203
324,2025-08-11-09-40-43-571,1754923244,324,1.0237E+12,44.86781534,-93.63104725
325,2025-08-11-09-40-44-077,1754923244,325,1.02421E+12,44.86781523,-93.63104233
326,2025-08-11-09-40-44-584,1754923245,326,1.02472E+12,44.86781501,-93.6310375
327,2025-08-11-09-40-45-089,1754923245,327,1.02522E+12,44.86781525,-93.63103286
328,2025-08-11-09-40-45-597,1754923246,328,1.02573E+12,44.86781533,-93.63102816
329,2025-08-11-09-40-46-104,1754923246,329,1.02624E+12,44.8678153,-93.63102353
330,2025-08-11-09-40-46-609,1754923247,330,1.02674E+12,44.86781527,-93.63101848
331,2025-08-11-09-40-47-118,1754923247,331,1.02725E+12,44.86781526,-93.63101211
332,2025-08-11-09-40-47-624,1754923248,332,1.02776E+12,44.86781529,-93.63100693
333,2025-08-11-09-40-48-129,1754923248,333,1.02826E+12,44.8678152,-93.63100188
334,2025-08-11-09-40-48-638,1754923249,334,1.02877E+12,44.86781513,-93.63099733
335,2025-08-11-09-40-49-141,1754923249,335,1.02928E+12,44.86781516,-93.63099311
336,2025-08-11-09-40-49-654,1754923250,336,1.02978E+12,44.86781493,-93.63098884
337,2025-08-11-09-40-50-155,1754923250,337,1.03029E+12,44.86781468,-93.63098501
338,2025-08-11-09-40-50-662,1754923251,338,1.0308E+12,44.86781451,-93.63098096
339,2025-08-11-09-40-51-169,1754923251,339,1.0313E+12,44.86781444,-93.63097676
340,2025-08-11-09-40-51-677,1754923252,340,1.03181E+12,44.8678146,-93.63097266
341,2025-08-11-09-40-52-183,1754923252,341,1.03232E+12,44.86781443,-93.63096875
342,2025-08-11-09-40-52-689,1754923253,342,1.03282E+12,44.86781448,-93.63096526
343,2025-08-11-09-40-53-197,1754923253,343,1.03333E+12,44.8678145,-93.63096201
344,2025-08-11-09-40-53-703,1754923254,344,1.03384E+12,44.86781425,-93.63095866
345,2025-08-11-09-40-54-210,1754923254,345,1.03434E+12,44.86781416,-93.63095675
346,2025-08-11-09-40-54-716,1754923255,346,1.03485E+12,44.86781401,-93.63095353
347,2025-08-11-09-40-55-222,1754923255,347,1.03536E+12,44.86781399,-93.63094917
348,2025-08-11-09-40-55-729,1754923256,348,1.03586E+12,44.86781402,-93.63094267
349,2025-08-11-09-40-56-234,1754923256,349,1.03637E+12,44.86781329,-93.63093451
350,2025-08-11-09-40-56-744,1754923257,350,1.03688E+12,44.86781211,-93.6309263
351,2025-08-11-09-40-57-248,1754923257,351,1.03738E+12,44.86781106,-93.6309178
352,2025-08-11-09-40-57-755,1754923258,352,1.03789E+12,44.86780872,-93.63090899
353,2025-08-11-09-40-58-262,1754923258,353,1.0384E+12,44.86780666,-93.63089973
354,2025-08-11-09-40-58-769,1754923259,354,1.0389E+12,44.86780442,-93.63089015
355,2025-08-11-09-40-59-276,1754923259,355,1.03941E+12,44.86780343,-93.63087955
356,2025-08-11-09-40-59-783,1754923260,356,1.03992E+12,44.86780401,-93.6308685
357,2025-08-11-09-41-00-291,1754923260,357,1.04042E+12,44.86780678,-93.63085796
358,2025-08-11-09-41-00-796,1754923261,358,1.04093E+12,44.86781182,-93.63084876
359,2025-08-11-09-41-01-304,1754923261,359,1.04144E+12,44.86781871,-93.63084238
360,2025-08-11-09-41-01-809,1754923262,360,1.04194E+12,44.86782633,-93.63083885
361,2025-08-11-09-41-02-315,1754923262,361,1.04245E+12,44.86783589,-93.63083899
362,2025-08-11-09-41-02-824,1754923263,362,1.04296E+12,44.86784332,-93.63084311
363,2025-08-11-09-41-03-328,1754923263,363,1.04346E+12,44.86784987,-93.63084961
364,2025-08-11-09-41-03-836,1754923264,364,1.04397E+12,44.8678544,-93.63085876
365,2025-08-11-09-41-04-341,1754923264,365,1.04448E+12,44.86785727,-93.63086837
366,2025-08-11-09-41-04-849,1754923265,366,1.04498E+12,44.8678578,-93.63087821
367,2025-08-11-09-41-05-356,1754923265,367,1.04549E+12,44.86785656,-93.63088767
368,2025-08-11-09-41-05-863,1754923266,368,1.046E+12,44.86785394,-93.63089611
369,2025-08-11-09-41-06-369,1754923266,369,1.0465E+12,44.86785096,-93.63090372
370,2025-08-11-09-41-06-876,1754923267,370,1.04701E+12,44.86784831,-93.63091019
371,2025-08-11-09-41-07-382,1754923267,371,1.04752E+12,44.86784657,-93.63091569
372,2025-08-11-09-41-07-889,1754923268,372,1.04802E+12,44.86784526,-93.63092113
373,2025-08-11-09-41-08-395,1754923268,373,1.04853E+12,44.86784421,-93.63092706
374,2025-08-11-09-41-08-903,1754923269,374,1.04904E+12,44.86784286,-93.63093398
375,2025-08-11-09-41-09-408,1754923269,375,1.04954E+12,44.86784169,-93.63094141
376,2025-08-11-09-41-09-912,1754923270,376,1.05005E+12,44.86784151,-93.63094962
377,2025-08-11-09-41-10-420,1754923270,377,1.05056E+12,44.86784134,-93.63095614
378,2025-08-11-09-41-10-927,1754923271,378,1.05106E+12,44.8678411,-93.63096312
379,2025-08-11-09-41-11-436,1754923271,379,1.05157E+12,44.86784095,-93.63097048
380,2025-08-11-09-41-11-942,1754923272,380,1.05208E+12,44.86784137,-93.63097675
381,2025-08-11-09-41-12-450,1754923272,381,1.05258E+12,44.86784137,-93.63098145
382,2025-08-11-09-41-12-955,1754923273,382,1.05309E+12,44.8678417,-93.63098448
383,2025-08-11-09-41-13-462,1754923273,383,1.0536E+12,44.86784155,-93.63098761
384,2025-08-11-09-41-13-967,1754923274,384,1.0541E+12,44.86784155,-93.6309911
385,2025-08-11-09-41-14-475,1754923274,385,1.05461E+12,44.86784146,-93.63099567
386,2025-08-11-09-41-14-980,1754923275,386,1.05512E+12,44.86784132,-93.63100103
387,2025-08-11-09-41-15-487,1754923275,387,1.05562E+12,44.86784141,-93.63100648
388,2025-08-11-09-41-15-994,1754923276,388,1.05613E+12,44.86784159,-93.63101174
389,2025-08-11-09-41-16-500,1754923277,389,1.05663E+12,44.86784141,-93.63101654
390,2025-08-11-09-41-17-008,1754923277,390,1.05714E+12,44.8678415,-93.63102128
391,2025-08-11-09-41-17-513,1754923278,391,1.05765E+12,44.86784112,-93.63102721
392,2025-08-11-09-41-18-021,1754923278,392,1.05815E+12,44.86784147,-93.63103232
393,2025-08-11-09-41-18-527,1754923279,393,1.05866E+12,44.86784147,-93.63103663
394,2025-08-11-09-41-19-033,1754923279,394,1.05917E+12,44.86784137,-93.63104083
395,2025-08-11-09-41-19-541,1754923280,395,1.05967E+12,44.86784119,-93.63104449
396,2025-08-11-09-41-20-046,1754923280,396,1.06018E+12,44.86784124,-93.63104778
397,2025-08-11-09-41-20-553,1754923281,397,1.06069E+12,44.86784126,-93.63105089
398,2025-08-11-09-41-21-061,1754923281,398,1.06119E+12,44.86784111,-93.63105375
399,2025-08-11-09-41-21-566,1754923282,399,1.0617E+12,44.86784123,-93.63105697
400,2025-08-11-09-41-22-072,1754923282,400,1.06221E+12,44.86784125,-93.63106043
401,2025-08-11-09-41-22-579,1754923283,401,1.06271E+12,44.86784127,-93.6310644
402,2025-08-11-09-41-23-091,1754923283,402,1.06322E+12,44.86784111,-93.63106951
403,2025-08-11-09-41-23-592,1754923284,403,1.06373E+12,44.86784102,-93.63107545
404,2025-08-11-09-41-24-100,1754923284,404,1.06423E+12,44.86784111,-93.63108087
405,2025-08-11-09-41-24-607,1754923285,405,1.06474E+12,44.86784102,-93.63108563
406,2025-08-11-09-41-25-115,1754923285,406,1.06525E+12,44.86784114,-93.631088
407,2025-08-11-09-41-25-620,1754923286,407,1.06575E+12,44.86784104,-93.63109174
408,2025-08-11-09-41-26-125,1754923286,408,1.06626E+12,44.86784087,-93.63109598
409,2025-08-11-09-41-26-636,1754923287,409,1.06677E+12,44.86784089,-93.63110036
410,2025-08-11-09-41-27-139,1754923287,410,1.06727E+12,44.86784095,-93.6311056
411,2025-08-11-09-41-27-646,1754923288,411,1.06778E+12,44.86784103,-93.63111144
412,2025-08-11-09-41-28-152,1754923288,412,1.06829E+12,44.86784095,-93.63111734
413,2025-08-11-09-41-28-658,1754923289,413,1.06879E+12,44.86784084,-93.63112319
414,2025-08-11-09-41-29-165,1754923289,414,1.0693E+12,44.86784079,-93.63112822
415,2025-08-11-09-41-29-671,1754923290,415,1.06981E+12,44.8678409,-93.63113219
416,2025-08-11-09-41-30-178,1754923290,416,1.07031E+12,44.86784096,-93.63113545
417,2025-08-11-09-41-30-688,1754923291,417,1.07082E+12,44.867841,-93.63113881
418,2025-08-11-09-41-31-190,1754923291,418,1.07133E+12,44.86784097,-93.63114326
419,2025-08-11-09-41-31-699,1754923292,419,1.07183E+12,44.86784078,-93.63114818
420,2025-08-11-09-41-32-205,1754923292,420,1.07234E+12,44.8678409,-93.63115373
421,2025-08-11-09-41-32-713,1754923293,421,1.07285E+12,44.86784097,-93.63116035
422,2025-08-11-09-41-33-217,1754923293,422,1.07335E+12,44.86784099,-93.63116583
423,2025-08-11-09-41-33-725,1754923294,423,1.07386E+12,44.86784093,-93.63117104
424,2025-08-11-09-41-34-229,1754923294,424,1.07437E+12,44.8678409,-93.63117644
425,2025-08-11-09-41-34-738,1754923295,425,1.07487E+12,44.86784102,-93.63118186
426,2025-08-11-09-41-35-246,1754923295,426,1.07538E+12,44.8678411,-93.63118745
427,2025-08-11-09-41-35-751,1754923296,427,1.07589E+12,44.86784112,-93.63119321
428,2025-08-11-09-41-36-258,1754923296,428,1.07639E+12,44.86784094,-93.63119876
429,2025-08-11-09-41-36-763,1754923297,429,1.0769E+12,44.86784101,-93.63120377
430,2025-08-11-09-41-37-272,1754923297,430,1.07741E+12,44.86784115,-93.63120821
431,2025-08-11-09-41-37-778,1754923298,431,1.07791E+12,44.86784115,-93.63121211
432,2025-08-11-09-41-38-283,1754923298,432,1.07842E+12,44.86784119,-93.63121573
433,2025-08-11-09-41-38-791,1754923299,433,1.07893E+12,44.86784134,-93.63121952
434,2025-08-11-09-41-39-296,1754923299,434,1.07943E+12,44.86784115,-93.63122316
435,2025-08-11-09-41-39-805,1754923300,435,1.07994E+12,44.86784129,-93.63122674
436,2025-08-11-09-41-40-311,1754923300,436,1.08045E+12,44.86784121,-93.63123107
437,2025-08-11-09-41-40-816,1754923301,437,1.08095E+12,44.86784126,-93.63123494
438,2025-08-11-09-41-41-324,1754923301,438,1.08146E+12,44.86784117,-93.63123886
439,2025-08-11-09-41-41-831,1754923302,439,1.08196E+12,44.86784123,-93.63124305
440,2025-08-11-09-41-42-336,1754923302,440,1.08247E+12,44.86784125,-93.63124779
441,2025-08-11-09-41-42-843,1754923303,441,1.08298E+12,44.86784118,-93.63125253
442,2025-08-11-09-41-43-351,1754923303,442,1.08348E+12,44.86784115,-93.63125747
443,2025-08-11-09-41-43-858,1754923304,443,1.08399E+12,44.86784116,-93.63126305
444,2025-08-11-09-41-44-363,1754923304,444,1.0845E+12,44.86784112,-93.63126868
445,2025-08-11-09-41-44-871,1754923305,445,1.085E+12,44.86784106,-93.63127418
446,2025-08-11-09-41-45-376,1754923305,446,1.08551E+12,44.86784109,-93.63127872
447,2025-08-11-09-41-45-883,1754923306,447,1.08602E+12,44.86784108,-93.63128217
448,2025-08-11-09-41-46-390,1754923306,448,1.08652E+12,44.86784103,-93.63128499
449,2025-08-11-09-41-46-901,1754923307,449,1.08703E+12,44.86784106,-93.63128757
450,2025-08-11-09-41-47-405,1754923307,450,1.08754E+12,44.86784107,-93.63129003
451,2025-08-11-09-41-47-909,1754923308,451,1.08804E+12,44.86784111,-93.63129323
452,2025-08-11-09-41-48-416,1754923308,452,1.08855E+12,44.86784119,-93.63129633
453,2025-08-11-09-41-48-922,1754923309,453,1.08906E+12,44.86784114,-93.63129949
454,2025-08-11-09-41-49-429,1754923309,454,1.08956E+12,44.86784123,-93.63130268
455,2025-08-11-09-41-49-935,1754923310,455,1.09007E+12,44.86784123,-93.63130614
456,2025-08-11-09-41-50-442,1754923310,456,1.09058E+12,44.86784128,-93.63130933
457,2025-08-11-09-41-50-951,1754923311,457,1.09108E+12,44.86784122,-93.63131249
458,2025-08-11-09-41-51-457,1754923311,458,1.09159E+12,44.86784104,-93.63131601
459,2025-08-11-09-41-51-963,1754923312,459,1.0921E+12,44.86784097,-93.63131985
460,2025-08-11-09-41-52-469,1754923312,460,1.0926E+12,44.86784102,-93.63132403
461,2025-08-11-09-41-52-977,1754923313,461,1.09311E+12,44.86784096,-93.63132836
462,2025-08-11-09-41-53-483,1754923313,462,1.09362E+12,44.867841,-93.63133275
463,2025-08-11-09-41-53-990,1754923314,463,1.09412E+12,44.86784098,-93.63133707
464,2025-08-11-09-41-54-496,1754923314,464,1.09463E+12,44.86784087,-93.63134114
465,2025-08-11-09-41-55-001,1754923315,465,1.09514E+12,44.86784089,-93.63134491
466,2025-08-11-09-41-55-510,1754923316,466,1.09564E+12,44.86784084,-93.63134934
467,2025-08-11-09-41-56-015,1754923316,467,1.09615E+12,44.86784094,-93.63135317
468,2025-08-11-09-41-56-523,1754923317,468,1.09666E+12,44.86784098,-93.63135727
469,2025-08-11-09-41-57-031,1754923317,469,1.09716E+12,44.86784093,-93.6313616
470,2025-08-11-09-41-57-534,1754923318,470,1.09767E+12,44.86784119,-93.63136611
471,2025-08-11-09-41-58-046,1754923318,471,1.09818E+12,44.86784128,-93.63137042
472,2025-08-11-09-41-58-548,1754923319,472,1.09868E+12,44.86784129,-93.63137444
473,2025-08-11-09-41-59-054,1754923319,473,1.09919E+12,44.86784136,-93.63137802
474,2025-08-11-09-41-59-562,1754923320,474,1.0997E+12,44.86784145,-93.63138079
475,2025-08-11-09-42-00-068,1754923320,475,1.1002E+12,44.86784156,-93.63138376
476,2025-08-11-09-42-00-575,1754923321,476,1.10071E+12,44.86784164,-93.63138687
477,2025-08-11-09-42-01-082,1754923321,477,1.10122E+12,44.86784175,-93.63138964
478,2025-08-11-09-42-01-590,1754923322,478,1.10172E+12,44.86784188,-93.63139286
479,2025-08-11-09-42-02-096,1754923322,479,1.10223E+12,44.86784199,-93.6313962
480,2025-08-11-09-42-02-603,1754923323,480,1.10274E+12,44.867842,-93.63140033
481,2025-08-11-09-42-03-108,1754923323,481,1.10324E+12,44.86784221,-93.63140526
482,2025-08-11-09-42-03-616,1754923324,482,1.10375E+12,44.86784238,-93.63141167
483,2025-08-11-09-42-04-125,1754923324,483,1.10426E+12,44.8678426,-93.63141755
484,2025-08-11-09-42-04-632,1754923325,484,1.10476E+12,44.86784288,-93.63142274
485,2025-08-11-09-42-05-136,1754923325,485,1.10527E+12,44.86784289,-93.63142721
486,2025-08-11-09-42-05-641,1754923326,486,1.10578E+12,44.8678429,-93.63143076
487,2025-08-11-09-42-06-147,1754923326,487,1.10628E+12,44.8678428,-93.63143372
488,2025-08-11-09-42-06-654,1754923327,488,1.10679E+12,44.86784283,-93.63143644
489,2025-08-11-09-42-07-161,1754923327,489,1.1073E+12,44.86784269,-93.63143907
490,2025-08-11-09-42-07-669,1754923328,490,1.1078E+12,44.86784258,-93.63144171
491,2025-08-11-09-42-08-173,1754923328,491,1.10831E+12,44.86784262,-93.63144501
492,2025-08-11-09-42-08-681,1754923329,492,1.10882E+12,44.86784258,-93.63144821
493,2025-08-11-09-42-09-188,1754923329,493,1.10932E+12,44.86784262,-93.63145156
494,2025-08-11-09-42-09-695,1754923330,494,1.10983E+12,44.86784237,-93.63145606
495,2025-08-11-09-42-10-201,1754923330,495,1.11034E+12,44.86784233,-93.63146112
496,2025-08-11-09-42-10-708,1754923331,496,1.11084E+12,44.86784237,-93.63146775
497,2025-08-11-09-42-11-214,1754923331,497,1.11135E+12,44.86784243,-93.63147298
498,2025-08-11-09-42-11-722,1754923332,498,1.11186E+12,44.86784245,-93.6314779
499,2025-08-11-09-42-12-227,1754923332,499,1.11236E+12,44.86784223,-93.63148209
500,2025-08-11-09-42-12-734,1754923333,500,1.11287E+12,44.86784241,-93.63148562
501,2025-08-11-09-42-13-240,1754923333,501,1.11338E+12,44.86784229,-93.63148877
502,2025-08-11-09-42-13-747,1754923334,502,1.11388E+12,44.86784225,-93.63149197
503,2025-08-11-09-42-14-252,1754923334,503,1.11439E+12,44.86784217,-93.63149554
504,2025-08-11-09-42-14-759,1754923335,504,1.11489E+12,44.86784226,-93.63149966
505,2025-08-11-09-42-15-271,1754923335,505,1.1154E+12,44.86784216,-93.63150403
506,2025-08-11-09-42-15-774,1754923336,506,1.11591E+12,44.86784209,-93.63150894
507,2025-08-11-09-42-16-280,1754923336,507,1.11641E+12,44.8678424,-93.63151438
508,2025-08-11-09-42-16-786,1754923337,508,1.11692E+12,44.86784224,-93.63151974
509,2025-08-11-09-42-17-294,1754923337,509,1.11743E+12,44.86784222,-93.63152468
510,2025-08-11-09-42-17-800,1754923338,510,1.11793E+12,44.86784236,-93.63152963
511,2025-08-11-09-42-18-307,1754923338,511,1.11844E+12,44.86784226,-93.6315354
512,2025-08-11-09-42-18-814,1754923339,512,1.11895E+12,44.86784235,-93.63154002
513,2025-08-11-09-42-19-320,1754923339,513,1.11945E+12,44.86784222,-93.63154443
514,2025-08-11-09-42-19-830,1754923340,514,1.11996E+12,44.86784231,-93.63154867
515,2025-08-11-09-42-20-331,1754923340,515,1.12047E+12,44.86784212,-93.63155242
516,2025-08-11-09-42-20-839,1754923341,516,1.12097E+12,44.86784218,-93.63155647
517,2025-08-11-09-42-21-347,1754923341,517,1.12148E+12,44.86784208,-93.63156082
518,2025-08-11-09-42-21-853,1754923342,518,1.12199E+12,44.86784195,-93.63156541
519,2025-08-11-09-42-22-362,1754923342,519,1.12249E+12,44.8678418,-93.63157038
520,2025-08-11-09-42-22-866,1754923343,520,1.123E+12,44.86784185,-93.63157549
521,2025-08-11-09-42-23-372,1754923343,521,1.12351E+12,44.86784158,-93.63158083
522,2025-08-11-09-42-23-879,1754923344,522,1.12401E+12,44.86784154,-93.63158651
523,2025-08-11-09-42-24-386,1754923344,523,1.12452E+12,44.86784135,-93.63159209
524,2025-08-11-09-42-24-890,1754923345,524,1.12503E+12,44.86784138,-93.63159739
525,2025-08-11-09-42-25-402,1754923345,525,1.12553E+12,44.86784134,-93.63160184
526,2025-08-11-09-42-25-908,1754923346,526,1.12604E+12,44.86784135,-93.63160563
527,2025-08-11-09-42-26-411,1754923346,527,1.12655E+12,44.86784134,-93.63160988
528,2025-08-11-09-42-26-920,1754923347,528,1.12705E+12,44.86784141,-93.63161385
529,2025-08-11-09-42-27-425,1754923347,529,1.12756E+12,44.86784132,-93.63161831
530,2025-08-11-09-42-27-932,1754923348,530,1.12807E+12,44.86784113,-93.63162308
531,2025-08-11-09-42-28-438,1754923348,531,1.12857E+12,44.86784105,-93.63162841
532,2025-08-11-09-42-28-945,1754923349,532,1.12908E+12,44.867841,-93.63163443
533,2025-08-11-09-42-29-450,1754923349,533,1.12959E+12,44.8678409,-93.63164064
534,2025-08-11-09-42-29-958,1754923350,534,1.13009E+12,44.86784069,-93.63164665
535,2025-08-11-09-42-30-466,1754923350,535,1.1306E+12,44.86784056,-93.63165253
536,2025-08-11-09-42-30-971,1754923351,536,1.13111E+12,44.8678404,-93.63165777
537,2025-08-11-09-42-31-479,1754923351,537,1.13161E+12,44.86784058,-93.63166234
538,2025-08-11-09-42-31-985,1754923352,538,1.13212E+12,44.8678405,-93.63166621
539,2025-08-11-09-42-32-491,1754923352,539,1.13263E+12,44.86784036,-93.63167034
540,2025-08-11-09-42-32-998,1754923353,540,1.13313E+12,44.86784025,-93.63167452
541,2025-08-11-09-42-33-504,1754923354,541,1.13364E+12,44.86784032,-93.63168015
542,2025-08-11-09-42-34-011,1754923354,542,1.13415E+12,44.86784036,-93.63168521
543,2025-08-11-09-42-34-517,1754923355,543,1.13465E+12,44.86784032,-93.63169102
544,2025-08-11-09-42-35-024,1754923355,544,1.13516E+12,44.86784029,-93.63169722
545,2025-08-11-09-42-35-532,1754923356,545,1.13567E+12,44.86784013,-93.63170359
546,2025-08-11-09-42-36-038,1754923356,546,1.13617E+12,44.86784028,-93.6317099
547,2025-08-11-09-42-36-547,1754923357,547,1.13668E+12,44.86784032,-93.63171603
548,2025-08-11-09-42-37-050,1754923357,548,1.13719E+12,44.86784025,-93.63172245
549,2025-08-11-09-42-37-557,1754923358,549,1.13769E+12,44.86784029,-93.6317283
550,2025-08-11-09-42-38-063,1754923358,550,1.1382E+12,44.8678401,-93.63173377
551,2025-08-11-09-42-38-570,1754923359,551,1.13871E+12,44.86784022,-93.63173874
552,2025-08-11-09-42-39-076,1754923359,552,1.13921E+12,44.86784027,-93.63174278
553,2025-08-11-09-42-39-585,1754923360,553,1.13972E+12,44.86784027,-93.63174621
554,2025-08-11-09-42-40-092,1754923360,554,1.14023E+12,44.86784019,-93.63174987
555,2025-08-11-09-42-40-597,1754923361,555,1.14073E+12,44.86784031,-93.63175375
556,2025-08-11-09-42-41-103,1754923361,556,1.14124E+12,44.86784022,-93.63175824
557,2025-08-11-09-42-41-610,1754923362,557,1.14175E+12,44.86784035,-93.63176461
558,2025-08-11-09-42-42-116,1754923362,558,1.14225E+12,44.86784041,-93.63177002
559,2025-08-11-09-42-42-623,1754923363,559,1.14276E+12,44.86784031,-93.63177547
560,2025-08-11-09-42-43-129,1754923363,560,1.14326E+12,44.86784044,-93.63178061
561,2025-08-11-09-42-43-636,1754923364,561,1.14377E+12,44.86784039,-93.63178572
562,2025-08-11-09-42-44-142,1754923364,562,1.14428E+12,44.86784061,-93.63179135
563,2025-08-11-09-42-44-650,1754923365,563,1.14478E+12,44.86784059,-93.63179716
564,2025-08-11-09-42-45-157,1754923365,564,1.14529E+12,44.86784058,-93.63180311
565,2025-08-11-09-42-45-661,1754923366,565,1.1458E+12,44.86784051,-93.63180834
566,2025-08-11-09-42-46-170,1754923366,566,1.1463E+12,44.86784055,-93.63181302
567,2025-08-11-09-42-46-675,1754923367,567,1.14681E+12,44.86784059,-93.63181743
568,2025-08-11-09-42-47-183,1754923367,568,1.14732E+12,44.86784078,-93.63182151
569,2025-08-11-09-42-47-690,1754923368,569,1.14782E+12,44.86784068,-93.63182569
570,2025-08-11-09-42-48-197,1754923368,570,1.14833E+12,44.86784082,-93.6318303
571,2025-08-11-09-42-48-703,1754923369,571,1.14884E+12,44.86784078,-93.63183545
572,2025-08-11-09-42-49-209,1754923369,572,1.14934E+12,44.8678407,-93.63184231
573,2025-08-11-09-42-49-717,1754923370,573,1.14985E+12,44.86784059,-93.63184785
574,2025-08-11-09-42-50-221,1754923370,574,1.15036E+12,44.86784051,-93.63185369
575,2025-08-11-09-42-50-729,1754923371,575,1.15086E+12,44.86784048,-93.63185863
576,2025-08-11-09-42-51-235,1754923371,576,1.15137E+12,44.86784049,-93.631862
577,2025-08-11-09-42-51-743,1754923372,577,1.15188E+12,44.86784051,-93.63186446
578,2025-08-11-09-42-52-249,1754923372,578,1.15238E+12,44.86784057,-93.63186733
579,2025-08-11-09-42-52-756,1754923373,579,1.15289E+12,44.86784044,-93.6318714
580,2025-08-11-09-42-53-263,1754923373,580,1.1534E+12,44.86784022,-93.63187582
581,2025-08-11-09-42-53-767,1754923374,581,1.1539E+12,44.86784022,-93.63188055
582,2025-08-11-09-42-54-275,1754923374,582,1.15441E+12,44.86784025,-93.6318855
583,2025-08-11-09-42-54-782,1754923375,583,1.15492E+12,44.86784041,-93.63188967
584,2025-08-11-09-42-55-288,1754923375,584,1.15542E+12,44.8678405,-93.63189309
585,2025-08-11-09-42-55-794,1754923376,585,1.15593E+12,44.86784047,-93.63189713
586,2025-08-11-09-42-56-301,1754923376,586,1.15644E+12,44.86784046,-93.63190178
587,2025-08-11-09-42-56-808,1754923377,587,1.15694E+12,44.8678405,-93.63190645
588,2025-08-11-09-42-57-313,1754923377,588,1.15745E+12,44.86784052,-93.63191245
589,2025-08-11-09-42-57-820,1754923378,589,1.15796E+12,44.8678404,-93.63191798
590,2025-08-11-09-42-58-328,1754923378,590,1.15846E+12,44.86784069,-93.6319236
591,2025-08-11-09-42-58-833,1754923379,591,1.15897E+12,44.86784068,-93.63192891
592,2025-08-11-09-42-59-341,1754923379,592,1.15948E+12,44.8678406,-93.63193343
593,2025-08-11-09-42-59-846,1754923380,593,1.15998E+12,44.86784076,-93.63193654
594,2025-08-11-09-43-00-353,1754923380,594,1.16049E+12,44.86784067,-93.63193952
595,2025-08-11-09-43-00-860,1754923381,595,1.161E+12,44.86784065,-93.63194343
596,2025-08-11-09-43-01-367,1754923381,596,1.1615E+12,44.86784073,-93.63194817
597,2025-08-11-09-43-01-875,1754923382,597,1.16201E+12,44.8678408,-93.63195321
598,2025-08-11-09-43-02-380,1754923382,598,1.16251E+12,44.8678408,-93.63195826
599,2025-08-11-09-43-02-887,1754923383,599,1.16302E+12,44.86784075,-93.63196301
600,2025-08-11-09-43-03-393,1754923383,600,1.16353E+12,44.86784085,-93.63196699
601,2025-08-11-09-43-03-901,1754923384,601,1.16403E+12,44.86784109,-93.63197112
602,2025-08-11-09-43-04-406,1754923384,602,1.16454E+12,44.86784108,-93.63197592
603,2025-08-11-09-43-04-912,1754923385,603,1.16505E+12,44.86784104,-93.63198284
604,2025-08-11-09-43-05-420,1754923385,604,1.16555E+12,44.86784096,-93.63198815
605,2025-08-11-09-43-05-926,1754923386,605,1.16606E+12,44.86784112,-93.63199326
606,2025-08-11-09-43-06-432,1754923386,606,1.16657E+12,44.86784114,-93.63199768
607,2025-08-11-09-43-06-939,1754923387,607,1.16707E+12,44.8678411,-93.63200183
608,2025-08-11-09-43-07-445,1754923387,608,1.16758E+12,44.86784119,-93.63200531
609,2025-08-11-09-43-07-951,1754923388,609,1.16809E+12,44.86784124,-93.63200952
610,2025-08-11-09-43-08-457,1754923388,610,1.16859E+12,44.86784146,-93.63201466
611,2025-08-11-09-43-08-966,1754923389,611,1.1691E+12,44.86784145,-93.63202036
612,2025-08-11-09-43-09-472,1754923389,612,1.16961E+12,44.86784141,-93.63202562
613,2025-08-11-09-43-09-979,1754923390,613,1.17011E+12,44.86784149,-93.6320306
614,2025-08-11-09-43-10-486,1754923390,614,1.17062E+12,44.86784139,-93.63203486
615,2025-08-11-09-43-10-992,1754923391,615,1.17113E+12,44.86784144,-93.63203903
616,2025-08-11-09-43-11-499,1754923391,616,1.17163E+12,44.86784136,-93.6320428
617,2025-08-11-09-43-12-005,1754923392,617,1.17214E+12,44.86784133,-93.63204719
618,2025-08-11-09-43-12-513,1754923393,618,1.17265E+12,44.86784123,-93.6320525
619,2025-08-11-09-43-13-017,1754923393,619,1.17315E+12,44.86784117,-93.63205701
620,2025-08-11-09-43-13-525,1754923394,620,1.17366E+12,44.86784104,-93.63206158
621,2025-08-11-09-43-14-031,1754923394,621,1.17417E+12,44.86784113,-93.63206604
622,2025-08-11-09-43-14-538,1754923395,622,1.17467E+12,44.86784112,-93.6320701
623,2025-08-11-09-43-15-046,1754923395,623,1.17518E+12,44.86784117,-93.63207419
624,2025-08-11-09-43-15-550,1754923396,624,1.17569E+12,44.8678411,-93.63207817
625,2025-08-11-09-43-16-058,1754923396,625,1.17619E+12,44.86784131,-93.63208202
626,2025-08-11-09-43-16-564,1754923397,626,1.1767E+12,44.86784117,-93.63208612
627,2025-08-11-09-43-17-071,1754923397,627,1.17721E+12,44.8678413,-93.6320903
628,2025-08-11-09-43-17-578,1754923398,628,1.17771E+12,44.86784146,-93.6320943
629,2025-08-11-09-43-18-085,1754923398,629,1.17822E+12,44.86784152,-93.63209824
630,2025-08-11-09-43-18-593,1754923399,630,1.17873E+12,44.86784151,-93.63210188
631,2025-08-11-09-43-19-097,1754923399,631,1.17923E+12,44.86784151,-93.63210544
632,2025-08-11-09-43-19-605,1754923400,632,1.17974E+12,44.86784142,-93.63210856
633,2025-08-11-09-43-20-110,1754923400,633,1.18025E+12,44.8678414,-93.63211224
634,2025-08-11-09-43-20-617,1754923401,634,1.18075E+12,44.86784145,-93.63211539
635,2025-08-11-09-43-21-124,1754923401,635,1.18126E+12,44.86784141,-93.63211913
636,2025-08-11-09-43-21-631,1754923402,636,1.18177E+12,44.86784146,-93.63212304
637,2025-08-11-09-43-22-137,1754923402,637,1.18227E+12,44.86784155,-93.63212724
638,2025-08-11-09-43-22-644,1754923403,638,1.18278E+12,44.86784156,-93.63213165
639,2025-08-11-09-43-23-151,1754923403,639,1.18329E+12,44.86784146,-93.63213612
640,2025-08-11-09-43-23-658,1754923404,640,1.18379E+12,44.8678415,-93.6321403
641,2025-08-11-09-43-24-163,1754923404,641,1.1843E+12,44.86784155,-93.63214403
642,2025-08-11-09-43-24-671,1754923405,642,1.18481E+12,44.8678415,-93.63214754
643,2025-08-11-09-43-25-177,1754923405,643,1.18531E+12,44.86784142,-93.63215135
644,2025-08-11-09-43-25-683,1754923406,644,1.18582E+12,44.86784146,-93.63215624
645,2025-08-11-09-43-26-190,1754923406,645,1.18633E+12,44.86784143,-93.63216214
646,2025-08-11-09-43-26-698,1754923407,646,1.18683E+12,44.86784136,-93.63216835
647,2025-08-11-09-43-27-204,1754923407,647,1.18734E+12,44.86784147,-93.63217394
648,2025-08-11-09-43-27-710,1754923408,648,1.18785E+12,44.86784145,-93.63217899
649,2025-08-11-09-43-28-217,1754923408,649,1.18835E+12,44.86784137,-93.6321846
650,2025-08-11-09-43-28-724,1754923409,650,1.18886E+12,44.86784126,-93.63218888
651,2025-08-11-09-43-29-230,1754923409,651,1.18937E+12,44.8678415,-93.63219301
652,2025-08-11-09-43-29-737,1754923410,652,1.18987E+12,44.86784144,-93.6321968
653,2025-08-11-09-43-30-243,1754923410,653,1.19038E+12,44.86784166,-93.63220066
654,2025-08-11-09-43-30-750,1754923411,654,1.19089E+12,44.86784172,-93.63220445
655,2025-08-11-09-43-31-256,1754923411,655,1.19139E+12,44.86784178,-93.63220821
656,2025-08-11-09-43-31-764,1754923412,656,1.1919E+12,44.86784178,-93.63221211
657,2025-08-11-09-43-32-269,1754923412,657,1.19241E+12,44.86784176,-93.63221657
658,2025-08-11-09-43-32-777,1754923413,658,1.19291E+12,44.86784196,-93.6322218
659,2025-08-11-09-43-33-282,1754923413,659,1.19342E+12,44.86784202,-93.63222727
660,2025-08-11-09-43-33-789,1754923414,660,1.19393E+12,44.86784211,-93.63223259
661,2025-08-11-09-43-34-296,1754923414,661,1.19443E+12,44.86784227,-93.63223789
662,2025-08-11-09-43-34-802,1754923415,662,1.19494E+12,44.86784221,-93.63224252
663,2025-08-11-09-43-35-309,1754923415,663,1.19545E+12,44.8678423,-93.63224709
664,2025-08-11-09-43-35-815,1754923416,664,1.19595E+12,44.86784238,-93.63225183
665,2025-08-11-09-43-36-323,1754923416,665,1.19646E+12,44.86784235,-93.63225573
666,2025-08-11-09-43-36-830,1754923417,666,1.19696E+12,44.8678423,-93.63225909
667,2025-08-11-09-43-37-336,1754923417,667,1.19747E+12,44.86784229,-93.6322624
668,2025-08-11-09-43-37-843,1754923418,668,1.19798E+12,44.86784228,-93.63226548
669,2025-08-11-09-43-38-348,1754923418,669,1.19848E+12,44.86784217,-93.63226766
670,2025-08-11-09-43-38-856,1754923419,670,1.19899E+12,44.86784213,-93.6322693
671,2025-08-11-09-43-39-364,1754923419,671,1.1995E+12,44.86784222,-93.63227159
672,2025-08-11-09-43-39-869,1754923420,672,1.2E+12,44.86784209,-93.63227472
673,2025-08-11-09-43-40-377,1754923420,673,1.20051E+12,44.86784212,-93.63227855
674,2025-08-11-09-43-40-881,1754923421,674,1.20102E+12,44.86784204,-93.63228284
675,2025-08-11-09-43-41-390,1754923421,675,1.20152E+12,44.86784198,-93.63228715
676,2025-08-11-09-43-41-895,1754923422,676,1.20203E+12,44.8678419,-93.63229141
677,2025-08-11-09-43-42-401,1754923422,677,1.20254E+12,44.86784191,-93.63229531
678,2025-08-11-09-43-42-908,1754923423,678,1.20304E+12,44.86784186,-93.63229912
679,2025-08-11-09-43-43-416,1754923423,679,1.20355E+12,44.8678417,-93.63230166
680,2025-08-11-09-43-43-921,1754923424,680,1.20406E+12,44.86784167,-93.63230484
681,2025-08-11-09-43-44-428,1754923424,681,1.20456E+12,44.86784156,-93.63230884
682,2025-08-11-09-43-44-937,1754923425,682,1.20507E+12,44.86784159,-93.63231333
683,2025-08-11-09-43-45-442,1754923425,683,1.20558E+12,44.86784147,-93.6323176
684,2025-08-11-09-43-45-949,1754923426,684,1.20608E+12,44.86784151,-93.63232146
685,2025-08-11-09-43-46-456,1754923426,685,1.20659E+12,44.86784146,-93.63232562
686,2025-08-11-09-43-46-961,1754923427,686,1.2071E+12,44.86784146,-93.63233003
687,2025-08-11-09-43-47-469,1754923427,687,1.2076E+12,44.86784141,-93.63233497
688,2025-08-11-09-43-47-975,1754923428,688,1.20811E+12,44.86784149,-93.63233976
689,2025-08-11-09-43-48-482,1754923428,689,1.20862E+12,44.86784133,-93.63234424
690,2025-08-11-09-43-48-988,1754923429,690,1.20912E+12,44.8678412,-93.63234885
691,2025-08-11-09-43-49-495,1754923429,691,1.20963E+12,44.86784128,-93.63235378
692,2025-08-11-09-43-50-000,1754923430,692,1.21014E+12,44.86784127,-93.63235958
693,2025-08-11-09-43-50-508,1754923431,693,1.21064E+12,44.86784124,-93.63236435
694,2025-08-11-09-43-51-015,1754923431,694,1.21115E+12,44.8678413,-93.63236909
695,2025-08-11-09-43-51-521,1754923432,695,1.21166E+12,44.86784127,-93.63237369
696,2025-08-11-09-43-52-029,1754923432,696,1.21216E+12,44.86784126,-93.63237881
697,2025-08-11-09-43-52-535,1754923433,697,1.21267E+12,44.86784138,-93.63238383
698,2025-08-11-09-43-53-041,1754923433,698,1.21318E+12,44.86784144,-93.63238845
699,2025-08-11-09-43-53-549,1754923434,699,1.21368E+12,44.86784153,-93.63239264
700,2025-08-11-09-43-54-055,1754923434,700,1.21419E+12,44.86784152,-93.63239644
701,2025-08-11-09-43-54-562,1754923435,701,1.2147E+12,44.86784162,-93.63240018
702,2025-08-11-09-43-55-067,1754923435,702,1.2152E+12,44.86784159,-93.63240463
703,2025-08-11-09-43-55-575,1754923436,703,1.21571E+12,44.86784157,-93.63240997
704,2025-08-11-09-43-56-082,1754923436,704,1.21622E+12,44.86784143,-93.63241598
705,2025-08-11-09-43-56-586,1754923437,705,1.21672E+12,44.8678415,-93.63242232
706,2025-08-11-09-43-57-096,1754923437,706,1.21723E+12,44.8678414,-93.63242876
707,2025-08-11-09-43-57-601,1754923438,707,1.21774E+12,44.86784132,-93.63243538
708,2025-08-11-09-43-58-106,1754923438,708,1.21824E+12,44.86784105,-93.63244338
709,2025-08-11-09-43-58-613,1754923439,709,1.21875E+12,44.86784084,-93.6324502
710,2025-08-11-09-43-59-121,1754923439,710,1.21926E+12,44.86784074,-93.63245731
711,2025-08-11-09-43-59-626,1754923440,711,1.21976E+12,44.86784045,-93.63246507
712,2025-08-11-09-44-00-131,1754923440,712,1.22027E+12,44.86783936,-93.63247451
713,2025-08-11-09-44-00-640,1754923441,713,1.22078E+12,44.86783778,-93.63248453
714,2025-08-11-09-44-01-148,1754923441,714,1.22128E+12,44.8678338,-93.63249379
715,2025-08-11-09-44-01-654,1754923442,715,1.22179E+12,44.86782803,-93.63250095
716,2025-08-11-09-44-02-160,1754923442,716,1.2223E+12,44.86782157,-93.63250479
717,2025-08-11-09-44-02-667,1754923443,717,1.2228E+12,44.8678156,-93.6325058
718,2025-08-11-09-44-03-174,1754923443,718,1.22331E+12,44.86781117,-93.63250527
719,2025-08-11-09-44-03-681,1754923444,719,1.22382E+12,44.86780849,-93.6325044
720,2025-08-11-09-44-04-188,1754923444,720,1.22432E+12,44.86780863,-93.63250455
721,2025-08-11-09-44-04-693,1754923445,721,1.22483E+12,44.8678086,-93.63250446
722,2025-08-11-09-44-05-200,1754923445,722,1.22534E+12,44.86780875,-93.63250456
723,2025-08-11-09-44-05-706,1754923446,723,1.22584E+12,44.86780883,-93.63250456
724,2025-08-11-09-44-06-213,1754923446,724,1.22635E+12,44.8678088,-93.63250457
725,2025-08-11-09-44-06-719,1754923447,725,1.22686E+12,44.86780885,-93.63250453
726,2025-08-11-09-44-07-225,1754923447,726,1.22736E+12,44.86780885,-93.63250452
727,2025-08-11-09-44-07-733,1754923448,727,1.22787E+12,44.8678088,-93.63250458
728,2025-08-11-09-44-08-240,1754923448,728,1.22838E+12,44.8678088,-93.63250459
729,2025-08-11-09-44-08-747,1754923449,729,1.22888E+12,44.86780882,-93.63250459
730,2025-08-11-09-44-09-256,1754923449,730,1.22939E+12,44.86780881,-93.63250459
731,2025-08-11-09-44-09-762,1754923450,731,1.2299E+12,44.86780883,-93.63250458
732,2025-08-11-09-44-10-267,1754923450,732,1.2304E+12,44.86780883,-93.63250456
733,2025-08-11-09-44-10-778,1754923451,733,1.23091E+12,44.86780881,-93.63250459
734,2025-08-11-09-44-11-285,1754923451,734,1.23142E+12,44.86780879,-93.6325046
735,2025-08-11-09-44-11-785,1754923452,735,1.23192E+12,44.86780886,-93.63250465
736,2025-08-11-09-44-12-292,1754923452,736,1.23243E+12,44.86780898,-93.63250464
737,2025-08-11-09-44-12-799,1754923453,737,1.23293E+12,44.86781016,-93.63250477
738,2025-08-11-09-44-13-305,1754923453,738,1.23344E+12,44.86781334,-93.63250475
739,2025-08-11-09-44-13-812,1754923454,739,1.23395E+12,44.86781776,-93.63250416
740,2025-08-11-09-44-14-318,1754923454,740,1.23445E+12,44.86782239,-93.63250286
741,2025-08-11-09-44-14-826,1754923455,741,1.23496E+12,44.86782784,-93.63250256
742,2025-08-11-09-44-15-332,1754923455,742,1.23547E+12,44.86783412,-93.63250113
743,2025-08-11-09-44-15-838,1754923456,743,1.23597E+12,44.86784151,-93.63249979
744,2025-08-11-09-44-16-346,1754923456,744,1.23648E+12,44.86785027,-93.63249696
745,2025-08-11-09-44-16-851,1754923457,745,1.23699E+12,44.86785898,-93.632495
746,2025-08-11-09-44-17-356,1754923457,746,1.23749E+12,44.86786651,-93.63249273
747,2025-08-11-09-44-17-864,1754923458,747,1.238E+12,44.86787106,-93.63249207
748,2025-08-11-09-44-18-374,1754923458,748,1.23851E+12,44.86787297,-93.63249191
749,2025-08-11-09-44-18-879,1754923459,749,1.23901E+12,44.867873,-93.63249184
750,2025-08-11-09-44-19-391,1754923459,750,1.23952E+12,44.86787302,-93.63249185
751,2025-08-11-09-44-19-892,1754923460,751,1.24003E+12,44.86787309,-93.6324918
752,2025-08-11-09-44-20-402,1754923460,752,1.24053E+12,44.86787317,-93.6324918
753,2025-08-11-09-44-20-906,1754923461,753,1.24104E+12,44.86787274,-93.63249187
754,2025-08-11-09-44-21-416,1754923461,754,1.24155E+12,44.86787132,-93.63249197
755,2025-08-11-09-44-21-923,1754923462,755,1.24205E+12,44.8678691,-93.63249204
756,2025-08-11-09-44-22-425,1754923462,756,1.24256E+12,44.86786606,-93.63249166
757,2025-08-11-09-44-22-933,1754923463,757,1.24307E+12,44.86786232,-93.63249057
758,2025-08-11-09-44-23-437,1754923463,758,1.24357E+12,44.86785845,-93.63248786
759,2025-08-11-09-44-23-944,1754923464,759,1.24408E+12,44.86785509,-93.63248464
760,2025-08-11-09-44-24-450,1754923464,760,1.24459E+12,44.86785227,-93.63248091
761,2025-08-11-09-44-24-957,1754923465,761,1.24509E+12,44.86785001,-93.63247732
762,2025-08-11-09-44-25-464,1754923465,762,1.2456E+12,44.8678484,-93.63247337
763,2025-08-11-09-44-25-970,1754923466,763,1.24611E+12,44.86784704,-93.63246934
764,2025-08-11-09-44-26-477,1754923466,764,1.24661E+12,44.86784621,-93.63246577
765,2025-08-11-09-44-26-985,1754923467,765,1.24712E+12,44.86784583,-93.63246247
766,2025-08-11-09-44-27-490,1754923467,766,1.24763E+12,44.86784538,-93.63245951
767,2025-08-11-09-44-27-997,1754923468,767,1.24813E+12,44.86784509,-93.63245736
768,2025-08-11-09-44-28-503,1754923469,768,1.24864E+12,44.86784478,-93.63245552
769,2025-08-11-09-44-29-009,1754923469,769,1.24915E+12,44.86784468,-93.63245371
770,2025-08-11-09-44-29-516,1754923470,770,1.24965E+12,44.86784466,-93.63245117
771,2025-08-11-09-44-30-025,1754923470,771,1.25016E+12,44.86784436,-93.63244878
772,2025-08-11-09-44-30-529,1754923471,772,1.25067E+12,44.86784422,-93.63244641
773,2025-08-11-09-44-31-037,1754923471,773,1.25117E+12,44.86784406,-93.63244392
774,2025-08-11-09-44-31-544,1754923472,774,1.25168E+12,44.86784386,-93.63244163
775,2025-08-11-09-44-32-050,1754923472,775,1.25219E+12,44.86784357,-93.63243912
776,2025-08-11-09-44-32-556,1754923473,776,1.25269E+12,44.86784329,-93.6324359
777,2025-08-11-09-44-33-065,1754923473,777,1.2532E+12,44.86784298,-93.63243202
778,2025-08-11-09-44-33-570,1754923474,778,1.25371E+12,44.86784281,-93.63242746
779,2025-08-11-09-44-34-077,1754923474,779,1.25421E+12,44.86784242,-93.63242261
780,2025-08-11-09-44-34-584,1754923475,780,1.25472E+12,44.86784225,-93.63241772
781,2025-08-11-09-44-35-090,1754923475,781,1.25523E+12,44.86784207,-93.63241302
782,2025-08-11-09-44-35-597,1754923476,782,1.25573E+12,44.86784208,-93.6324087
783,2025-08-11-09-44-36-103,1754923476,783,1.25624E+12,44.86784193,-93.63240491
784,2025-08-11-09-44-36-609,1754923477,784,1.25675E+12,44.86784189,-93.63240136
785,2025-08-11-09-44-37-116,1754923477,785,1.25725E+12,44.86784181,-93.63239863
786,2025-08-11-09-44-37-622,1754923478,786,1.25776E+12,44.86784167,-93.63239595
787,2025-08-11-09-44-38-129,1754923478,787,1.25827E+12,44.86784167,-93.63239321
788,2025-08-11-09-44-38-636,1754923479,788,1.25877E+12,44.86784152,-93.63239001
789,2025-08-11-09-44-39-142,1754923479,789,1.25928E+12,44.86784145,-93.63238583
790,2025-08-11-09-44-39-649,1754923480,790,1.25979E+12,44.86784152,-93.63238118
791,2025-08-11-09-44-40-157,1754923480,791,1.26029E+12,44.86784148,-93.63237697
792,2025-08-11-09-44-40-662,1754923481,792,1.2608E+12,44.86784148,-93.63237304
793,2025-08-11-09-44-41-169,1754923481,793,1.26131E+12,44.86784139,-93.63236951
794,2025-08-11-09-44-41-677,1754923482,794,1.26181E+12,44.86784131,-93.63236649
795,2025-08-11-09-44-42-184,1754923482,795,1.26232E+12,44.86784138,-93.63236384
796,2025-08-11-09-44-42-689,1754923483,796,1.26283E+12,44.8678412,-93.63236117
797,2025-08-11-09-44-43-197,1754923483,797,1.26333E+12,44.86784118,-93.63235859
798,2025-08-11-09-44-43-702,1754923484,798,1.26384E+12,44.86784123,-93.63235617
799,2025-08-11-09-44-44-206,1754923484,799,1.26435E+12,44.86784121,-93.63235358
800,2025-08-11-09-44-44-715,1754923485,800,1.26485E+12,44.86784119,-93.6323522
801,2025-08-11-09-44-45-222,1754923485,801,1.26536E+12,44.8678412,-93.63235081
802,2025-08-11-09-44-45-729,1754923486,802,1.26587E+12,44.86784122,-93.63234948
803,2025-08-11-09-44-46-235,1754923486,803,1.26637E+12,44.8678413,-93.6323476
804,2025-08-11-09-44-46-742,1754923487,804,1.26688E+12,44.8678413,-93.63234429
805,2025-08-11-09-44-47-248,1754923487,805,1.26738E+12,44.86784127,-93.6323399
806,2025-08-11-09-44-47-756,1754923488,806,1.26789E+12,44.86784128,-93.63233556
807,2025-08-11-09-44-48-263,1754923488,807,1.2684E+12,44.86784125,-93.63233135
808,2025-08-11-09-44-48-769,1754923489,808,1.2689E+12,44.86784127,-93.6323274
809,2025-08-11-09-44-49-275,1754923489,809,1.26941E+12,44.86784121,-93.63232419
810,2025-08-11-09-44-49-783,1754923490,810,1.26992E+12,44.86784129,-93.63232122
811,2025-08-11-09-44-50-288,1754923490,811,1.27042E+12,44.86784129,-93.63231879
812,2025-08-11-09-44-50-796,1754923491,812,1.27093E+12,44.86784121,-93.63231646
813,2025-08-11-09-44-51-302,1754923491,813,1.27144E+12,44.86784116,-93.63231374
814,2025-08-11-09-44-51-808,1754923492,814,1.27194E+12,44.86784111,-93.63230939
815,2025-08-11-09-44-52-315,1754923492,815,1.27245E+12,44.86784115,-93.6323055
816,2025-08-11-09-44-52-822,1754923493,816,1.27296E+12,44.86784111,-93.63230107
817,2025-08-11-09-44-53-329,1754923493,817,1.27346E+12,44.86784087,-93.63229618
818,2025-08-11-09-44-53-833,1754923494,818,1.27397E+12,44.86784078,-93.63229092
819,2025-08-11-09-44-54-342,1754923494,819,1.27448E+12,44.86784062,-93.63228602
820,2025-08-11-09-44-54-849,1754923495,820,1.27498E+12,44.86784077,-93.63228181
821,2025-08-11-09-44-55-356,1754923495,821,1.27549E+12,44.86784079,-93.63227825
822,2025-08-11-09-44-55-862,1754923496,822,1.276E+12,44.86784092,-93.6322752
823,2025-08-11-09-44-56-368,1754923496,823,1.2765E+12,44.86784088,-93.63227246
824,2025-08-11-09-44-56-876,1754923497,824,1.27701E+12,44.86784076,-93.63226992
825,2025-08-11-09-44-57-381,1754923497,825,1.27752E+12,44.86784078,-93.63226744
826,2025-08-11-09-44-57-888,1754923498,826,1.27802E+12,44.86784069,-93.63226452
827,2025-08-11-09-44-58-395,1754923498,827,1.27853E+12,44.86784076,-93.63226121
828,2025-08-11-09-44-58-900,1754923499,828,1.27904E+12,44.86784075,-93.63225818
829,2025-08-11-09-44-59-409,1754923499,829,1.27954E+12,44.86784085,-93.63225509
830,2025-08-11-09-44-59-915,1754923500,830,1.28005E+12,44.86784088,-93.63225315
831,2025-08-11-09-45-00-422,1754923500,831,1.28056E+12,44.86784091,-93.63225138
832,2025-08-11-09-45-00-927,1754923501,832,1.28106E+12,44.86784092,-93.63224953
833,2025-08-11-09-45-01-435,1754923501,833,1.28157E+12,44.86784088,-93.63224778
834,2025-08-11-09-45-01-942,1754923502,834,1.28208E+12,44.86784088,-93.63224565
835,2025-08-11-09-45-02-447,1754923502,835,1.28258E+12,44.86784089,-93.63224284
836,2025-08-11-09-45-02-955,1754923503,836,1.28309E+12,44.86784099,-93.63223918
837,2025-08-11-09-45-03-460,1754923503,837,1.2836E+12,44.86784091,-93.6322356
838,2025-08-11-09-45-03-967,1754923504,838,1.2841E+12,44.86784092,-93.63223247
839,2025-08-11-09-45-04-475,1754923504,839,1.28461E+12,44.86784093,-93.63223048
840,2025-08-11-09-45-04-982,1754923505,840,1.28512E+12,44.86784095,-93.63222938
841,2025-08-11-09-45-05-486,1754923505,841,1.28562E+12,44.86784092,-93.63222794
842,2025-08-11-09-45-05-994,1754923506,842,1.28613E+12,44.86784094,-93.63222533
843,2025-08-11-09-45-06-502,1754923507,843,1.28664E+12,44.86784096,-93.63222188
844,2025-08-11-09-45-07-007,1754923507,844,1.28714E+12,44.86784091,-93.63221745
845,2025-08-11-09-45-07-514,1754923508,845,1.28765E+12,44.86784101,-93.63221343
846,2025-08-11-09-45-08-021,1754923508,846,1.28816E+12,44.86784095,-93.63220909
847,2025-08-11-09-45-08-527,1754923509,847,1.28866E+12,44.86784091,-93.63220436
848,2025-08-11-09-45-09-034,1754923509,848,1.28917E+12,44.86784099,-93.63220048
849,2025-08-11-09-45-09-540,1754923510,849,1.28968E+12,44.86784087,-93.63219732
850,2025-08-11-09-45-10-048,1754923510,850,1.29018E+12,44.86784082,-93.6321951
851,2025-08-11-09-45-10-553,1754923511,851,1.29069E+12,44.86784085,-93.63219381
852,2025-08-11-09-45-11-058,1754923511,852,1.2912E+12,44.86784087,-93.63219278
853,2025-08-11-09-45-11-567,1754923512,853,1.2917E+12,44.86784092,-93.63219063
854,2025-08-11-09-45-12-074,1754923512,854,1.29221E+12,44.86784095,-93.63218733
855,2025-08-11-09-45-12-581,1754923513,855,1.29272E+12,44.86784093,-93.63218414
856,2025-08-11-09-45-13-087,1754923513,856,1.29322E+12,44.86784095,-93.63218122
857,2025-08-11-09-45-13-594,1754923514,857,1.29373E+12,44.86784081,-93.6321777
858,2025-08-11-09-45-14-101,1754923514,858,1.29424E+12,44.86784082,-93.63217341
859,2025-08-11-09-45-14-607,1754923515,859,1.29474E+12,44.86784075,-93.63216873
860,2025-08-11-09-45-15-113,1754923515,860,1.29525E+12,44.86784055,-93.63216611
861,2025-08-11-09-45-15-619,1754923516,861,1.29576E+12,44.86784057,-93.63216454
862,2025-08-11-09-45-16-126,1754923516,862,1.29626E+12,44.8678406,-93.63216317
863,2025-08-11-09-45-16-634,1754923517,863,1.29677E+12,44.8678406,-93.63216145
864,2025-08-11-09-45-17-141,1754923517,864,1.29728E+12,44.8678406,-93.63215915
865,2025-08-11-09-45-17-647,1754923518,865,1.29778E+12,44.86784058,-93.6321571
866,2025-08-11-09-45-18-153,1754923518,866,1.29829E+12,44.86784053,-93.63215448
867,2025-08-11-09-45-18-660,1754923519,867,1.2988E+12,44.86784057,-93.63215137
868,2025-08-11-09-45-19-167,1754923519,868,1.2993E+12,44.86784056,-93.63214784
869,2025-08-11-09-45-19-674,1754923520,869,1.29981E+12,44.8678405,-93.63214406
870,2025-08-11-09-45-20-181,1754923520,870,1.30032E+12,44.86784047,-93.63214012
871,2025-08-11-09-45-20-688,1754923521,871,1.30082E+12,44.86784042,-93.63213634
872,2025-08-11-09-45-21-193,1754923521,872,1.30133E+12,44.86784045,-93.6321328
873,2025-08-11-09-45-21-701,1754923522,873,1.30184E+12,44.86784042,-93.63212997
874,2025-08-11-09-45-22-208,1754923522,874,1.30234E+12,44.86784032,-93.63212658
875,2025-08-11-09-45-22-713,1754923523,875,1.30285E+12,44.8678403,-93.63212397
876,2025-08-11-09-45-23-225,1754923523,876,1.30336E+12,44.86784027,-93.63212123
877,2025-08-11-09-45-23-727,1754923524,877,1.30386E+12,44.86784017,-93.63211794
878,2025-08-11-09-45-24-233,1754923524,878,1.30437E+12,44.86784006,-93.63211421
879,2025-08-11-09-45-24-740,1754923525,879,1.30488E+12,44.86784025,-93.63210967
880,2025-08-11-09-45-25-246,1754923525,880,1.30538E+12,44.86784028,-93.63210456
881,2025-08-11-09-45-25-753,1754923526,881,1.30589E+12,44.86784003,-93.63209923
882,2025-08-11-09-45-26-259,1754923526,882,1.3064E+12,44.86784013,-93.63209428
883,2025-08-11-09-45-26-767,1754923527,883,1.3069E+12,44.86784015,-93.63209015
884,2025-08-11-09-45-27-273,1754923527,884,1.30741E+12,44.86784006,-93.63208729
885,2025-08-11-09-45-27-780,1754923528,885,1.30792E+12,44.86783999,-93.63208537
886,2025-08-11-09-45-28-287,1754923528,886,1.30842E+12,44.86784003,-93.63208358
887,2025-08-11-09-45-28-794,1754923529,887,1.30893E+12,44.86784004,-93.63208142
888,2025-08-11-09-45-29-300,1754923529,888,1.30944E+12,44.86784003,-93.632079
889,2025-08-11-09-45-29-807,1754923530,889,1.30994E+12,44.86784016,-93.63207515
890,2025-08-11-09-45-30-315,1754923530,890,1.31045E+12,44.86784003,-93.63207116
891,2025-08-11-09-45-30-820,1754923531,891,1.31096E+12,44.86784007,-93.63206675
892,2025-08-11-09-45-31-327,1754923531,892,1.31146E+12,44.86784011,-93.63206227
893,2025-08-11-09-45-31-833,1754923532,893,1.31197E+12,44.86783986,-93.63205793
894,2025-08-11-09-45-32-340,1754923532,894,1.31248E+12,44.8678398,-93.63205352
895,2025-08-11-09-45-32-847,1754923533,895,1.31298E+12,44.86783976,-93.63204914
896,2025-08-11-09-45-33-354,1754923533,896,1.31349E+12,44.86783975,-93.63204467
897,2025-08-11-09-45-33-865,1754923534,897,1.314E+12,44.86783968,-93.6320398
898,2025-08-11-09-45-34-371,1754923534,898,1.3145E+12,44.8678396,-93.63203461
899,2025-08-11-09-45-34-873,1754923535,899,1.31501E+12,44.86783959,-93.63202948
900,2025-08-11-09-45-35-380,1754923535,900,1.31552E+12,44.86783959,-93.63202475
901,2025-08-11-09-45-35-886,1754923536,901,1.31602E+12,44.86783959,-93.63202079
902,2025-08-11-09-45-36-394,1754923536,902,1.31653E+12,44.86783968,-93.63201764
903,2025-08-11-09-45-36-899,1754923537,903,1.31704E+12,44.86783968,-93.63201548
904,2025-08-11-09-45-37-406,1754923537,904,1.31754E+12,44.86783972,-93.63201317
905,2025-08-11-09-45-37-913,1754923538,905,1.31805E+12,44.86783975,-93.63201071
906,2025-08-11-09-45-38-419,1754923538,906,1.31856E+12,44.86783983,-93.63200761
907,2025-08-11-09-45-38-927,1754923539,907,1.31906E+12,44.86783978,-93.63200377
908,2025-08-11-09-45-39-432,1754923539,908,1.31957E+12,44.86783977,-93.63199945
909,2025-08-11-09-45-39-943,1754923540,909,1.32008E+12,44.86783957,-93.63199497
910,2025-08-11-09-45-40-449,1754923540,910,1.32058E+12,44.86783956,-93.63199036
911,2025-08-11-09-45-40-953,1754923541,911,1.32109E+12,44.86783946,-93.63198533
912,2025-08-11-09-45-41-459,1754923541,912,1.3216E+12,44.86783952,-93.63198019
913,2025-08-11-09-45-41-967,1754923542,913,1.3221E+12,44.86783936,-93.63197469
914,2025-08-11-09-45-42-473,1754923542,914,1.32261E+12,44.86783941,-93.63196923
915,2025-08-11-09-45-42-983,1754923543,915,1.32312E+12,44.86783936,-93.63196374
916,2025-08-11-09-45-43-491,1754923543,916,1.32362E+12,44.86783925,-93.63195899
917,2025-08-11-09-45-43-991,1754923544,917,1.32413E+12,44.86783917,-93.63195471
918,2025-08-11-09-45-44-498,1754923544,918,1.32464E+12,44.8678392,-93.63195079
919,2025-08-11-09-45-45-006,1754923545,919,1.32514E+12,44.86783929,-93.63194623
920,2025-08-11-09-45-45-511,1754923546,920,1.32565E+12,44.86783926,-93.63194262
921,2025-08-11-09-45-46-019,1754923546,921,1.32616E+12,44.86783915,-93.63193962
922,2025-08-11-09-45-46-525,1754923547,922,1.32666E+12,44.86783919,-93.6319361
923,2025-08-11-09-45-47-035,1754923547,923,1.32717E+12,44.86783905,-93.63193248
924,2025-08-11-09-45-47-539,1754923548,924,1.32768E+12,44.86783897,-93.63192921
925,2025-08-11-09-45-48-052,1754923548,925,1.32818E+12,44.86783911,-93.63192552
926,2025-08-11-09-45-48-552,1754923549,926,1.32869E+12,44.86783902,-93.6319212
927,2025-08-11-09-45-49-058,1754923549,927,1.3292E+12,44.86783892,-93.63191634
928,2025-08-11-09-45-49-566,1754923550,928,1.3297E+12,44.86783885,-93.63191152
929,2025-08-11-09-45-50-072,1754923550,929,1.33021E+12,44.86783899,-93.63190648
930,2025-08-11-09-45-50-579,1754923551,930,1.33072E+12,44.86783904,-93.63190131
931,2025-08-11-09-45-51-085,1754923551,931,1.33122E+12,44.86783914,-93.63189608
932,2025-08-11-09-45-51-598,1754923552,932,1.33173E+12,44.86783882,-93.6318909
933,2025-08-11-09-45-52-099,1754923552,933,1.33224E+12,44.86783869,-93.6318864
934,2025-08-11-09-45-52-607,1754923553,934,1.33274E+12,44.86783862,-93.63188292
935,2025-08-11-09-45-53-116,1754923553,935,1.33325E+12,44.86783877,-93.63187872
936,2025-08-11-09-45-53-622,1754923554,936,1.33376E+12,44.86783883,-93.63187479
937,2025-08-11-09-45-54-125,1754923554,937,1.33426E+12,44.86783874,-93.63187028
938,2025-08-11-09-45-54-631,1754923555,938,1.33477E+12,44.86783873,-93.63186497
939,2025-08-11-09-45-55-138,1754923555,939,1.33528E+12,44.86783877,-93.63185935
940,2025-08-11-09-45-55-644,1754923556,940,1.33578E+12,44.86783882,-93.63185374
941,2025-08-11-09-45-56-151,1754923556,941,1.33629E+12,44.86783879,-93.63184893
942,2025-08-11-09-45-56-659,1754923557,942,1.33679E+12,44.86783881,-93.63184413
943,2025-08-11-09-45-57-165,1754923557,943,1.3373E+12,44.86783879,-93.63183986
944,2025-08-11-09-45-57-671,1754923558,944,1.33781E+12,44.86783866,-93.63183567
945,2025-08-11-09-45-58-179,1754923558,945,1.33831E+12,44.86783874,-93.63183197
946,2025-08-11-09-45-58-685,1754923559,946,1.33882E+12,44.86783893,-93.63182809
947,2025-08-11-09-45-59-192,1754923559,947,1.33933E+12,44.86783882,-93.63182428
948,2025-08-11-09-45-59-697,1754923560,948,1.33983E+12,44.86783898,-93.63182081
949,2025-08-11-09-46-00-204,1754923560,949,1.34034E+12,44.86783919,-93.63181696
950,2025-08-11-09-46-00-712,1754923561,950,1.34085E+12,44.86783925,-93.63181255
951,2025-08-11-09-46-01-217,1754923561,951,1.34135E+12,44.86783915,-93.63180868
952,2025-08-11-09-46-01-726,1754923562,952,1.34186E+12,44.86783945,-93.63180484
953,2025-08-11-09-46-02-231,1754923562,953,1.34237E+12,44.86783946,-93.63180108
954,2025-08-11-09-46-02-738,1754923563,954,1.34287E+12,44.86783951,-93.63179731
955,2025-08-11-09-46-03-244,1754923563,955,1.34338E+12,44.86783954,-93.63179364
956,2025-08-11-09-46-03-750,1754923564,956,1.34389E+12,44.86783938,-93.63178994
957,2025-08-11-09-46-04-256,1754923564,957,1.34439E+12,44.8678394,-93.63178637
958,2025-08-11-09-46-04-762,1754923565,958,1.3449E+12,44.86783926,-93.63178277
959,2025-08-11-09-46-05-272,1754923565,959,1.34541E+12,44.86783924,-93.63177879
960,2025-08-11-09-46-05-777,1754923566,960,1.34591E+12,44.86783942,-93.63177486
961,2025-08-11-09-46-06-286,1754923566,961,1.34642E+12,44.86783922,-93.63177111
962,2025-08-11-09-46-06-791,1754923567,962,1.34693E+12,44.8678392,-93.63176729
963,2025-08-11-09-46-07-299,1754923567,963,1.34743E+12,44.86783913,-93.63176353
964,2025-08-11-09-46-07-804,1754923568,964,1.34794E+12,44.86783907,-93.63175918
965,2025-08-11-09-46-08-315,1754923568,965,1.34845E+12,44.86783908,-93.6317552
966,2025-08-11-09-46-08-820,1754923569,966,1.34895E+12,44.8678391,-93.63175114
967,2025-08-11-09-46-09-328,1754923569,967,1.34946E+12,44.86783909,-93.63174742
968,2025-08-11-09-46-09-832,1754923570,968,1.34997E+12,44.86783906,-93.63174366
969,2025-08-11-09-46-10-337,1754923570,969,1.35047E+12,44.86783917,-93.63173978
970,2025-08-11-09-46-10-845,1754923571,970,1.35098E+12,44.867839,-93.63173592
971,2025-08-11-09-46-11-351,1754923571,971,1.35149E+12,44.8678391,-93.63173206
972,2025-08-11-09-46-11-857,1754923572,972,1.35199E+12,44.86783914,-93.63172827
973,2025-08-11-09-46-12-363,1754923572,973,1.3525E+12,44.86783922,-93.6317242
974,2025-08-11-09-46-12-870,1754923573,974,1.35301E+12,44.86783919,-93.63172048
975,2025-08-11-09-46-13-377,1754923573,975,1.35351E+12,44.86783918,-93.6317169
976,2025-08-11-09-46-13-888,1754923574,976,1.35402E+12,44.8678391,-93.63171292
977,2025-08-11-09-46-14-390,1754923574,977,1.35453E+12,44.86783906,-93.63170897
978,2025-08-11-09-46-14-902,1754923575,978,1.35503E+12,44.86783921,-93.63170492
979,2025-08-11-09-46-15-403,1754923575,979,1.35554E+12,44.86783933,-93.63170104
980,2025-08-11-09-46-15-910,1754923576,980,1.35605E+12,44.86783937,-93.63169622
981,2025-08-11-09-46-16-417,1754923576,981,1.35655E+12,44.86783938,-93.63169213
982,2025-08-11-09-46-16-924,1754923577,982,1.35706E+12,44.86783939,-93.6316883
983,2025-08-11-09-46-17-429,1754923577,983,1.35757E+12,44.86783925,-93.63168439
984,2025-08-11-09-46-17-936,1754923578,984,1.35807E+12,44.86783919,-93.63168042
985,2025-08-11-09-46-18-445,1754923578,985,1.35858E+12,44.86783914,-93.6316765
986,2025-08-11-09-46-18-949,1754923579,986,1.35909E+12,44.86783921,-93.63167249
987,2025-08-11-09-46-19-458,1754923579,987,1.35959E+12,44.8678392,-93.63166867
988,2025-08-11-09-46-19-964,1754923580,988,1.3601E+12,44.86783923,-93.63166483
989,2025-08-11-09-46-20-471,1754923580,989,1.36061E+12,44.86783915,-93.63166086
990,2025-08-11-09-46-20-977,1754923581,990,1.36111E+12,44.86783923,-93.63165713
991,2025-08-11-09-46-21-484,1754923581,991,1.36162E+12,44.86783924,-93.63165325
992,2025-08-11-09-46-21-991,1754923582,992,1.36213E+12,44.86783927,-93.63164948
993,2025-08-11-09-46-22-497,1754923582,993,1.36263E+12,44.86783926,-93.63164558
994,2025-08-11-09-46-23-004,1754923583,994,1.36314E+12,44.86783952,-93.63164169
995,2025-08-11-09-46-23-514,1754923584,995,1.36365E+12,44.86783946,-93.63163724
996,2025-08-11-09-46-24-016,1754923584,996,1.36415E+12,44.86783947,-93.63163338
997,2025-08-11-09-46-24-528,1754923585,997,1.36466E+12,44.8678396,-93.63162964
998,2025-08-11-09-46-25-029,1754923585,998,1.36517E+12,44.86783974,-93.63162569
999,2025-08-11-09-46-25-537,1754923586,999,1.36567E+12,44.86783987,-93.63162157
1000,2025-08-11-09-46-26-043,1754923586,1000,1.36618E+12,44.86783977,-93.63161764
1001,2025-08-11-09-46-26-550,1754923587,1001,1.36669E+12,44.86783976,-93.63161366
1002,2025-08-11-09-46-27-056,1754923587,1002,1.36719E+12,44.86783966,-93.63160969
1003,2025-08-11-09-46-27-563,1754923588,1003,1.3677E+12,44.86783968,-93.63160575
1004,2025-08-11-09-46-28-070,1754923588,1004,1.36821E+12,44.86783967,-93.6316019
1005,2025-08-11-09-46-28-577,1754923589,1005,1.36871E+12,44.86783969,-93.63159794
1006,2025-08-11-09-46-29-084,1754923589,1006,1.36922E+12,44.8678398,-93.63159368
1007,2025-08-11-09-46-29-590,1754923590,1007,1.36973E+12,44.86783981,-93.63158908
1008,2025-08-11-09-46-30-098,1754923590,1008,1.37023E+12,44.86783973,-93.63158417
1009,2025-08-11-09-46-30-602,1754923591,1009,1.37074E+12,44.86783986,-93.63157888
1010,2025-08-11-09-46-31-109,1754923591,1010,1.37125E+12,44.86783984,-93.63157272
1011,2025-08-11-09-46-31-616,1754923592,1011,1.37175E+12,44.86783993,-93.63156772
1012,2025-08-11-09-46-32-122,1754923592,1012,1.37226E+12,44.86784002,-93.63156283
1013,2025-08-11-09-46-32-636,1754923593,1013,1.37277E+12,44.86784004,-93.63155777
1014,2025-08-11-09-46-33-140,1754923593,1014,1.37327E+12,44.86784017,-93.63155251
1015,2025-08-11-09-46-33-644,1754923594,1015,1.37378E+12,44.86784021,-93.6315472
1016,2025-08-11-09-46-34-149,1754923594,1016,1.37429E+12,44.86784029,-93.63154168
1017,2025-08-11-09-46-34-657,1754923595,1017,1.37479E+12,44.86784042,-93.63153595
1018,2025-08-11-09-46-35-165,1754923595,1018,1.3753E+12,44.86784037,-93.63153
1019,2025-08-11-09-46-35-669,1754923596,1019,1.37581E+12,44.86784027,-93.63152392
1020,2025-08-11-09-46-36-177,1754923596,1020,1.37631E+12,44.86784017,-93.6315175
1021,2025-08-11-09-46-36-682,1754923597,1021,1.37682E+12,44.86784015,-93.63151074
1022,2025-08-11-09-46-37-189,1754923597,1022,1.37733E+12,44.86784012,-93.63150354
1023,2025-08-11-09-46-37-696,1754923598,1023,1.37783E+12,44.86784011,-93.63149636
1024,2025-08-11-09-46-38-203,1754923598,1024,1.37834E+12,44.86783999,-93.63148757
1025,2025-08-11-09-46-38-709,1754923599,1025,1.37885E+12,44.86783984,-93.63148063
1026,2025-08-11-09-46-39-216,1754923599,1026,1.37935E+12,44.86783995,-93.63147411
1027,2025-08-11-09-46-39-723,1754923600,1027,1.37986E+12,44.86783985,-93.63146791
1028,2025-08-11-09-46-40-229,1754923600,1028,1.38037E+12,44.86783987,-93.63146221
1029,2025-08-11-09-46-40-736,1754923601,1029,1.38087E+12,44.86783999,-93.63145689
1030,2025-08-11-09-46-41-241,1754923601,1030,1.38138E+12,44.86784002,-93.63145225
1031,2025-08-11-09-46-41-748,1754923602,1031,1.38189E+12,44.86784003,-93.63144719
1032,2025-08-11-09-46-42-256,1754923602,1032,1.38239E+12,44.86783996,-93.63144202
1033,2025-08-11-09-46-42-762,1754923603,1033,1.3829E+12,44.86784014,-93.63143652
1034,2025-08-11-09-46-43-269,1754923603,1034,1.38341E+12,44.86784007,-93.63143127
1035,2025-08-11-09-46-43-775,1754923604,1035,1.38391E+12,44.86783999,-93.63142665
1036,2025-08-11-09-46-44-281,1754923604,1036,1.38442E+12,44.86783993,-93.6314224
1037,2025-08-11-09-46-44-789,1754923605,1037,1.38493E+12,44.86783972,-93.63141784
1038,2025-08-11-09-46-45-300,1754923605,1038,1.38543E+12,44.86783994,-93.63141288
1039,2025-08-11-09-46-45-805,1754923606,1039,1.38594E+12,44.86783997,-93.63140763
1040,2025-08-11-09-46-46-307,1754923606,1040,1.38645E+12,44.86783984,-93.63140186
1041,2025-08-11-09-46-46-815,1754923607,1041,1.38695E+12,44.86783986,-93.63139723
1042,2025-08-11-09-46-47-321,1754923607,1042,1.38746E+12,44.86783977,-93.63139264
1043,2025-08-11-09-46-47-828,1754923608,1043,1.38797E+12,44.86784003,-93.63138782
1044,2025-08-11-09-46-48-335,1754923608,1044,1.38847E+12,44.86784019,-93.63138302
1045,2025-08-11-09-46-48-840,1754923609,1045,1.38898E+12,44.86784015,-93.63137782
1046,2025-08-11-09-46-49-353,1754923609,1046,1.38948E+12,44.8678401,-93.63137308
1047,2025-08-11-09-46-49-855,1754923610,1047,1.38999E+12,44.86783985,-93.63136849
1048,2025-08-11-09-46-50-361,1754923610,1048,1.3905E+12,44.86783973,-93.63136388
1049,2025-08-11-09-46-50-867,1754923611,1049,1.391E+12,44.86783975,-93.63135937
1050,2025-08-11-09-46-51-375,1754923611,1050,1.39151E+12,44.8678398,-93.63135491
1051,2025-08-11-09-46-51-881,1754923612,1051,1.39202E+12,44.86783975,-93.63135047
1052,2025-08-11-09-46-52-386,1754923612,1052,1.39252E+12,44.86783974,-93.63134595
1053,2025-08-11-09-46-52-894,1754923613,1053,1.39303E+12,44.86783976,-93.63134147
1054,2025-08-11-09-46-53-399,1754923613,1054,1.39354E+12,44.86783979,-93.6313357
1055,2025-08-11-09-46-53-909,1754923614,1055,1.39404E+12,44.86783974,-93.63133105
1056,2025-08-11-09-46-54-417,1754923614,1056,1.39455E+12,44.86783966,-93.63132616
1057,2025-08-11-09-46-54-921,1754923615,1057,1.39506E+12,44.86783973,-93.6313217
1058,2025-08-11-09-46-55-428,1754923615,1058,1.39556E+12,44.86783996,-93.63131737
1059,2025-08-11-09-46-55-934,1754923616,1059,1.39607E+12,44.86784006,-93.63131295
1060,2025-08-11-09-46-56-440,1754923616,1060,1.39658E+12,44.86784009,-93.63130831
1061,2025-08-11-09-46-56-946,1754923617,1061,1.39708E+12,44.8678399,-93.63130371
1062,2025-08-11-09-46-57-454,1754923617,1062,1.39759E+12,44.8678399,-93.63129922
1063,2025-08-11-09-46-57-960,1754923618,1063,1.3981E+12,44.86783982,-93.63129486
1064,2025-08-11-09-46-58-464,1754923618,1064,1.3986E+12,44.86783998,-93.63129061
1065,2025-08-11-09-46-58-974,1754923619,1065,1.39911E+12,44.86784,-93.6312862
1066,2025-08-11-09-46-59-480,1754923619,1066,1.39962E+12,44.86784003,-93.63128179
1067,2025-08-11-09-46-59-988,1754923620,1067,1.40012E+12,44.86784015,-93.63127732
1068,2025-08-11-09-47-00-493,1754923620,1068,1.40063E+12,44.86784017,-93.63127284
1069,2025-08-11-09-47-00-999,1754923621,1069,1.40114E+12,44.86784026,-93.63126766
1070,2025-08-11-09-47-01-507,1754923622,1070,1.40164E+12,44.8678403,-93.63126341
1071,2025-08-11-09-47-02-013,1754923622,1071,1.40215E+12,44.86784038,-93.63125885
1072,2025-08-11-09-47-02-521,1754923623,1072,1.40266E+12,44.86784042,-93.63125401
1073,2025-08-11-09-47-03-026,1754923623,1073,1.40316E+12,44.86784037,-93.6312492
1074,2025-08-11-09-47-03-533,1754923624,1074,1.40367E+12,44.86784018,-93.63124426
1075,2025-08-11-09-47-04-040,1754923624,1075,1.40418E+12,44.86784033,-93.63123961
1076,2025-08-11-09-47-04-547,1754923625,1076,1.40468E+12,44.86784033,-93.63123519
1077,2025-08-11-09-47-05-054,1754923625,1077,1.40519E+12,44.86784033,-93.63123082
1078,2025-08-11-09-47-05-558,1754923626,1078,1.4057E+12,44.86784043,-93.63122629
1079,2025-08-11-09-47-06-066,1754923626,1079,1.4062E+12,44.8678403,-93.63122157
1080,2025-08-11-09-47-06-572,1754923627,1080,1.40671E+12,44.86784025,-93.63121734
1081,2025-08-11-09-47-07-080,1754923627,1081,1.40722E+12,44.86784027,-93.63121307
1082,2025-08-11-09-47-07-588,1754923628,1082,1.40772E+12,44.86784029,-93.63120886
1083,2025-08-11-09-47-08-092,1754923628,1083,1.40823E+12,44.86784027,-93.6312041
1084,2025-08-11-09-47-08-599,1754923629,1084,1.40874E+12,44.8678405,-93.63119892
1085,2025-08-11-09-47-09-105,1754923629,1085,1.40924E+12,44.86784024,-93.63119294
1086,2025-08-11-09-47-09-613,1754923630,1086,1.40975E+12,44.86784032,-93.6311885
1087,2025-08-11-09-47-10-118,1754923630,1087,1.41026E+12,44.86784023,-93.6311845
1088,2025-08-11-09-47-10-627,1754923631,1088,1.41076E+12,44.86784023,-93.63118055
1089,2025-08-11-09-47-11-133,1754923631,1089,1.41127E+12,44.86784017,-93.63117627
1090,2025-08-11-09-47-11-639,1754923632,1090,1.41178E+12,44.86784033,-93.63117176
1091,2025-08-11-09-47-12-147,1754923632,1091,1.41228E+12,44.86784016,-93.63116654
1092,2025-08-11-09-47-12-651,1754923633,1092,1.41279E+12,44.86784014,-93.63116129
1093,2025-08-11-09-47-13-158,1754923633,1093,1.4133E+12,44.86784014,-93.63115592
1094,2025-08-11-09-47-13-665,1754923634,1094,1.4138E+12,44.86784009,-93.63115098
1095,2025-08-11-09-47-14-172,1754923634,1095,1.41431E+12,44.86784002,-93.63114605
1096,2025-08-11-09-47-14-678,1754923635,1096,1.41482E+12,44.86783998,-93.63114136
1097,2025-08-11-09-47-15-184,1754923635,1097,1.41532E+12,44.86783984,-93.63113651
1098,2025-08-11-09-47-15-693,1754923636,1098,1.41583E+12,44.86783988,-93.63113102
1099,2025-08-11-09-47-16-200,1754923636,1099,1.41634E+12,44.86783999,-93.63112531
1100,2025-08-11-09-47-16-705,1754923637,1100,1.41684E+12,44.86783998,-93.6311192
1101,2025-08-11-09-47-17-212,1754923637,1101,1.41735E+12,44.86783995,-93.63111465
1102,2025-08-11-09-47-17-718,1754923638,1102,1.41786E+12,44.86783992,-93.63111026
1103,2025-08-11-09-47-18-227,1754923638,1103,1.41836E+12,44.86783995,-93.63110578
1104,2025-08-11-09-47-18-731,1754923639,1104,1.41887E+12,44.86783999,-93.63110086
1105,2025-08-11-09-47-19-237,1754923639,1105,1.41938E+12,44.86784004,-93.63109567
1106,2025-08-11-09-47-19-744,1754923640,1106,1.41988E+12,44.86784003,-93.63109019
1107,2025-08-11-09-47-20-252,1754923640,1107,1.42039E+12,44.86784,-93.63108451
1108,2025-08-11-09-47-20-757,1754923641,1108,1.4209E+12,44.86783985,-93.63107875
1109,2025-08-11-09-47-21-264,1754923641,1109,1.4214E+12,44.86783991,-93.63107393
1110,2025-08-11-09-47-21-772,1754923642,1110,1.42191E+12,44.86783994,-93.63106909
1111,2025-08-11-09-47-22-277,1754923642,1111,1.42241E+12,44.86784005,-93.63106426
1112,2025-08-11-09-47-22-784,1754923643,1112,1.42292E+12,44.86784008,-93.63105897
1113,2025-08-11-09-47-23-290,1754923643,1113,1.42343E+12,44.86784013,-93.63105334
1114,2025-08-11-09-47-23-798,1754923644,1114,1.42393E+12,44.86784014,-93.63104798
1115,2025-08-11-09-47-24-305,1754923644,1115,1.42444E+12,44.86784014,-93.63104179
1116,2025-08-11-09-47-24-812,1754923645,1116,1.42495E+12,44.86784011,-93.63103648
1117,2025-08-11-09-47-25-321,1754923645,1117,1.42545E+12,44.86784008,-93.63103148
1118,2025-08-11-09-47-25-822,1754923646,1118,1.42596E+12,44.86784009,-93.63102726
1119,2025-08-11-09-47-26-331,1754923646,1119,1.42647E+12,44.86783989,-93.63102306
1120,2025-08-11-09-47-26-837,1754923647,1120,1.42697E+12,44.86783992,-93.63101894
1121,2025-08-11-09-47-27-343,1754923647,1121,1.42748E+12,44.86784013,-93.63101401
1122,2025-08-11-09-47-27-849,1754923648,1122,1.42799E+12,44.86784011,-93.63100864
1123,2025-08-11-09-47-28-355,1754923648,1123,1.42849E+12,44.86784025,-93.63100344
1124,2025-08-11-09-47-28-864,1754923649,1124,1.429E+12,44.86784033,-93.63099949
1125,2025-08-11-09-47-29-371,1754923649,1125,1.42951E+12,44.86784016,-93.63099585
1126,2025-08-11-09-47-29-877,1754923650,1126,1.43001E+12,44.86784016,-93.63099191
1127,2025-08-11-09-47-30-383,1754923650,1127,1.43052E+12,44.86784022,-93.63098771
1128,2025-08-11-09-47-30-891,1754923651,1128,1.43103E+12,44.86784036,-93.63098344
1129,2025-08-11-09-47-31-397,1754923651,1129,1.43153E+12,44.86784042,-93.63097883
1130,2025-08-11-09-47-31-903,1754923652,1130,1.43204E+12,44.86784021,-93.63097335
1131,2025-08-11-09-47-32-409,1754923652,1131,1.43255E+12,44.86784043,-93.63096943
1132,2025-08-11-09-47-32-916,1754923653,1132,1.43305E+12,44.86784041,-93.63096585
1133,2025-08-11-09-47-33-423,1754923653,1133,1.43356E+12,44.86784038,-93.63096241
1134,2025-08-11-09-47-33-930,1754923654,1134,1.43407E+12,44.86784042,-93.63095908
1135,2025-08-11-09-47-34-435,1754923654,1135,1.43457E+12,44.86784042,-93.63095625
1136,2025-08-11-09-47-34-942,1754923655,1136,1.43508E+12,44.86784041,-93.63095316
1137,2025-08-11-09-47-35-448,1754923655,1137,1.43559E+12,44.86783994,-93.63094919
1138,2025-08-11-09-47-35-956,1754923656,1138,1.43609E+12,44.86783953,-93.63094451
1139,2025-08-11-09-47-36-463,1754923656,1139,1.4366E+12,44.86783956,-93.63093947
1140,2025-08-11-09-47-36-968,1754923657,1140,1.43711E+12,44.86783931,-93.63093413
1141,2025-08-11-09-47-37-476,1754923657,1141,1.43761E+12,44.86783879,-93.63092846
1142,2025-08-11-09-47-37-983,1754923658,1142,1.43812E+12,44.86783807,-93.63092237
1143,2025-08-11-09-47-38-489,1754923658,1143,1.43863E+12,44.86783621,-93.63091554
1144,2025-08-11-09-47-38-994,1754923659,1144,1.43913E+12,44.86783463,-93.63090818
1145,2025-08-11-09-47-39-500,1754923660,1145,1.43964E+12,44.86783223,-93.63089876
1146,2025-08-11-09-47-40-008,1754923660,1146,1.44015E+12,44.86783017,-93.63089035
1147,2025-08-11-09-47-40-514,1754923661,1147,1.44065E+12,44.86782796,-93.63088151
1148,2025-08-11-09-47-41-021,1754923661,1148,1.44116E+12,44.8678267,-93.63087189
1149,2025-08-11-09-47-41-527,1754923662,1149,1.44167E+12,44.86782738,-93.6308617
1150,2025-08-11-09-47-42-036,1754923662,1150,1.44217E+12,44.86782979,-93.63085207
1151,2025-08-11-09-47-42-541,1754923663,1151,1.44268E+12,44.86783456,-93.63084392
1152,2025-08-11-09-47-43-048,1754923663,1152,1.44319E+12,44.86784047,-93.6308376
1153,2025-08-11-09-47-43-554,1754923664,1153,1.44369E+12,44.86784777,-93.63083371
1154,2025-08-11-09-47-44-060,1754923664,1154,1.4442E+12,44.86785595,-93.63083261
1155,2025-08-11-09-47-44-569,1754923665,1155,1.44471E+12,44.86786419,-93.63083544
1156,2025-08-11-09-47-45-076,1754923665,1156,1.44521E+12,44.86787164,-93.63084173
1157,2025-08-11-09-47-45-582,1754923666,1157,1.44572E+12,44.86787729,-93.63085125
1158,2025-08-11-09-47-46-089,1754923666,1158,1.44623E+12,44.86788091,-93.63086277
1159,2025-08-11-09-47-46-596,1754923667,1159,1.44673E+12,44.86788148,-93.63087461
1160,2025-08-11-09-47-47-101,1754923667,1160,1.44724E+12,44.8678795,-93.63088577
1161,2025-08-11-09-47-47-608,1754923668,1161,1.44775E+12,44.86787594,-93.6308989
1162,2025-08-11-09-47-48-116,1754923668,1162,1.44825E+12,44.86787332,-93.63090828
1163,2025-08-11-09-47-48-621,1754923669,1163,1.44876E+12,44.86787126,-93.63091601
1164,2025-08-11-09-47-49-127,1754923669,1164,1.44927E+12,44.86786984,-93.63092345
1165,2025-08-11-09-47-49-634,1754923670,1165,1.44977E+12,44.86786853,-93.63093037
1166,2025-08-11-09-47-50-141,1754923670,1166,1.45028E+12,44.86786755,-93.63093683
1167,2025-08-11-09-47-50-648,1754923671,1167,1.45079E+12,44.86786712,-93.63094218
1168,2025-08-11-09-47-51-154,1754923671,1168,1.45129E+12,44.86786652,-93.6309467
1169,2025-08-11-09-47-51-668,1754923672,1169,1.4518E+12,44.86786599,-93.63095165
1170,2025-08-11-09-47-52-173,1754923672,1170,1.45231E+12,44.86786576,-93.63095707
1171,2025-08-11-09-47-52-680,1754923673,1171,1.45281E+12,44.86786576,-93.63096189
1172,2025-08-11-09-47-53-180,1754923673,1172,1.45332E+12,44.86786563,-93.63096493
1173,2025-08-11-09-47-53-687,1754923674,1173,1.45383E+12,44.86786574,-93.6309678
1174,2025-08-11-09-47-54-194,1754923674,1174,1.45433E+12,44.86786564,-93.6309721
1175,2025-08-11-09-47-54-704,1754923675,1175,1.45484E+12,44.8678658,-93.63097775
1176,2025-08-11-09-47-55-213,1754923675,1176,1.45534E+12,44.86786596,-93.63098175
1177,2025-08-11-09-47-55-718,1754923676,1177,1.45585E+12,44.86786606,-93.63098512
1178,2025-08-11-09-47-56-225,1754923676,1178,1.45636E+12,44.86786595,-93.63098785
1179,2025-08-11-09-47-56-727,1754923677,1179,1.45686E+12,44.86786596,-93.63099054
1180,2025-08-11-09-47-57-234,1754923677,1180,1.45737E+12,44.86786598,-93.63099283
1181,2025-08-11-09-47-57-741,1754923678,1181,1.45788E+12,44.86786589,-93.63099646
1182,2025-08-11-09-47-58-250,1754923678,1182,1.45838E+12,44.86786588,-93.63100058
1183,2025-08-11-09-47-58-753,1754923679,1183,1.45889E+12,44.86786577,-93.63100507
1184,2025-08-11-09-47-59-260,1754923679,1184,1.4594E+12,44.86786595,-93.63101012
1185,2025-08-11-09-47-59-770,1754923680,1185,1.4599E+12,44.86786607,-93.63101562
1186,2025-08-11-09-48-00-278,1754923680,1186,1.46041E+12,44.86786586,-93.6310215
1187,2025-08-11-09-48-00-780,1754923681,1187,1.46092E+12,44.86786586,-93.63102704
1188,2025-08-11-09-48-01-291,1754923681,1188,1.46142E+12,44.86786566,-93.63103124
1189,2025-08-11-09-48-01-793,1754923682,1189,1.46193E+12,44.86786556,-93.63103431
1190,2025-08-11-09-48-02-299,1754923682,1190,1.46244E+12,44.8678657,-93.63103758
1191,2025-08-11-09-48-02-806,1754923683,1191,1.46294E+12,44.86786538,-93.63104271
1192,2025-08-11-09-48-03-312,1754923683,1192,1.46345E+12,44.86786514,-93.63104839
1193,2025-08-11-09-48-03-820,1754923684,1193,1.46396E+12,44.8678653,-93.63105381
1194,2025-08-11-09-48-04-327,1754923684,1194,1.46446E+12,44.86786523,-93.631058
1195,2025-08-11-09-48-04-832,1754923685,1195,1.46497E+12,44.86786511,-93.63106053
1196,2025-08-11-09-48-05-338,1754923685,1196,1.46548E+12,44.86786516,-93.63106211
1197,2025-08-11-09-48-05-846,1754923686,1197,1.46598E+12,44.86786516,-93.63106452
1198,2025-08-11-09-48-06-353,1754923686,1198,1.46649E+12,44.8678651,-93.63106786
1199,2025-08-11-09-48-06-858,1754923687,1199,1.467E+12,44.86786514,-93.6310722
1200,2025-08-11-09-48-07-365,1754923687,1200,1.4675E+12,44.86786528,-93.63107596
1201,2025-08-11-09-48-07-872,1754923688,1201,1.46801E+12,44.86786527,-93.63107911
1202,2025-08-11-09-48-08-379,1754923688,1202,1.46852E+12,44.86786538,-93.63108157
1203,2025-08-11-09-48-08-890,1754923689,1203,1.46902E+12,44.86786558,-93.63108375
1204,2025-08-11-09-48-09-394,1754923689,1204,1.46953E+12,44.86786557,-93.63108655
1205,2025-08-11-09-48-09-899,1754923690,1205,1.47004E+12,44.86786562,-93.63109027
1206,2025-08-11-09-48-10-404,1754923690,1206,1.47054E+12,44.86786563,-93.63109583
1207,2025-08-11-09-48-10-912,1754923691,1207,1.47105E+12,44.86786572,-93.63110038
1208,2025-08-11-09-48-11-417,1754923691,1208,1.47156E+12,44.86786567,-93.63110483
1209,2025-08-11-09-48-11-925,1754923692,1209,1.47206E+12,44.86786551,-93.63110928
1210,2025-08-11-09-48-12-432,1754923692,1210,1.47257E+12,44.86786571,-93.63111253
1211,2025-08-11-09-48-12-938,1754923693,1211,1.47308E+12,44.86786566,-93.63111544
1212,2025-08-11-09-48-13-446,1754923693,1212,1.47358E+12,44.8678656,-93.63111798
1213,2025-08-11-09-48-13-952,1754923694,1213,1.47409E+12,44.86786558,-93.63112017
1214,2025-08-11-09-48-14-458,1754923694,1214,1.4746E+12,44.8678656,-93.63112339
1215,2025-08-11-09-48-14-966,1754923695,1215,1.4751E+12,44.86786559,-93.6311273
1216,2025-08-11-09-48-15-471,1754923695,1216,1.47561E+12,44.86786532,-93.63113089
1217,2025-08-11-09-48-15-978,1754923696,1217,1.47612E+12,44.86786542,-93.63113419
1218,2025-08-11-09-48-16-486,1754923696,1218,1.47662E+12,44.86786551,-93.63113732
1219,2025-08-11-09-48-16-991,1754923697,1219,1.47713E+12,44.86786554,-93.63113978
1220,2025-08-11-09-48-17-499,1754923697,1220,1.47764E+12,44.8678655,-93.63114198
1221,2025-08-11-09-48-18-004,1754923698,1221,1.47814E+12,44.86786555,-93.63114541
1222,2025-08-11-09-48-18-510,1754923699,1222,1.47865E+12,44.86786558,-93.63114881
1223,2025-08-11-09-48-19-017,1754923699,1223,1.47916E+12,44.86786553,-93.63115289
1224,2025-08-11-09-48-19-524,1754923700,1224,1.47966E+12,44.86786539,-93.63115795
1225,2025-08-11-09-48-20-030,1754923700,1225,1.48017E+12,44.86786567,-93.63116271
1226,2025-08-11-09-48-20-538,1754923701,1226,1.48068E+12,44.86786586,-93.63116631
1227,2025-08-11-09-48-21-046,1754923701,1227,1.48118E+12,44.86786591,-93.63116878
1228,2025-08-11-09-48-21-550,1754923702,1228,1.48169E+12,44.86786597,-93.63117075
1229,2025-08-11-09-48-22-061,1754923702,1229,1.48219E+12,44.86786612,-93.63117337
1230,2025-08-11-09-48-22-568,1754923703,1230,1.4827E+12,44.8678661,-93.63117667
1231,2025-08-11-09-48-23-075,1754923703,1231,1.48321E+12,44.86786592,-93.63117995
1232,2025-08-11-09-48-23-576,1754923704,1232,1.48371E+12,44.86786576,-93.63118305
1233,2025-08-11-09-48-24-084,1754923704,1233,1.48422E+12,44.86786584,-93.63118587
1234,2025-08-11-09-48-24-593,1754923705,1234,1.48473E+12,44.86786596,-93.63118852
1235,2025-08-11-09-48-25-097,1754923705,1235,1.48523E+12,44.86786599,-93.6311907
1236,2025-08-11-09-48-25-607,1754923706,1236,1.48574E+12,44.86786609,-93.63119306
1237,2025-08-11-09-48-26-110,1754923706,1237,1.48625E+12,44.867866,-93.6311951
1238,2025-08-11-09-48-26-616,1754923707,1238,1.48675E+12,44.8678659,-93.63119735
1239,2025-08-11-09-48-27-121,1754923707,1239,1.48726E+12,44.86786598,-93.6311996
1240,2025-08-11-09-48-27-632,1754923708,1240,1.48777E+12,44.86786616,-93.63120209
1241,2025-08-11-09-48-28-136,1754923708,1241,1.48827E+12,44.86786605,-93.63120518
1242,2025-08-11-09-48-28-642,1754923709,1242,1.48878E+12,44.86786587,-93.63120961
1243,2025-08-11-09-48-29-150,1754923709,1243,1.48929E+12,44.86786595,-93.63121462
1244,2025-08-11-09-48-29-657,1754923710,1244,1.48979E+12,44.86786599,-93.63121999
1245,2025-08-11-09-48-30-164,1754923710,1245,1.4903E+12,44.86786582,-93.63122575
1246,2025-08-11-09-48-30-668,1754923711,1246,1.49081E+12,44.86786599,-93.63123099
1247,2025-08-11-09-48-31-176,1754923711,1247,1.49131E+12,44.86786592,-93.63123455
1248,2025-08-11-09-48-31-681,1754923712,1248,1.49182E+12,44.86786595,-93.63123705
1249,2025-08-11-09-48-32-188,1754923712,1249,1.49233E+12,44.86786594,-93.63123921
1250,2025-08-11-09-48-32-696,1754923713,1250,1.49283E+12,44.86786595,-93.63124314
1251,2025-08-11-09-48-33-202,1754923713,1251,1.49334E+12,44.86786592,-93.63124759
1252,2025-08-11-09-48-33-708,1754923714,1252,1.49385E+12,44.86786608,-93.63125227
1253,2025-08-11-09-48-34-218,1754923714,1253,1.49435E+12,44.86786612,-93.63125746
1254,2025-08-11-09-48-34-725,1754923715,1254,1.49486E+12,44.86786613,-93.63126298
1255,2025-08-11-09-48-35-227,1754923715,1255,1.49537E+12,44.86786626,-93.63126773
1256,2025-08-11-09-48-35-734,1754923716,1256,1.49587E+12,44.8678662,-93.63127179
1257,2025-08-11-09-48-36-245,1754923716,1257,1.49638E+12,44.86786617,-93.63127463
1258,2025-08-11-09-48-36-748,1754923717,1258,1.49689E+12,44.8678662,-93.63127695
1259,2025-08-11-09-48-37-255,1754923717,1259,1.49739E+12,44.86786631,-93.63127992
1260,2025-08-11-09-48-37-761,1754923718,1260,1.4979E+12,44.86786629,-93.63128381
1261,2025-08-11-09-48-38-267,1754923718,1261,1.49841E+12,44.8678663,-93.63128891
1262,2025-08-11-09-48-38-774,1754923719,1262,1.49891E+12,44.86786631,-93.63129504
1263,2025-08-11-09-48-39-280,1754923719,1263,1.49942E+12,44.86786637,-93.63130109
1264,2025-08-11-09-48-39-788,1754923720,1264,1.49993E+12,44.86786657,-93.63130601
1265,2025-08-11-09-48-40-294,1754923720,1265,1.50043E+12,44.86786645,-93.63130956
1266,2025-08-11-09-48-40-799,1754923721,1266,1.50094E+12,44.86786649,-93.63131264
1267,2025-08-11-09-48-41-307,1754923721,1267,1.50145E+12,44.86786634,-93.63131724
1268,2025-08-11-09-48-41-813,1754923722,1268,1.50195E+12,44.86786624,-93.63132267
1269,2025-08-11-09-48-42-320,1754923722,1269,1.50246E+12,44.86786627,-93.63132902
1270,2025-08-11-09-48-42-826,1754923723,1270,1.50296E+12,44.86786646,-93.63133484
1271,2025-08-11-09-48-43-333,1754923723,1271,1.50347E+12,44.86786646,-93.63133925
1272,2025-08-11-09-48-43-840,1754923724,1272,1.50398E+12,44.86786634,-93.63134252
1273,2025-08-11-09-48-44-347,1754923724,1273,1.50448E+12,44.86786634,-93.63134581
1274,2025-08-11-09-48-44-853,1754923725,1274,1.50499E+12,44.86786631,-93.63134995
1275,2025-08-11-09-48-45-358,1754923725,1275,1.5055E+12,44.86786627,-93.63135485
1276,2025-08-11-09-48-45-868,1754923726,1276,1.506E+12,44.86786619,-93.63136063
1277,2025-08-11-09-48-46-373,1754923726,1277,1.50651E+12,44.86786641,-93.63136659
1278,2025-08-11-09-48-46-881,1754923727,1278,1.50702E+12,44.86786627,-93.63137241
1279,2025-08-11-09-48-47-386,1754923727,1279,1.50752E+12,44.86786634,-93.63137778
1280,2025-08-11-09-48-47-892,1754923728,1280,1.50803E+12,44.86786627,-93.63138254
1281,2025-08-11-09-48-48-399,1754923728,1281,1.50854E+12,44.86786617,-93.63138774
1282,2025-08-11-09-48-48-905,1754923729,1282,1.50904E+12,44.86786627,-93.63139211
1283,2025-08-11-09-48-49-414,1754923729,1283,1.50955E+12,44.8678663,-93.6313966
1284,2025-08-11-09-48-49-920,1754923730,1284,1.51006E+12,44.86786616,-93.63140157
1285,2025-08-11-09-48-50-424,1754923730,1285,1.51056E+12,44.86786612,-93.63140688
1286,2025-08-11-09-48-50-932,1754923731,1286,1.51107E+12,44.86786601,-93.63141207
1287,2025-08-11-09-48-51-439,1754923731,1287,1.51158E+12,44.86786607,-93.63141709
1288,2025-08-11-09-48-51-947,1754923732,1288,1.51208E+12,44.86786618,-93.63142228
1289,2025-08-11-09-48-52-452,1754923732,1289,1.51259E+12,44.86786619,-93.63142769
1290,2025-08-11-09-48-52-960,1754923733,1290,1.5131E+12,44.86786618,-93.63143339
1291,2025-08-11-09-48-53-466,1754923733,1291,1.5136E+12,44.86786608,-93.63143897
1292,2025-08-11-09-48-53-972,1754923734,1292,1.51411E+12,44.86786607,-93.63144426
1293,2025-08-11-09-48-54-478,1754923734,1293,1.51462E+12,44.86786604,-93.63144834
1294,2025-08-11-09-48-54-984,1754923735,1294,1.51512E+12,44.86786603,-93.6314519
1295,2025-08-11-09-48-55-492,1754923735,1295,1.51563E+12,44.86786599,-93.63145586
1296,2025-08-11-09-48-55-998,1754923736,1296,1.51614E+12,44.86786603,-93.6314608
1297,2025-08-11-09-48-56-504,1754923737,1297,1.51664E+12,44.8678658,-93.63146719
1298,2025-08-11-09-48-57-010,1754923737,1298,1.51715E+12,44.86786573,-93.63147269
1299,2025-08-11-09-48-57-516,1754923738,1299,1.51766E+12,44.86786571,-93.63147844
1300,2025-08-11-09-48-58-024,1754923738,1300,1.51816E+12,44.86786553,-93.63148417
1301,2025-08-11-09-48-58-530,1754923739,1301,1.51867E+12,44.8678654,-93.6314898
1302,2025-08-11-09-48-59-037,1754923739,1302,1.51918E+12,44.86786541,-93.63149445
1303,2025-08-11-09-48-59-543,1754923740,1303,1.51968E+12,44.86786526,-93.63149766
1304,2025-08-11-09-49-00-051,1754923740,1304,1.52019E+12,44.86786532,-93.63149984
1305,2025-08-11-09-49-00-558,1754923741,1305,1.5207E+12,44.86786539,-93.63150265
1306,2025-08-11-09-49-01-061,1754923741,1306,1.5212E+12,44.86786538,-93.63150707
1307,2025-08-11-09-49-01-571,1754923742,1307,1.52171E+12,44.86786519,-93.63151258
1308,2025-08-11-09-49-02-077,1754923742,1308,1.52221E+12,44.86786525,-93.63151816
1309,2025-08-11-09-49-02-584,1754923743,1309,1.52272E+12,44.86786526,-93.63152337
1310,2025-08-11-09-49-03-089,1754923743,1310,1.52323E+12,44.86786527,-93.6315274
1311,2025-08-11-09-49-03-596,1754923744,1311,1.52373E+12,44.86786518,-93.6315321
1312,2025-08-11-09-49-04-104,1754923744,1312,1.52424E+12,44.86786517,-93.63153567
1313,2025-08-11-09-49-04-609,1754923745,1313,1.52475E+12,44.86786504,-93.63154222
1314,2025-08-11-09-49-05-116,1754923745,1314,1.52525E+12,44.86786507,-93.6315485
1315,2025-08-11-09-49-05-622,1754923746,1315,1.52576E+12,44.86786512,-93.63155408
1316,2025-08-11-09-49-06-128,1754923746,1316,1.52627E+12,44.86786498,-93.63155832
1317,2025-08-11-09-49-06-636,1754923747,1317,1.52677E+12,44.86786506,-93.63156278
1318,2025-08-11-09-49-07-142,1754923747,1318,1.52728E+12,44.86786501,-93.63156714
1319,2025-08-11-09-49-07-649,1754923748,1319,1.52779E+12,44.86786513,-93.6315708
1320,2025-08-11-09-49-08-154,1754923748,1320,1.52829E+12,44.86786521,-93.63157393
1321,2025-08-11-09-49-08-663,1754923749,1321,1.5288E+12,44.86786521,-93.6315775
1322,2025-08-11-09-49-09-170,1754923749,1322,1.52931E+12,44.86786513,-93.63158198
1323,2025-08-11-09-49-09-675,1754923750,1323,1.52981E+12,44.86786516,-93.63158714
1324,2025-08-11-09-49-10-182,1754923750,1324,1.53032E+12,44.86786529,-93.63159179
1325,2025-08-11-09-49-10-688,1754923751,1325,1.53083E+12,44.86786525,-93.63159556
1326,2025-08-11-09-49-11-196,1754923751,1326,1.53133E+12,44.86786535,-93.63159944
1327,2025-08-11-09-49-11-702,1754923752,1327,1.53184E+12,44.8678655,-93.63160621
1328,2025-08-11-09-49-12-208,1754923752,1328,1.53235E+12,44.86786548,-93.63161279
1329,2025-08-11-09-49-12-716,1754923753,1329,1.53285E+12,44.8678658,-93.63161873
1330,2025-08-11-09-49-13-221,1754923753,1330,1.53336E+12,44.86786569,-93.63162309
1331,2025-08-11-09-49-13-728,1754923754,1331,1.53387E+12,44.8678658,-93.63162678
1332,2025-08-11-09-49-14-234,1754923754,1332,1.53437E+12,44.86786599,-93.63163134
1333,2025-08-11-09-49-14-741,1754923755,1333,1.53488E+12,44.86786594,-93.63163629
1334,2025-08-11-09-49-15-247,1754923755,1334,1.53539E+12,44.86786605,-93.63164027
1335,2025-08-11-09-49-15-753,1754923756,1335,1.53589E+12,44.86786615,-93.63164303
1336,2025-08-11-09-49-16-261,1754923756,1336,1.5364E+12,44.86786616,-93.6316458
1337,2025-08-11-09-49-16-767,1754923757,1337,1.53691E+12,44.86786606,-93.63164917
1338,2025-08-11-09-49-17-274,1754923757,1338,1.53741E+12,44.86786597,-93.63165321
1339,2025-08-11-09-49-17-779,1754923758,1339,1.53792E+12,44.86786615,-93.63165778
1340,2025-08-11-09-49-18-287,1754923758,1340,1.53843E+12,44.86786611,-93.63166287
1341,2025-08-11-09-49-18-793,1754923759,1341,1.53893E+12,44.86786628,-93.63166782
1342,2025-08-11-09-49-19-301,1754923759,1342,1.53944E+12,44.86786622,-93.63167316
1343,2025-08-11-09-49-19-807,1754923760,1343,1.53995E+12,44.86786624,-93.63167692
1344,2025-08-11-09-49-20-314,1754923760,1344,1.54045E+12,44.86786616,-93.6316801
1345,2025-08-11-09-49-20-821,1754923761,1345,1.54096E+12,44.867866,-93.63168356
1346,2025-08-11-09-49-21-326,1754923761,1346,1.54147E+12,44.86786602,-93.63168772
1347,2025-08-11-09-49-21-833,1754923762,1347,1.54197E+12,44.86786596,-93.63169275
1348,2025-08-11-09-49-22-340,1754923762,1348,1.54248E+12,44.8678659,-93.6316986
1349,2025-08-11-09-49-22-846,1754923763,1349,1.54298E+12,44.86786584,-93.63170435
1350,2025-08-11-09-49-23-355,1754923763,1350,1.54349E+12,44.86786566,-93.63170976
1351,2025-08-11-09-49-23-859,1754923764,1351,1.544E+12,44.86786563,-93.63171421
1352,2025-08-11-09-49-24-367,1754923764,1352,1.5445E+12,44.86786557,-93.63171727
1353,2025-08-11-09-49-24-873,1754923765,1353,1.54501E+12,44.86786558,-93.63171892
1354,2025-08-11-09-49-25-380,1754923765,1354,1.54552E+12,44.86786559,-93.6317203
1355,2025-08-11-09-49-25-887,1754923766,1355,1.54602E+12,44.86786553,-93.63172159
1356,2025-08-11-09-49-26-394,1754923766,1356,1.54653E+12,44.86786551,-93.63172422
1357,2025-08-11-09-49-26-899,1754923767,1357,1.54704E+12,44.8678655,-93.63172936
1358,2025-08-11-09-49-27-407,1754923767,1358,1.54754E+12,44.86786546,-93.63173434
1359,2025-08-11-09-49-27-913,1754923768,1359,1.54805E+12,44.86786563,-93.63173953
1360,2025-08-11-09-49-28-420,1754923768,1360,1.54856E+12,44.86786564,-93.63174464
1361,2025-08-11-09-49-28-926,1754923769,1361,1.54906E+12,44.86786576,-93.63174953
1362,2025-08-11-09-49-29-433,1754923769,1362,1.54957E+12,44.86786554,-93.6317544
1363,2025-08-11-09-49-29-939,1754923770,1363,1.55008E+12,44.86786548,-93.63175955
1364,2025-08-11-09-49-30-451,1754923770,1364,1.55058E+12,44.8678656,-93.63176536
1365,2025-08-11-09-49-30-951,1754923771,1365,1.55109E+12,44.86786557,-93.63177165
1366,2025-08-11-09-49-31-458,1754923771,1366,1.5516E+12,44.86786555,-93.63177767
1367,2025-08-11-09-49-31-969,1754923772,1367,1.5521E+12,44.86786545,-93.63178275
1368,2025-08-11-09-49-32-472,1754923772,1368,1.55261E+12,44.8678654,-93.63178674
1369,2025-08-11-09-49-32-983,1754923773,1369,1.55312E+12,44.86786538,-93.63178994
1370,2025-08-11-09-49-33-489,1754923773,1370,1.55362E+12,44.86786536,-93.63179321
1371,2025-08-11-09-49-33-993,1754923774,1371,1.55413E+12,44.86786532,-93.63179683
1372,2025-08-11-09-49-34-499,1754923775,1372,1.55464E+12,44.8678652,-93.63180166
1373,2025-08-11-09-49-35-004,1754923775,1373,1.55514E+12,44.86786532,-93.6318063
1374,2025-08-11-09-49-35-511,1754923776,1374,1.55565E+12,44.86786525,-93.63181173
1375,2025-08-11-09-49-36-017,1754923776,1375,1.55616E+12,44.86786524,-93.63181764
1376,2025-08-11-09-49-36-524,1754923777,1376,1.55666E+12,44.86786521,-93.63182333
1377,2025-08-11-09-49-37-031,1754923777,1377,1.55717E+12,44.86786515,-93.63182854
1378,2025-08-11-09-49-37-538,1754923778,1378,1.55768E+12,44.86786527,-93.63183326
1379,2025-08-11-09-49-38-044,1754923778,1379,1.55818E+12,44.86786518,-93.63183838
1380,2025-08-11-09-49-38-551,1754923779,1380,1.55869E+12,44.86786517,-93.63184409
1381,2025-08-11-09-49-39-057,1754923779,1381,1.5592E+12,44.86786503,-93.63184999
1382,2025-08-11-09-49-39-563,1754923780,1382,1.5597E+12,44.86786519,-93.63185578
1383,2025-08-11-09-49-40-071,1754923780,1383,1.56021E+12,44.86786537,-93.63186178
1384,2025-08-11-09-49-40-576,1754923781,1384,1.56072E+12,44.86786517,-93.63186791
1385,2025-08-11-09-49-41-084,1754923781,1385,1.56122E+12,44.86786522,-93.63187397
1386,2025-08-11-09-49-41-591,1754923782,1386,1.56173E+12,44.86786517,-93.63187891
1387,2025-08-11-09-49-42-097,1754923782,1387,1.56224E+12,44.86786535,-93.63188283
1388,2025-08-11-09-49-42-604,1754923783,1388,1.56274E+12,44.86786531,-93.63188684
1389,2025-08-11-09-49-43-109,1754923783,1389,1.56325E+12,44.86786523,-93.63189077
1390,2025-08-11-09-49-43-617,1754923784,1390,1.56376E+12,44.86786524,-93.63189522
1391,2025-08-11-09-49-44-122,1754923784,1391,1.56426E+12,44.86786516,-93.63189972
1392,2025-08-11-09-49-44-629,1754923785,1392,1.56477E+12,44.86786531,-93.63190339
1393,2025-08-11-09-49-45-136,1754923785,1393,1.56527E+12,44.86786528,-93.631907
1394,2025-08-11-09-49-45-642,1754923786,1394,1.56578E+12,44.8678654,-93.63191206
1395,2025-08-11-09-49-46-150,1754923786,1395,1.56629E+12,44.86786516,-93.63191834
1396,2025-08-11-09-49-46-656,1754923787,1396,1.56679E+12,44.86786535,-93.63192514
1397,2025-08-11-09-49-47-162,1754923787,1397,1.5673E+12,44.86786544,-93.63193138
1398,2025-08-11-09-49-47-669,1754923788,1398,1.56781E+12,44.86786559,-93.63193684
1399,2025-08-11-09-49-48-177,1754923788,1399,1.56831E+12,44.86786563,-93.63194138
1400,2025-08-11-09-49-48-684,1754923789,1400,1.56882E+12,44.86786561,-93.63194542
1401,2025-08-11-09-49-49-188,1754923789,1401,1.56933E+12,44.86786556,-93.6319494
1402,2025-08-11-09-49-49-695,1754923790,1402,1.56983E+12,44.86786571,-93.63195448
1403,2025-08-11-09-49-50-202,1754923790,1403,1.57034E+12,44.86786584,-93.63195822
1404,2025-08-11-09-49-50-708,1754923791,1404,1.57085E+12,44.86786588,-93.63196401
1405,2025-08-11-09-49-51-216,1754923791,1405,1.57135E+12,44.86786594,-93.63196922
1406,2025-08-11-09-49-51-721,1754923792,1406,1.57186E+12,44.86786603,-93.63197491
1407,2025-08-11-09-49-52-228,1754923792,1407,1.57237E+12,44.86786611,-93.63198042
1408,2025-08-11-09-49-52-735,1754923793,1408,1.57287E+12,44.86786594,-93.63198558
1409,2025-08-11-09-49-53-241,1754923793,1409,1.57338E+12,44.86786588,-93.63199097
1410,2025-08-11-09-49-53-749,1754923794,1410,1.57389E+12,44.86786606,-93.63199615
1411,2025-08-11-09-49-54-255,1754923794,1411,1.57439E+12,44.86786594,-93.63200118
1412,2025-08-11-09-49-54-762,1754923795,1412,1.5749E+12,44.86786615,-93.632006
1413,2025-08-11-09-49-55-268,1754923795,1413,1.57541E+12,44.86786596,-93.63201071
1414,2025-08-11-09-49-55-775,1754923796,1414,1.57591E+12,44.86786588,-93.6320155
1415,2025-08-11-09-49-56-281,1754923796,1415,1.57642E+12,44.86786615,-93.63202033
1416,2025-08-11-09-49-56-788,1754923797,1416,1.57693E+12,44.86786618,-93.63202529
1417,2025-08-11-09-49-57-294,1754923797,1417,1.57743E+12,44.86786613,-93.63203017
1418,2025-08-11-09-49-57-801,1754923798,1418,1.57794E+12,44.86786618,-93.63203528
1419,2025-08-11-09-49-58-308,1754923798,1419,1.57845E+12,44.86786606,-93.632042
1420,2025-08-11-09-49-58-813,1754923799,1420,1.57895E+12,44.86786651,-93.6320481
1421,2025-08-11-09-49-59-321,1754923799,1421,1.57946E+12,44.86786641,-93.6320541
1422,2025-08-11-09-49-59-828,1754923800,1422,1.57997E+12,44.86786658,-93.63205984
1423,2025-08-11-09-50-00-333,1754923800,1423,1.58047E+12,44.8678665,-93.6320656
1424,2025-08-11-09-50-00-840,1754923801,1424,1.58098E+12,44.86786652,-93.63207174
1425,2025-08-11-09-50-01-346,1754923801,1425,1.58149E+12,44.86786662,-93.63207804
1426,2025-08-11-09-50-01-854,1754923802,1426,1.58199E+12,44.8678665,-93.63208395
1427,2025-08-11-09-50-02-360,1754923802,1427,1.5825E+12,44.8678666,-93.63208966
1428,2025-08-11-09-50-02-867,1754923803,1428,1.58301E+12,44.86786663,-93.63209522
1429,2025-08-11-09-50-03-372,1754923803,1429,1.58351E+12,44.86786639,-93.63210041
1430,2025-08-11-09-50-03-879,1754923804,1430,1.58402E+12,44.86786653,-93.63210508
1431,2025-08-11-09-50-04-387,1754923804,1431,1.58452E+12,44.86786641,-93.63210932
1432,2025-08-11-09-50-04-893,1754923805,1432,1.58503E+12,44.86786651,-93.63211292
1433,2025-08-11-09-50-05-399,1754923805,1433,1.58554E+12,44.86786655,-93.6321177
1434,2025-08-11-09-50-05-906,1754923806,1434,1.58604E+12,44.8678668,-93.63212241
1435,2025-08-11-09-50-06-412,1754923806,1435,1.58655E+12,44.86786682,-93.63212748
1436,2025-08-11-09-50-06-919,1754923807,1436,1.58706E+12,44.86786679,-93.63213239
1437,2025-08-11-09-50-07-425,1754923807,1437,1.58756E+12,44.86786677,-93.6321366
1438,2025-08-11-09-50-07-933,1754923808,1438,1.58807E+12,44.86786682,-93.6321399
1439,2025-08-11-09-50-08-437,1754923808,1439,1.58858E+12,44.86786674,-93.63214298
1440,2025-08-11-09-50-08-944,1754923809,1440,1.58908E+12,44.86786682,-93.63214677
1441,2025-08-11-09-50-09-451,1754923809,1441,1.58959E+12,44.8678668,-93.63215162
1442,2025-08-11-09-50-09-958,1754923810,1442,1.5901E+12,44.86786693,-93.63215726
1443,2025-08-11-09-50-10-466,1754923810,1443,1.5906E+12,44.86786676,-93.63216284
1444,2025-08-11-09-50-10-971,1754923811,1444,1.59111E+12,44.86786672,-93.63216806
1445,2025-08-11-09-50-11-480,1754923811,1445,1.59162E+12,44.86786672,-93.63217286
1446,2025-08-11-09-50-11-983,1754923812,1446,1.59212E+12,44.86786674,-93.63217674
1447,2025-08-11-09-50-12-491,1754923812,1447,1.59263E+12,44.86786662,-93.63217993
1448,2025-08-11-09-50-12-999,1754923813,1448,1.59314E+12,44.86786668,-93.6321839
1449,2025-08-11-09-50-13-503,1754923814,1449,1.59364E+12,44.86786678,-93.6321879
1450,2025-08-11-09-50-14-012,1754923814,1450,1.59415E+12,44.86786673,-93.63219246
1451,2025-08-11-09-50-14-517,1754923815,1451,1.59466E+12,44.86786678,-93.63219764
1452,2025-08-11-09-50-15-027,1754923815,1452,1.59516E+12,44.86786692,-93.63220327
1453,2025-08-11-09-50-15-529,1754923816,1453,1.59567E+12,44.86786667,-93.6322095
1454,2025-08-11-09-50-16-037,1754923816,1454,1.59618E+12,44.86786684,-93.63221619
1455,2025-08-11-09-50-16-544,1754923817,1455,1.59668E+12,44.86786672,-93.63222268
1456,2025-08-11-09-50-17-050,1754923817,1456,1.59719E+12,44.86786659,-93.63222865
1457,2025-08-11-09-50-17-556,1754923818,1457,1.5977E+12,44.86786655,-93.63223354
1458,2025-08-11-09-50-18-059,1754923818,1458,1.5982E+12,44.8678666,-93.6322384
1459,2025-08-11-09-50-18-569,1754923819,1459,1.59871E+12,44.86786642,-93.63224419
1460,2025-08-11-09-50-19-077,1754923819,1460,1.59922E+12,44.86786631,-93.6322499
1461,2025-08-11-09-50-19-583,1754923820,1461,1.59972E+12,44.86786635,-93.63225504
1462,2025-08-11-09-50-20-090,1754923820,1462,1.60023E+12,44.86786641,-93.63225911
1463,2025-08-11-09-50-20-595,1754923821,1463,1.60073E+12,44.86786637,-93.6322629
1464,2025-08-11-09-50-21-103,1754923821,1464,1.60124E+12,44.86786643,-93.63226703
1465,2025-08-11-09-50-21-608,1754923822,1465,1.60175E+12,44.86786638,-93.63227077
1466,2025-08-11-09-50-22-116,1754923822,1466,1.60225E+12,44.86786637,-93.63227466
1467,2025-08-11-09-50-22-623,1754923823,1467,1.60276E+12,44.86786629,-93.63227866
1468,2025-08-11-09-50-23-133,1754923823,1468,1.60327E+12,44.86786644,-93.63228355
1469,2025-08-11-09-50-23-639,1754923824,1469,1.60377E+12,44.86786639,-93.63228859
1470,2025-08-11-09-50-24-142,1754923824,1470,1.60428E+12,44.86786634,-93.63229398
1471,2025-08-11-09-50-24-648,1754923825,1471,1.60479E+12,44.86786653,-93.63229977
1472,2025-08-11-09-50-25-157,1754923825,1472,1.60529E+12,44.86786639,-93.63230611
1473,2025-08-11-09-50-25-660,1754923826,1473,1.6058E+12,44.86786641,-93.63231291
1474,2025-08-11-09-50-26-171,1754923826,1474,1.60631E+12,44.86786637,-93.63231948
1475,2025-08-11-09-50-26-678,1754923827,1475,1.60681E+12,44.86786656,-93.63232499
1476,2025-08-11-09-50-27-183,1754923827,1476,1.60732E+12,44.86786672,-93.63232965
1477,2025-08-11-09-50-27-687,1754923828,1477,1.60783E+12,44.8678668,-93.63233358
1478,2025-08-11-09-50-28-194,1754923828,1478,1.60833E+12,44.86786676,-93.63233773
1479,2025-08-11-09-50-28-702,1754923829,1479,1.60884E+12,44.86786679,-93.63234116
1480,2025-08-11-09-50-29-208,1754923829,1480,1.60935E+12,44.86786663,-93.63234482
1481,2025-08-11-09-50-29-718,1754923830,1481,1.60985E+12,44.86786675,-93.63234892
1482,2025-08-11-09-50-30-220,1754923830,1482,1.61036E+12,44.86786699,-93.63235403
1483,2025-08-11-09-50-30-731,1754923831,1483,1.61087E+12,44.86786694,-93.6323595
1484,2025-08-11-09-50-31-237,1754923831,1484,1.61137E+12,44.86786697,-93.63236492
1485,2025-08-11-09-50-31-743,1754923832,1485,1.61188E+12,44.86786697,-93.63237025
1486,2025-08-11-09-50-32-247,1754923832,1486,1.61239E+12,44.86786673,-93.63237497
1487,2025-08-11-09-50-32-756,1754923833,1487,1.61289E+12,44.86786684,-93.63237916
1488,2025-08-11-09-50-33-264,1754923833,1488,1.6134E+12,44.86786686,-93.63238319
1489,2025-08-11-09-50-33-766,1754923834,1489,1.61391E+12,44.86786672,-93.63238804
1490,2025-08-11-09-50-34-272,1754923834,1490,1.61441E+12,44.86786672,-93.63239375
1491,2025-08-11-09-50-34-780,1754923835,1491,1.61492E+12,44.86786663,-93.63239974
1492,2025-08-11-09-50-35-286,1754923835,1492,1.61542E+12,44.86786659,-93.63240566
1493,2025-08-11-09-50-35-793,1754923836,1493,1.61593E+12,44.8678665,-93.63241128
1494,2025-08-11-09-50-36-299,1754923836,1494,1.61644E+12,44.86786644,-93.63241704
1495,2025-08-11-09-50-36-809,1754923837,1495,1.61694E+12,44.86786649,-93.63242163
1496,2025-08-11-09-50-37-314,1754923837,1496,1.61745E+12,44.86786638,-93.63242629
1497,2025-08-11-09-50-37-818,1754923838,1497,1.61796E+12,44.86786641,-93.63243183
1498,2025-08-11-09-50-38-324,1754923838,1498,1.61846E+12,44.86786636,-93.63243822
1499,2025-08-11-09-50-38-830,1754923839,1499,1.61897E+12,44.86786621,-93.63244545
1500,2025-08-11-09-50-39-337,1754923839,1500,1.61948E+12,44.86786619,-93.63245318
1501,2025-08-11-09-50-39-844,1754923840,1501,1.61998E+12,44.86786611,-93.63246152
1502,2025-08-11-09-50-40-350,1754923840,1502,1.62049E+12,44.86786547,-93.63247051
1503,2025-08-11-09-50-40-858,1754923841,1503,1.621E+12,44.86786442,-93.63248095
1504,2025-08-11-09-50-41-364,1754923841,1504,1.6215E+12,44.8678613,-93.63249088
1505,2025-08-11-09-50-41-870,1754923842,1505,1.62201E+12,44.86785604,-93.63249938
1506,2025-08-11-09-50-42-377,1754923842,1506,1.62252E+12,44.86784916,-93.63250473
1507,2025-08-11-09-50-42-884,1754923843,1507,1.62302E+12,44.86784283,-93.63250635
1508,2025-08-11-09-50-43-390,1754923843,1508,1.62353E+12,44.8678378,-93.63250644
1509,2025-08-11-09-50-43-897,1754923844,1509,1.62404E+12,44.86783547,-93.63250545
1510,2025-08-11-09-50-44-403,1754923844,1510,1.62454E+12,44.86783559,-93.63250558
1511,2025-08-11-09-50-44-908,1754923845,1511,1.62505E+12,44.86783616,-93.63250573
1512,2025-08-11-09-50-45-418,1754923845,1512,1.62556E+12,44.86783673,-93.63250573
1513,2025-08-11-09-50-45-922,1754923846,1513,1.62606E+12,44.8678395,-93.63250593
1514,2025-08-11-09-50-46-429,1754923846,1514,1.62657E+12,44.86784361,-93.63250498
1515,2025-08-11-09-50-46-936,1754923847,1515,1.62708E+12,44.86784722,-93.63250349
1516,2025-08-11-09-50-47-446,1754923847,1516,1.62758E+12,44.86785149,-93.63250218
1517,2025-08-11-09-50-47-949,1754923848,1517,1.62809E+12,44.86785593,-93.63250086
1518,2025-08-11-09-50-48-459,1754923848,1518,1.6286E+12,44.8678607,-93.63249997
1519,2025-08-11-09-50-48-963,1754923849,1519,1.6291E+12,44.8678659,-93.63249888
1520,2025-08-11-09-50-49-470,1754923849,1520,1.62961E+12,44.8678717,-93.63249782
1521,2025-08-11-09-50-49-976,1754923850,1521,1.63011E+12,44.86787773,-93.6324978
1522,2025-08-11-09-50-50-482,1754923850,1522,1.63062E+12,44.86788345,-93.63249803
1523,2025-08-11-09-50-50-989,1754923851,1523,1.63113E+12,44.8678877,-93.63249855
1524,2025-08-11-09-50-51-496,1754923851,1524,1.63163E+12,44.86789018,-93.63249905
1525,2025-08-11-09-50-52-001,1754923852,1525,1.63214E+12,44.86789134,-93.63249926
1526,2025-08-11-09-50-52-508,1754923853,1526,1.63265E+12,44.86789157,-93.63249934
1527,2025-08-11-09-50-53-016,1754923853,1527,1.63315E+12,44.86789167,-93.63249936
1528,2025-08-11-09-50-53-521,1754923854,1528,1.63366E+12,44.86789167,-93.63249936
1529,2025-08-11-09-50-54-031,1754923854,1529,1.63417E+12,44.86789167,-93.63249939
1530,2025-08-11-09-50-54-534,1754923855,1530,1.63467E+12,44.86789166,-93.63249934
1531,2025-08-11-09-50-55-045,1754923855,1531,1.63518E+12,44.86789149,-93.6324993
1532,2025-08-11-09-50-55-548,1754923856,1532,1.63569E+12,44.86789113,-93.63249922
1533,2025-08-11-09-50-56-057,1754923856,1533,1.63619E+12,44.86789042,-93.63249897
1534,2025-08-11-09-50-56-561,1754923857,1534,1.6367E+12,44.86788996,-93.63249882
1535,2025-08-11-09-50-57-066,1754923857,1535,1.63721E+12,44.86788912,-93.63249832
1536,2025-08-11-09-50-57-574,1754923858,1536,1.63771E+12,44.86788755,-93.63249748
1537,2025-08-11-09-50-58-080,1754923858,1537,1.63822E+12,44.86788547,-93.63249613
1538,2025-08-11-09-50-58-586,1754923859,1538,1.63873E+12,44.8678827,-93.63249418
1539,2025-08-11-09-50-59-092,1754923859,1539,1.63923E+12,44.86788004,-93.63249108
1540,2025-08-11-09-50-59-599,1754923860,1540,1.63974E+12,44.8678775,-93.63248767
1541,2025-08-11-09-51-00-107,1754923860,1541,1.64025E+12,44.86787483,-93.63248357
1542,2025-08-11-09-51-00-612,1754923861,1542,1.64075E+12,44.86787324,-93.63247975
1543,2025-08-11-09-51-01-120,1754923861,1543,1.64126E+12,44.86787195,-93.63247591
1544,2025-08-11-09-51-01-625,1754923862,1544,1.64176E+12,44.86787112,-93.63247225
1545,2025-08-11-09-51-02-132,1754923862,1545,1.64227E+12,44.86787059,-93.63246841
1546,2025-08-11-09-51-02-641,1754923863,1546,1.64278E+12,44.86786976,-93.63246469
1547,2025-08-11-09-51-03-145,1754923863,1547,1.64328E+12,44.8678692,-93.63246087
1548,2025-08-11-09-51-03-653,1754923864,1548,1.64379E+12,44.86786853,-93.63245702
1549,2025-08-11-09-51-04-159,1754923864,1549,1.6443E+12,44.86786792,-93.63245325
1550,2025-08-11-09-51-04-665,1754923865,1550,1.6448E+12,44.86786784,-93.63244892
1551,2025-08-11-09-51-05-172,1754923865,1551,1.64531E+12,44.8678672,-93.63244439
1552,2025-08-11-09-51-05-676,1754923866,1552,1.64582E+12,44.86786692,-93.63243974
1553,2025-08-11-09-51-06-184,1754923866,1553,1.64632E+12,44.86786661,-93.63243511
1554,2025-08-11-09-51-06-690,1754923867,1554,1.64683E+12,44.86786645,-93.63243105
1555,2025-08-11-09-51-07-197,1754923867,1555,1.64734E+12,44.8678662,-93.63242616
1556,2025-08-11-09-51-07-704,1754923868,1556,1.64784E+12,44.86786597,-93.63242287
1557,2025-08-11-09-51-08-217,1754923868,1557,1.64835E+12,44.86786593,-93.63242002
1558,2025-08-11-09-51-08-717,1754923869,1558,1.64886E+12,44.86786595,-93.63241757
1559,2025-08-11-09-51-09-223,1754923869,1559,1.64936E+12,44.86786595,-93.63241549
1560,2025-08-11-09-51-09-731,1754923870,1560,1.64987E+12,44.86786601,-93.63241379
1561,2025-08-11-09-51-10-235,1754923870,1561,1.65038E+12,44.86786598,-93.63241227
1562,2025-08-11-09-51-10-743,1754923871,1562,1.65088E+12,44.86786601,-93.63241077
1563,2025-08-11-09-51-11-249,1754923871,1563,1.65139E+12,44.86786598,-93.63240968
1564,2025-08-11-09-51-11-757,1754923872,1564,1.6519E+12,44.86786596,-93.63240855
1565,2025-08-11-09-51-12-263,1754923872,1565,1.6524E+12,44.867866,-93.63240676
1566,2025-08-11-09-51-12-769,1754923873,1566,1.65291E+12,44.86786595,-93.63240411
1567,2025-08-11-09-51-13-276,1754923873,1567,1.65342E+12,44.8678659,-93.63240055
1568,2025-08-11-09-51-13-782,1754923874,1568,1.65392E+12,44.86786607,-93.63239669
1569,2025-08-11-09-51-14-289,1754923874,1569,1.65443E+12,44.86786604,-93.63239273
1570,2025-08-11-09-51-14-796,1754923875,1570,1.65494E+12,44.86786606,-93.63238945
1571,2025-08-11-09-51-15-300,1754923875,1571,1.65544E+12,44.86786618,-93.63238563
1572,2025-08-11-09-51-15-809,1754923876,1572,1.65595E+12,44.86786617,-93.63238285
1573,2025-08-11-09-51-16-315,1754923876,1573,1.65645E+12,44.86786625,-93.63238041
1574,2025-08-11-09-51-16-822,1754923877,1574,1.65696E+12,44.86786626,-93.6323782
1575,2025-08-11-09-51-17-330,1754923877,1575,1.65747E+12,44.86786634,-93.63237621
1576,2025-08-11-09-51-17-836,1754923878,1576,1.65797E+12,44.86786635,-93.63237402
1577,2025-08-11-09-51-18-342,1754923878,1577,1.65848E+12,44.86786633,-93.63237274
1578,2025-08-11-09-51-18-849,1754923879,1578,1.65899E+12,44.86786633,-93.63237165
1579,2025-08-11-09-51-19-359,1754923879,1579,1.65949E+12,44.86786637,-93.63237012
1580,2025-08-11-09-51-19-863,1754923880,1580,1.66E+12,44.86786637,-93.63236786
1581,2025-08-11-09-51-20-372,1754923880,1581,1.66051E+12,44.86786631,-93.63236403
1582,2025-08-11-09-51-20-875,1754923881,1582,1.66101E+12,44.86786615,-93.63235976
1583,2025-08-11-09-51-21-380,1754923881,1583,1.66152E+12,44.86786596,-93.63235533
1584,2025-08-11-09-51-21-892,1754923882,1584,1.66203E+12,44.86786583,-93.63235123
1585,2025-08-11-09-51-22-398,1754923882,1585,1.66253E+12,44.86786595,-93.63234704
1586,2025-08-11-09-51-22-900,1754923883,1586,1.66304E+12,44.86786595,-93.63234263
1587,2025-08-11-09-51-23-407,1754923883,1587,1.66355E+12,44.86786594,-93.63233949
1588,2025-08-11-09-51-23-918,1754923884,1588,1.66405E+12,44.86786593,-93.63233666
1589,2025-08-11-09-51-24-419,1754923884,1589,1.66456E+12,44.86786597,-93.6323336
1590,2025-08-11-09-51-24-932,1754923885,1590,1.66507E+12,44.86786583,-93.63233066
1591,2025-08-11-09-51-25-433,1754923885,1591,1.66557E+12,44.86786572,-93.63232797
1592,2025-08-11-09-51-25-939,1754923886,1592,1.66608E+12,44.86786565,-93.63232535
1593,2025-08-11-09-51-26-446,1754923886,1593,1.66659E+12,44.86786564,-93.63232288
1594,2025-08-11-09-51-26-953,1754923887,1594,1.66709E+12,44.86786566,-93.63232043
1595,2025-08-11-09-51-27-459,1754923887,1595,1.6676E+12,44.86786567,-93.63231816
1596,2025-08-11-09-51-27-966,1754923888,1596,1.6681E+12,44.86786565,-93.6323161
1597,2025-08-11-09-51-28-472,1754923888,1597,1.66861E+12,44.86786568,-93.63231334
1598,2025-08-11-09-51-28-979,1754923889,1598,1.66912E+12,44.86786566,-93.63230977
1599,2025-08-11-09-51-29-485,1754923889,1599,1.66962E+12,44.86786571,-93.63230559
1600,2025-08-11-09-51-29-992,1754923890,1600,1.67013E+12,44.86786561,-93.63230044
1601,2025-08-11-09-51-30-497,1754923890,1601,1.67064E+12,44.8678656,-93.6322938
1602,2025-08-11-09-51-31-001,1754923891,1602,1.67114E+12,44.8678654,-93.63228879
1603,2025-08-11-09-51-31-513,1754923892,1603,1.67165E+12,44.86786535,-93.63228442
1604,2025-08-11-09-51-32-017,1754923892,1604,1.67216E+12,44.86786529,-93.63228072
1605,2025-08-11-09-51-32-524,1754923893,1605,1.67266E+12,44.86786528,-93.63227732
1606,2025-08-11-09-51-33-032,1754923893,1606,1.67317E+12,44.86786528,-93.6322743
1607,2025-08-11-09-51-33-538,1754923894,1607,1.67368E+12,44.86786526,-93.63227118
1608,2025-08-11-09-51-34-046,1754923894,1608,1.67418E+12,44.86786532,-93.63226867
1609,2025-08-11-09-51-34-550,1754923895,1609,1.67469E+12,44.86786536,-93.63226609
1610,2025-08-11-09-51-35-057,1754923895,1610,1.6752E+12,44.8678653,-93.63226344
1611,2025-08-11-09-51-35-564,1754923896,1611,1.6757E+12,44.86786542,-93.63226015
1612,2025-08-11-09-51-36-071,1754923896,1612,1.67621E+12,44.86786521,-93.63225564
1613,2025-08-11-09-51-36-577,1754923897,1613,1.67672E+12,44.86786554,-93.63225096
1614,2025-08-11-09-51-37-083,1754923897,1614,1.67722E+12,44.86786534,-93.6322462
1615,2025-08-11-09-51-37-592,1754923898,1615,1.67773E+12,44.86786548,-93.63224176
1616,2025-08-11-09-51-38-096,1754923898,1616,1.67824E+12,44.86786531,-93.63223821
1617,2025-08-11-09-51-38-603,1754923899,1617,1.67874E+12,44.86786531,-93.63223519
1618,2025-08-11-09-51-39-113,1754923899,1618,1.67925E+12,44.86786536,-93.63223246
1619,2025-08-11-09-51-39-620,1754923900,1619,1.67976E+12,44.86786522,-93.63222892
1620,2025-08-11-09-51-40-123,1754923900,1620,1.68026E+12,44.86786535,-93.6322242
1621,2025-08-11-09-51-40-629,1754923901,1621,1.68077E+12,44.86786532,-93.63221991
1622,2025-08-11-09-51-41-138,1754923901,1622,1.68128E+12,44.86786541,-93.63221594
1623,2025-08-11-09-51-41-646,1754923902,1623,1.68178E+12,44.8678653,-93.63221247
1624,2025-08-11-09-51-42-149,1754923902,1624,1.68229E+12,44.86786536,-93.63220956
1625,2025-08-11-09-51-42-657,1754923903,1625,1.6828E+12,44.86786528,-93.63220688
1626,2025-08-11-09-51-43-164,1754923903,1626,1.6833E+12,44.86786533,-93.6322036
1627,2025-08-11-09-51-43-670,1754923904,1627,1.68381E+12,44.86786531,-93.63219985
1628,2025-08-11-09-51-44-175,1754923904,1628,1.68431E+12,44.86786537,-93.63219554
1629,2025-08-11-09-51-44-683,1754923905,1629,1.68482E+12,44.8678654,-93.63219116
1630,2025-08-11-09-51-45-187,1754923905,1630,1.68533E+12,44.86786538,-93.63218703
1631,2025-08-11-09-51-45-694,1754923906,1631,1.68583E+12,44.86786547,-93.63218291
1632,2025-08-11-09-51-46-202,1754923906,1632,1.68634E+12,44.86786536,-93.63217827
1633,2025-08-11-09-51-46-709,1754923907,1633,1.68685E+12,44.86786531,-93.63217438
1634,2025-08-11-09-51-47-214,1754923907,1634,1.68735E+12,44.86786529,-93.63217046
1635,2025-08-11-09-51-47-720,1754923908,1635,1.68786E+12,44.86786534,-93.63216628
1636,2025-08-11-09-51-48-228,1754923908,1636,1.68837E+12,44.86786539,-93.63216205
1637,2025-08-11-09-51-48-734,1754923909,1637,1.68887E+12,44.86786537,-93.63215813
1638,2025-08-11-09-51-49-240,1754923909,1638,1.68938E+12,44.86786545,-93.63215431
1639,2025-08-11-09-51-49-746,1754923910,1639,1.68989E+12,44.86786541,-93.63215018
1640,2025-08-11-09-51-50-251,1754923910,1640,1.69039E+12,44.86786525,-93.63214544
1641,2025-08-11-09-51-50-761,1754923911,1641,1.6909E+12,44.86786524,-93.6321405
1642,2025-08-11-09-51-51-267,1754923911,1642,1.69141E+12,44.86786523,-93.63213545
1643,2025-08-11-09-51-51-774,1754923912,1643,1.69191E+12,44.86786525,-93.63213045
1644,2025-08-11-09-51-52-280,1754923912,1644,1.69242E+12,44.8678653,-93.63212566
1645,2025-08-11-09-51-52-786,1754923913,1645,1.69293E+12,44.86786533,-93.63212094
1646,2025-08-11-09-51-53-295,1754923913,1646,1.69343E+12,44.86786516,-93.63211504
1647,2025-08-11-09-51-53-801,1754923914,1647,1.69394E+12,44.86786521,-93.63211116
1648,2025-08-11-09-51-54-308,1754923914,1648,1.69445E+12,44.86786525,-93.63210563
1649,2025-08-11-09-51-54-812,1754923915,1649,1.69495E+12,44.86786513,-93.63210117
1650,2025-08-11-09-51-55-319,1754923915,1650,1.69546E+12,44.86786507,-93.63209701
1651,2025-08-11-09-51-55-827,1754923916,1651,1.69597E+12,44.86786506,-93.63209306
1652,2025-08-11-09-51-56-333,1754923916,1652,1.69647E+12,44.867865,-93.6320892
1653,2025-08-11-09-51-56-839,1754923917,1653,1.69698E+12,44.86786494,-93.63208568
1654,2025-08-11-09-51-57-346,1754923917,1654,1.69749E+12,44.86786507,-93.63208172
1655,2025-08-11-09-51-57-853,1754923918,1655,1.69799E+12,44.86786502,-93.63207766
1656,2025-08-11-09-51-58-359,1754923918,1656,1.6985E+12,44.86786501,-93.63207362
1657,2025-08-11-09-51-58-866,1754923919,1657,1.69901E+12,44.867865,-93.63206961
1658,2025-08-11-09-51-59-372,1754923919,1658,1.69951E+12,44.86786505,-93.63206509
1659,2025-08-11-09-51-59-879,1754923920,1659,1.70002E+12,44.86786509,-93.63206024
1660,2025-08-11-09-52-00-386,1754923920,1660,1.70053E+12,44.86786519,-93.63205493
1661,2025-08-11-09-52-00-892,1754923921,1661,1.70103E+12,44.86786515,-93.63204931
1662,2025-08-11-09-52-01-397,1754923921,1662,1.70154E+12,44.86786515,-93.63204276
1663,2025-08-11-09-52-01-906,1754923922,1663,1.70204E+12,44.86786505,-93.63203745
1664,2025-08-11-09-52-02-410,1754923922,1664,1.70255E+12,44.86786505,-93.63203272
1665,2025-08-11-09-52-02-922,1754923923,1665,1.70306E+12,44.86786497,-93.63202775
1666,2025-08-11-09-52-03-429,1754923923,1666,1.70356E+12,44.86786473,-93.63202346
1667,2025-08-11-09-52-03-936,1754923924,1667,1.70407E+12,44.86786441,-93.6320193
1668,2025-08-11-09-52-04-437,1754923924,1668,1.70458E+12,44.86786453,-93.63201531
1669,2025-08-11-09-52-04-944,1754923925,1669,1.70508E+12,44.86786443,-93.63201126
1670,2025-08-11-09-52-05-453,1754923925,1670,1.70559E+12,44.86786433,-93.63200737
1671,2025-08-11-09-52-05-956,1754923926,1671,1.7061E+12,44.86786444,-93.63200372
1672,2025-08-11-09-52-06-464,1754923926,1672,1.7066E+12,44.86786441,-93.63199967
1673,2025-08-11-09-52-06-971,1754923927,1673,1.70711E+12,44.86786422,-93.63199557
1674,2025-08-11-09-52-07-476,1754923927,1674,1.70762E+12,44.86786423,-93.63199131
1675,2025-08-11-09-52-07-982,1754923928,1675,1.70812E+12,44.86786433,-93.63198668
1676,2025-08-11-09-52-08-490,1754923928,1676,1.70863E+12,44.8678644,-93.63198154
1677,2025-08-11-09-52-08-997,1754923929,1677,1.70914E+12,44.86786428,-93.63197527
1678,2025-08-11-09-52-09-502,1754923930,1678,1.70964E+12,44.86786421,-93.6319701
1679,2025-08-11-09-52-10-009,1754923930,1679,1.71015E+12,44.86786424,-93.63196571
1680,2025-08-11-09-52-10-516,1754923931,1680,1.71066E+12,44.86786415,-93.63196223
1681,2025-08-11-09-52-11-024,1754923931,1681,1.71116E+12,44.86786404,-93.63195927
1682,2025-08-11-09-52-11-530,1754923932,1682,1.71167E+12,44.86786413,-93.63195654
1683,2025-08-11-09-52-12-036,1754923932,1683,1.71218E+12,44.86786422,-93.63195381
1684,2025-08-11-09-52-12-543,1754923933,1684,1.71268E+12,44.86786417,-93.63195096
1685,2025-08-11-09-52-13-050,1754923933,1685,1.71319E+12,44.86786412,-93.63194816
1686,2025-08-11-09-52-13-555,1754923934,1686,1.7137E+12,44.86786405,-93.63194406
1687,2025-08-11-09-52-14-062,1754923934,1687,1.7142E+12,44.86786402,-93.631939
1688,2025-08-11-09-52-14-568,1754923935,1688,1.71471E+12,44.86786407,-93.63193382
1689,2025-08-11-09-52-15-076,1754923935,1689,1.71522E+12,44.86786383,-93.63192887
1690,2025-08-11-09-52-15-581,1754923936,1690,1.71572E+12,44.86786392,-93.63192451
1691,2025-08-11-09-52-16-088,1754923936,1691,1.71623E+12,44.86786405,-93.63192051
1692,2025-08-11-09-52-16-596,1754923937,1692,1.71673E+12,44.867864,-93.63191664
1693,2025-08-11-09-52-17-100,1754923937,1693,1.71724E+12,44.86786404,-93.63191266
1694,2025-08-11-09-52-17-607,1754923938,1694,1.71775E+12,44.86786402,-93.63190758
1695,2025-08-11-09-52-18-113,1754923938,1695,1.71825E+12,44.86786388,-93.63190319
1696,2025-08-11-09-52-18-620,1754923939,1696,1.71876E+12,44.86786376,-93.63189893
1697,2025-08-11-09-52-19-125,1754923939,1697,1.71927E+12,44.86786369,-93.63189496
1698,2025-08-11-09-52-19-634,1754923940,1698,1.71977E+12,44.86786372,-93.63189077
1699,2025-08-11-09-52-20-141,1754923940,1699,1.72028E+12,44.86786373,-93.63188624
1700,2025-08-11-09-52-20-647,1754923941,1700,1.72079E+12,44.86786376,-93.63188171
1701,2025-08-11-09-52-21-155,1754923941,1701,1.72129E+12,44.86786354,-93.63187689
1702,2025-08-11-09-52-21-659,1754923942,1702,1.7218E+12,44.86786375,-93.63187223
1703,2025-08-11-09-52-22-165,1754923942,1703,1.72231E+12,44.86786366,-93.63186782
1704,2025-08-11-09-52-22-673,1754923943,1704,1.72281E+12,44.86786356,-93.63186354
1705,2025-08-11-09-52-23-184,1754923943,1705,1.72332E+12,44.86786356,-93.63185927
1706,2025-08-11-09-52-23-690,1754923944,1706,1.72383E+12,44.86786339,-93.63185486
1707,2025-08-11-09-52-24-193,1754923944,1707,1.72433E+12,44.86786359,-93.63185041
1708,2025-08-11-09-52-24-701,1754923945,1708,1.72484E+12,44.86786372,-93.63184532
1709,2025-08-11-09-52-25-205,1754923945,1709,1.72535E+12,44.86786365,-93.6318417
1710,2025-08-11-09-52-25-715,1754923946,1710,1.72585E+12,44.86786368,-93.63183817
1711,2025-08-11-09-52-26-219,1754923946,1711,1.72636E+12,44.86786352,-93.63183472
1712,2025-08-11-09-52-26-725,1754923947,1712,1.72687E+12,44.86786361,-93.63183084
1713,2025-08-11-09-52-27-237,1754923947,1713,1.72737E+12,44.86786363,-93.63182584
1714,2025-08-11-09-52-27-742,1754923948,1714,1.72788E+12,44.8678638,-93.63181989
1715,2025-08-11-09-52-28-247,1754923948,1715,1.72839E+12,44.86786369,-93.63181387
1716,2025-08-11-09-52-28-753,1754923949,1716,1.72889E+12,44.86786365,-93.63180827
1717,2025-08-11-09-52-29-259,1754923949,1717,1.7294E+12,44.86786366,-93.63180304
1718,2025-08-11-09-52-29-767,1754923950,1718,1.72991E+12,44.86786367,-93.63179814
1719,2025-08-11-09-52-30-271,1754923950,1719,1.73041E+12,44.86786375,-93.63179377
1720,2025-08-11-09-52-30-778,1754923951,1720,1.73092E+12,44.86786372,-93.6317898
1721,2025-08-11-09-52-31-284,1754923951,1721,1.73142E+12,44.86786369,-93.63178618
1722,2025-08-11-09-52-31-792,1754923952,1722,1.73193E+12,44.86786369,-93.63178261
1723,2025-08-11-09-52-32-298,1754923952,1723,1.73244E+12,44.86786383,-93.63177791
1724,2025-08-11-09-52-32-803,1754923953,1724,1.73294E+12,44.86786371,-93.63177371
1725,2025-08-11-09-52-33-311,1754923953,1725,1.73345E+12,44.86786376,-93.63176912
1726,2025-08-11-09-52-33-817,1754923954,1726,1.73396E+12,44.86786368,-93.63176459
1727,2025-08-11-09-52-34-328,1754923954,1727,1.73446E+12,44.86786386,-93.63175962
1728,2025-08-11-09-52-34-834,1754923955,1728,1.73497E+12,44.86786383,-93.63175413
1729,2025-08-11-09-52-35-338,1754923955,1729,1.73548E+12,44.86786379,-93.63174822
1730,2025-08-11-09-52-35-849,1754923956,1730,1.73598E+12,44.86786383,-93.63174224
1731,2025-08-11-09-52-36-349,1754923956,1731,1.73649E+12,44.86786352,-93.63173684
1732,2025-08-11-09-52-36-856,1754923957,1732,1.737E+12,44.86786362,-93.63173205
1733,2025-08-11-09-52-37-364,1754923957,1733,1.7375E+12,44.86786349,-93.63172766
1734,2025-08-11-09-52-37-870,1754923958,1734,1.73801E+12,44.86786353,-93.63172373
1735,2025-08-11-09-52-38-376,1754923958,1735,1.73852E+12,44.86786342,-93.63171937
1736,2025-08-11-09-52-38-882,1754923959,1736,1.73902E+12,44.8678636,-93.63171469
1737,2025-08-11-09-52-39-389,1754923959,1737,1.73953E+12,44.86786352,-93.63171012
1738,2025-08-11-09-52-39-896,1754923960,1738,1.74004E+12,44.86786353,-93.63170505
1739,2025-08-11-09-52-40-404,1754923960,1739,1.74054E+12,44.86786334,-93.63170071
1740,2025-08-11-09-52-40-910,1754923961,1740,1.74105E+12,44.86786348,-93.63169644
1741,2025-08-11-09-52-41-416,1754923961,1741,1.74156E+12,44.86786355,-93.63169226
1742,2025-08-11-09-52-41-922,1754923962,1742,1.74206E+12,44.86786391,-93.63168735
1743,2025-08-11-09-52-42-428,1754923962,1743,1.74257E+12,44.86786388,-93.63168231
1744,2025-08-11-09-52-42-936,1754923963,1744,1.74308E+12,44.86786399,-93.63167775
1745,2025-08-11-09-52-43-442,1754923963,1745,1.74358E+12,44.86786385,-93.63167295
1746,2025-08-11-09-52-43-950,1754923964,1746,1.74409E+12,44.86786398,-93.63166811
1747,2025-08-11-09-52-44-454,1754923964,1747,1.7446E+12,44.86786406,-93.6316634
1748,2025-08-11-09-52-44-962,1754923965,1748,1.7451E+12,44.86786408,-93.6316583
1749,2025-08-11-09-52-45-467,1754923965,1749,1.74561E+12,44.86786393,-93.63165276
1750,2025-08-11-09-52-45-972,1754923966,1750,1.74611E+12,44.86786389,-93.63164764
1751,2025-08-11-09-52-46-482,1754923966,1751,1.74662E+12,44.86786399,-93.63164208
1752,2025-08-11-09-52-46-988,1754923967,1752,1.74713E+12,44.86786408,-93.6316358
1753,2025-08-11-09-52-47-494,1754923967,1753,1.74763E+12,44.86786411,-93.63162939
1754,2025-08-11-09-52-48-004,1754923968,1754,1.74814E+12,44.86786401,-93.63162188
1755,2025-08-11-09-52-48-508,1754923969,1755,1.74865E+12,44.86786385,-93.63161581
1756,2025-08-11-09-52-49-014,1754923969,1756,1.74915E+12,44.86786407,-93.63160985
1757,2025-08-11-09-52-49-520,1754923970,1757,1.74966E+12,44.86786408,-93.6316043
1758,2025-08-11-09-52-50-027,1754923970,1758,1.75017E+12,44.86786416,-93.63159877
1759,2025-08-11-09-52-50-538,1754923971,1759,1.75067E+12,44.86786416,-93.63159333
1760,2025-08-11-09-52-51-045,1754923971,1760,1.75118E+12,44.86786412,-93.63158774
1761,2025-08-11-09-52-51-548,1754923972,1761,1.75169E+12,44.86786426,-93.63158201
1762,2025-08-11-09-52-52-054,1754923972,1762,1.75219E+12,44.86786418,-93.63157677
1763,2025-08-11-09-52-52-561,1754923973,1763,1.7527E+12,44.86786419,-93.63157171
1764,2025-08-11-09-52-53-065,1754923973,1764,1.75321E+12,44.86786422,-93.63156662
1765,2025-08-11-09-52-53-573,1754923974,1765,1.75371E+12,44.86786437,-93.63156125
1766,2025-08-11-09-52-54-080,1754923974,1766,1.75422E+12,44.86786446,-93.63155553
1767,2025-08-11-09-52-54-586,1754923975,1767,1.75473E+12,44.86786443,-93.63154961
1768,2025-08-11-09-52-55-097,1754923975,1768,1.75523E+12,44.86786435,-93.63154371
1769,2025-08-11-09-52-55-598,1754923976,1769,1.75574E+12,44.86786436,-93.63153757
1770,2025-08-11-09-52-56-110,1754923976,1770,1.75625E+12,44.86786455,-93.63152931
1771,2025-08-11-09-52-56-615,1754923977,1771,1.75675E+12,44.86786458,-93.63152211
1772,2025-08-11-09-52-57-119,1754923977,1772,1.75726E+12,44.86786447,-93.63151491
1773,2025-08-11-09-52-57-627,1754923978,1773,1.75777E+12,44.86786459,-93.6315079
1774,2025-08-11-09-52-58-132,1754923978,1774,1.75827E+12,44.86786464,-93.63150065
1775,2025-08-11-09-52-58-639,1754923979,1775,1.75878E+12,44.86786459,-93.63149359
1776,2025-08-11-09-52-59-145,1754923979,1776,1.75929E+12,44.86786469,-93.63148684
1777,2025-08-11-09-52-59-653,1754923980,1777,1.75979E+12,44.86786453,-93.63148054
1778,2025-08-11-09-53-00-156,1754923980,1778,1.7603E+12,44.8678645,-93.63147462
1779,2025-08-11-09-53-00-665,1754923981,1779,1.7608E+12,44.86786478,-93.63146868
1780,2025-08-11-09-53-01-170,1754923981,1780,1.76131E+12,44.86786491,-93.63146288
1781,2025-08-11-09-53-01-677,1754923982,1781,1.76182E+12,44.86786498,-93.6314573
1782,2025-08-11-09-53-02-188,1754923982,1782,1.76232E+12,44.86786496,-93.63145204
1783,2025-08-11-09-53-02-689,1754923983,1783,1.76283E+12,44.86786512,-93.63144676
1784,2025-08-11-09-53-03-197,1754923983,1784,1.76334E+12,44.86786537,-93.63144073
1785,2025-08-11-09-53-03-703,1754923984,1785,1.76384E+12,44.86786525,-93.6314356
1786,2025-08-11-09-53-04-210,1754923984,1786,1.76435E+12,44.8678654,-93.63143094
1787,2025-08-11-09-53-04-718,1754923985,1787,1.76486E+12,44.86786537,-93.63142583
1788,2025-08-11-09-53-05-224,1754923985,1788,1.76536E+12,44.86786519,-93.63142076
1789,2025-08-11-09-53-05-731,1754923986,1789,1.76587E+12,44.8678652,-93.63141536
1790,2025-08-11-09-53-06-237,1754923986,1790,1.76638E+12,44.86786529,-93.63140986
1791,2025-08-11-09-53-06-745,1754923987,1791,1.76688E+12,44.86786527,-93.63140419
1792,2025-08-11-09-53-07-250,1754923987,1792,1.76739E+12,44.86786517,-93.63139884
1793,2025-08-11-09-53-07-757,1754923988,1793,1.7679E+12,44.86786488,-93.63139352
1794,2025-08-11-09-53-08-263,1754923988,1794,1.7684E+12,44.86786489,-93.63138846
1795,2025-08-11-09-53-08-769,1754923989,1795,1.76891E+12,44.86786497,-93.63138342
1796,2025-08-11-09-53-09-278,1754923989,1796,1.76942E+12,44.86786504,-93.63137822
1797,2025-08-11-09-53-09-782,1754923990,1797,1.76992E+12,44.86786509,-93.63137286
1798,2025-08-11-09-53-10-288,1754923990,1798,1.77043E+12,44.86786492,-93.63136756
1799,2025-08-11-09-53-10-796,1754923991,1799,1.77094E+12,44.86786498,-93.63136141
1800,2025-08-11-09-53-11-302,1754923991,1800,1.77144E+12,44.86786483,-93.63135683
1801,2025-08-11-09-53-11-808,1754923992,1801,1.77195E+12,44.86786503,-93.63135221
1802,2025-08-11-09-53-12-314,1754923992,1802,1.77246E+12,44.86786494,-93.63134737
1803,2025-08-11-09-53-12-821,1754923993,1803,1.77296E+12,44.86786473,-93.63134234
1804,2025-08-11-09-53-13-328,1754923993,1804,1.77347E+12,44.86786468,-93.63133711
1805,2025-08-11-09-53-13-834,1754923994,1805,1.77398E+12,44.86786454,-93.63133168
1806,2025-08-11-09-53-14-342,1754923994,1806,1.77448E+12,44.86786474,-93.63132649
1807,2025-08-11-09-53-14-847,1754923995,1807,1.77499E+12,44.86786473,-93.63132115
1808,2025-08-11-09-53-15-356,1754923995,1808,1.7755E+12,44.86786474,-93.63131606
1809,2025-08-11-09-53-15-861,1754923996,1809,1.776E+12,44.86786467,-93.63131078
1810,2025-08-11-09-53-16-367,1754923996,1810,1.77651E+12,44.86786441,-93.63130525
1811,2025-08-11-09-53-16-875,1754923997,1811,1.77702E+12,44.86786453,-93.63129967
1812,2025-08-11-09-53-17-381,1754923997,1812,1.77752E+12,44.86786439,-93.63129424
1813,2025-08-11-09-53-17-889,1754923998,1813,1.77803E+12,44.86786453,-93.63128881
1814,2025-08-11-09-53-18-394,1754923998,1814,1.77854E+12,44.86786444,-93.63128357
1815,2025-08-11-09-53-18-902,1754923999,1815,1.77904E+12,44.86786445,-93.63127731
1816,2025-08-11-09-53-19-409,1754923999,1816,1.77955E+12,44.8678644,-93.63127239
1817,2025-08-11-09-53-19-914,1754924000,1817,1.78005E+12,44.86786441,-93.63126776
1818,2025-08-11-09-53-20-422,1754924000,1818,1.78056E+12,44.8678644,-93.63126333
1819,2025-08-11-09-53-20-926,1754924001,1819,1.78107E+12,44.86786433,-93.63125901
1820,2025-08-11-09-53-21-436,1754924001,1820,1.78157E+12,44.86786423,-93.63125447
1821,2025-08-11-09-53-21-941,1754924002,1821,1.78208E+12,44.86786409,-93.63124968
1822,2025-08-11-09-53-22-446,1754924002,1822,1.78259E+12,44.86786424,-93.63124506
1823,2025-08-11-09-53-22-953,1754924003,1823,1.78309E+12,44.86786434,-93.63124066
1824,2025-08-11-09-53-23-459,1754924003,1824,1.7836E+12,44.86786417,-93.6312364
1825,2025-08-11-09-53-23-968,1754924004,1825,1.78411E+12,44.86786414,-93.63123231
1826,2025-08-11-09-53-24-473,1754924004,1826,1.78461E+12,44.86786399,-93.63122823
1827,2025-08-11-09-53-24-980,1754924005,1827,1.78512E+12,44.86786412,-93.63122398
1828,2025-08-11-09-53-25-487,1754924005,1828,1.78563E+12,44.86786409,-93.63121955
1829,2025-08-11-09-53-25-993,1754924006,1829,1.78613E+12,44.86786413,-93.63121348
1830,2025-08-11-09-53-26-501,1754924007,1830,1.78664E+12,44.86786406,-93.63120853
1831,2025-08-11-09-53-27-007,1754924007,1831,1.78715E+12,44.86786396,-93.63120374
1832,2025-08-11-09-53-27-514,1754924008,1832,1.78765E+12,44.86786413,-93.63119857
1833,2025-08-11-09-53-28-018,1754924008,1833,1.78816E+12,44.86786426,-93.63119343
1834,2025-08-11-09-53-28-526,1754924009,1834,1.78867E+12,44.86786439,-93.63118849
1835,2025-08-11-09-53-29-035,1754924009,1835,1.78917E+12,44.86786425,-93.63118307
1836,2025-08-11-09-53-29-540,1754924010,1836,1.78968E+12,44.8678643,-93.63117787
1837,2025-08-11-09-53-30-046,1754924010,1837,1.79019E+12,44.8678642,-93.63117307
1838,2025-08-11-09-53-30-553,1754924011,1838,1.79069E+12,44.86786412,-93.63116751
1839,2025-08-11-09-53-31-059,1754924011,1839,1.7912E+12,44.86786427,-93.6311618
1840,2025-08-11-09-53-31-564,1754924012,1840,1.79171E+12,44.86786422,-93.63115661
1841,2025-08-11-09-53-32-072,1754924012,1841,1.79221E+12,44.86786422,-93.6311512
1842,2025-08-11-09-53-32-579,1754924013,1842,1.79272E+12,44.86786414,-93.63114569
1843,2025-08-11-09-53-33-084,1754924013,1843,1.79323E+12,44.86786404,-93.63113999
1844,2025-08-11-09-53-33-592,1754924014,1844,1.79373E+12,44.86786428,-93.63113292
1845,2025-08-11-09-53-34-098,1754924014,1845,1.79424E+12,44.86786411,-93.6311283
1846,2025-08-11-09-53-34-605,1754924015,1846,1.79475E+12,44.86786417,-93.63112196
1847,2025-08-11-09-53-35-111,1754924015,1847,1.79525E+12,44.86786426,-93.63111632
1848,2025-08-11-09-53-35-616,1754924016,1848,1.79576E+12,44.86786408,-93.63111059
1849,2025-08-11-09-53-36-123,1754924016,1849,1.79627E+12,44.86786429,-93.63110525
1850,2025-08-11-09-53-36-631,1754924017,1850,1.79677E+12,44.86786422,-93.6311001
1851,2025-08-11-09-53-37-137,1754924017,1851,1.79728E+12,44.86786416,-93.63109529
1852,2025-08-11-09-53-37-642,1754924018,1852,1.79778E+12,44.86786426,-93.63109049
1853,2025-08-11-09-53-38-151,1754924018,1853,1.79829E+12,44.86786403,-93.63108546
1854,2025-08-11-09-53-38-657,1754924019,1854,1.7988E+12,44.86786395,-93.63108035
1855,2025-08-11-09-53-39-163,1754924019,1855,1.7993E+12,44.86786414,-93.63107506
1856,2025-08-11-09-53-39-671,1754924020,1856,1.79981E+12,44.867864,-93.63106982
1857,2025-08-11-09-53-40-175,1754924020,1857,1.80032E+12,44.86786421,-93.63106484
1858,2025-08-11-09-53-40-683,1754924021,1858,1.80082E+12,44.86786402,-93.63105964
1859,2025-08-11-09-53-41-191,1754924021,1859,1.80133E+12,44.86786378,-93.63105409
1860,2025-08-11-09-53-41-697,1754924022,1860,1.80184E+12,44.8678641,-93.6310475
1861,2025-08-11-09-53-42-205,1754924022,1861,1.80234E+12,44.86786404,-93.63104203
1862,2025-08-11-09-53-42-710,1754924023,1862,1.80285E+12,44.86786425,-93.63103651
1863,2025-08-11-09-53-43-216,1754924023,1863,1.80336E+12,44.86786429,-93.63103036
1864,2025-08-11-09-53-43-725,1754924024,1864,1.80386E+12,44.86786432,-93.63102472
1865,2025-08-11-09-53-44-230,1754924024,1865,1.80437E+12,44.8678645,-93.63101922
1866,2025-08-11-09-53-44-735,1754924025,1866,1.80488E+12,44.86786455,-93.63101397
1867,2025-08-11-09-53-45-242,1754924025,1867,1.80538E+12,44.86786457,-93.63100839
1868,2025-08-11-09-53-45-749,1754924026,1868,1.80589E+12,44.86786456,-93.63100256
1869,2025-08-11-09-53-46-255,1754924026,1869,1.8064E+12,44.86786447,-93.63099656
1870,2025-08-11-09-53-46-761,1754924027,1870,1.8069E+12,44.86786465,-93.63099098
1871,2025-08-11-09-53-47-267,1754924027,1871,1.80741E+12,44.86786472,-93.63098552
1872,2025-08-11-09-53-47-774,1754924028,1872,1.80792E+12,44.86786461,-93.63097976
1873,2025-08-11-09-53-48-282,1754924028,1873,1.80842E+12,44.86786466,-93.63097428
1874,2025-08-11-09-53-48-788,1754924029,1874,1.80893E+12,44.86786468,-93.6309694
1875,2025-08-11-09-53-49-295,1754924029,1875,1.80944E+12,44.8678649,-93.63096505
1876,2025-08-11-09-53-49-800,1754924030,1876,1.80994E+12,44.86786501,-93.63096009
1877,2025-08-11-09-53-50-308,1754924030,1877,1.81045E+12,44.86786527,-93.63095577
1878,2025-08-11-09-53-50-814,1754924031,1878,1.81095E+12,44.86786497,-93.63095142
1879,2025-08-11-09-53-51-319,1754924031,1879,1.81146E+12,44.86786506,-93.63094694
1880,2025-08-11-09-53-51-827,1754924032,1880,1.81197E+12,44.86786481,-93.63094183
1881,2025-08-11-09-53-52-334,1754924032,1881,1.81247E+12,44.86786466,-93.6309359
1882,2025-08-11-09-53-52-840,1754924033,1882,1.81298E+12,44.86786425,-93.63092909
1883,2025-08-11-09-53-53-346,1754924033,1883,1.81349E+12,44.86786367,-93.63092133
1884,2025-08-11-09-53-53-854,1754924034,1884,1.81399E+12,44.8678626,-93.63091359
1885,2025-08-11-09-53-54-360,1754924034,1885,1.8145E+12,44.86786018,-93.63090541
1886,2025-08-11-09-53-54-865,1754924035,1886,1.81501E+12,44.86785767,-93.63089649
1887,2025-08-11-09-53-55-373,1754924035,1887,1.81551E+12,44.86785487,-93.63088728
1888,2025-08-11-09-53-55-880,1754924036,1888,1.81602E+12,44.8678528,-93.6308773
1889,2025-08-11-09-53-56-386,1754924036,1889,1.81653E+12,44.86785308,-93.63086737
1890,2025-08-11-09-53-56-892,1754924037,1890,1.81703E+12,44.86785575,-93.63085672
1891,2025-08-11-09-53-57-405,1754924037,1891,1.81754E+12,44.86785944,-93.63084944
1892,2025-08-11-09-53-57-907,1754924038,1892,1.81805E+12,44.8678642,-93.63084312
1893,2025-08-11-09-53-58-411,1754924038,1893,1.81855E+12,44.86787024,-93.63083848
1894,2025-08-11-09-53-58-919,1754924039,1894,1.81906E+12,44.8678773,-93.63083623
1895,2025-08-11-09-53-59-425,1754924039,1895,1.81957E+12,44.86788457,-93.6308367
1896,2025-08-11-09-53-59-932,1754924040,1896,1.82007E+12,44.86789177,-93.63083984
1897,2025-08-11-09-54-00-439,1754924040,1897,1.82058E+12,44.86789796,-93.63084573
1898,2025-08-11-09-54-00-945,1754924041,1898,1.82109E+12,44.86790293,-93.63085369
1899,2025-08-11-09-54-01-452,1754924041,1899,1.82159E+12,44.86790585,-93.63086307
1900,2025-08-11-09-54-01-959,1754924042,1900,1.8221E+12,44.86790695,-93.63087247
1901,2025-08-11-09-54-02-465,1754924042,1901,1.82261E+12,44.8679064,-93.63088123
1902,2025-08-11-09-54-02-973,1754924043,1902,1.82311E+12,44.86790486,-93.63088968
1903,2025-08-11-09-54-03-477,1754924043,1903,1.82362E+12,44.86790201,-93.63089695
1904,2025-08-11-09-54-03-989,1754924044,1904,1.82413E+12,44.86789929,-93.63090436
1905,2025-08-11-09-54-04-491,1754924044,1905,1.82463E+12,44.86789644,-93.63091192
1906,2025-08-11-09-54-04-997,1754924045,1906,1.82514E+12,44.86789451,-93.63092164
1907,2025-08-11-09-54-05-503,1754924046,1907,1.82565E+12,44.86789311,-93.63093104
1908,2025-08-11-09-54-06-010,1754924046,1908,1.82615E+12,44.8678921,-93.63093967
1909,2025-08-11-09-54-06-517,1754924047,1909,1.82666E+12,44.86789171,-93.63094521
1910,2025-08-11-09-54-07-022,1754924047,1910,1.82716E+12,44.86789152,-93.63094787
1911,2025-08-11-09-54-07-530,1754924048,1911,1.82767E+12,44.86789154,-93.63094964
1912,2025-08-11-09-54-08-036,1754924048,1912,1.82818E+12,44.86789131,-93.63095231
1913,2025-08-11-09-54-08-544,1754924049,1913,1.82868E+12,44.86789118,-93.63095664
1914,2025-08-11-09-54-09-048,1754924049,1914,1.82919E+12,44.86789154,-93.63096107
1915,2025-08-11-09-54-09-555,1754924050,1915,1.8297E+12,44.8678913,-93.63096527
1916,2025-08-11-09-54-10-069,1754924050,1916,1.8302E+12,44.86789124,-93.63096904
1917,2025-08-11-09-54-10-569,1754924051,1917,1.83071E+12,44.86789129,-93.63097236
1918,2025-08-11-09-54-11-083,1754924051,1918,1.83122E+12,44.86789145,-93.63097584
1919,2025-08-11-09-54-11-582,1754924052,1919,1.83172E+12,44.86789147,-93.63098024
1920,2025-08-11-09-54-12-090,1754924052,1920,1.83223E+12,44.86789132,-93.63098499
1921,2025-08-11-09-54-12-601,1754924053,1921,1.83274E+12,44.86789137,-93.63098825
1922,2025-08-11-09-54-13-101,1754924053,1922,1.83324E+12,44.86789137,-93.63098896
1923,2025-08-11-09-54-13-610,1754924054,1923,1.83375E+12,44.8678913,-93.63099053
1924,2025-08-11-09-54-14-116,1754924054,1924,1.83426E+12,44.86789124,-93.63099347
1925,2025-08-11-09-54-14-623,1754924055,1925,1.83476E+12,44.86789113,-93.63099719
1926,2025-08-11-09-54-15-129,1754924055,1926,1.83527E+12,44.86789099,-93.63100113
1927,2025-08-11-09-54-15-635,1754924056,1927,1.83578E+12,44.86789094,-93.63100496
1928,2025-08-11-09-54-16-142,1754924056,1928,1.83628E+12,44.8678908,-93.63100894
1929,2025-08-11-09-54-16-650,1754924057,1929,1.83679E+12,44.86789049,-93.63101346
1930,2025-08-11-09-54-17-156,1754924057,1930,1.8373E+12,44.8678906,-93.63101772
1931,2025-08-11-09-54-17-662,1754924058,1931,1.8378E+12,44.86789045,-93.63102173
1932,2025-08-11-09-54-18-169,1754924058,1932,1.83831E+12,44.86789042,-93.63102564
1933,2025-08-11-09-54-18-674,1754924059,1933,1.83882E+12,44.86789032,-93.63102869
1934,2025-08-11-09-54-19-181,1754924059,1934,1.83932E+12,44.86789023,-93.63103174
1935,2025-08-11-09-54-19-688,1754924060,1935,1.83983E+12,44.8678903,-93.63103476
1936,2025-08-11-09-54-20-193,1754924060,1936,1.84034E+12,44.86789024,-93.63103818
1937,2025-08-11-09-54-20-702,1754924061,1937,1.84084E+12,44.86789017,-93.63104361
1938,2025-08-11-09-54-21-210,1754924061,1938,1.84135E+12,44.8678901,-93.63104827
1939,2025-08-11-09-54-21-715,1754924062,1939,1.84186E+12,44.86788995,-93.63105281
1940,2025-08-11-09-54-22-221,1754924062,1940,1.84236E+12,44.86789003,-93.63105684
1941,2025-08-11-09-54-22-728,1754924063,1941,1.84287E+12,44.86789003,-93.63105988
1942,2025-08-11-09-54-23-235,1754924063,1942,1.84338E+12,44.8678901,-93.63106194
1943,2025-08-11-09-54-23-740,1754924064,1943,1.84388E+12,44.86789012,-93.63106333
1944,2025-08-11-09-54-24-248,1754924064,1944,1.84439E+12,44.86789019,-93.63106517
1945,2025-08-11-09-54-24-754,1754924065,1945,1.8449E+12,44.86789011,-93.63106877
1946,2025-08-11-09-54-25-260,1754924065,1946,1.8454E+12,44.86789002,-93.63107416
1947,2025-08-11-09-54-25-768,1754924066,1947,1.84591E+12,44.86788984,-93.63108009
1948,2025-08-11-09-54-26-274,1754924066,1948,1.84641E+12,44.86788996,-93.63108527
1949,2025-08-11-09-54-26-781,1754924067,1949,1.84692E+12,44.86788983,-93.63108885
1950,2025-08-11-09-54-27-286,1754924067,1950,1.84743E+12,44.86788988,-93.63109132
1951,2025-08-11-09-54-27-794,1754924068,1951,1.84793E+12,44.86788984,-93.63109567
1952,2025-08-11-09-54-28-301,1754924068,1952,1.84844E+12,44.8678899,-93.63110062
1953,2025-08-11-09-54-28-806,1754924069,1953,1.84895E+12,44.86788986,-93.63110512
1954,2025-08-11-09-54-29-314,1754924069,1954,1.84945E+12,44.86788977,-93.63110825
1955,2025-08-11-09-54-29-820,1754924070,1955,1.84996E+12,44.86788991,-93.63111093
1956,2025-08-11-09-54-30-328,1754924070,1956,1.85047E+12,44.86788991,-93.63111438
1957,2025-08-11-09-54-30-832,1754924071,1957,1.85097E+12,44.86788991,-93.63111855
1958,2025-08-11-09-54-31-338,1754924071,1958,1.85148E+12,44.86789006,-93.63112305
1959,2025-08-11-09-54-31-846,1754924072,1959,1.85199E+12,44.86789019,-93.63112697
1960,2025-08-11-09-54-32-352,1754924072,1960,1.85249E+12,44.86789013,-93.63113044
1961,2025-08-11-09-54-32-858,1754924073,1961,1.853E+12,44.86788995,-93.63113387
1962,2025-08-11-09-54-33-364,1754924073,1962,1.85351E+12,44.86789008,-93.63113787
1963,2025-08-11-09-54-33-872,1754924074,1963,1.85401E+12,44.8678902,-93.63114223
1964,2025-08-11-09-54-34-378,1754924074,1964,1.85452E+12,44.86789009,-93.63114706
1965,2025-08-11-09-54-34-885,1754924075,1965,1.85503E+12,44.8678901,-93.63115079
1966,2025-08-11-09-54-35-391,1754924075,1966,1.85553E+12,44.86789025,-93.63115283
1967,2025-08-11-09-54-35-897,1754924076,1967,1.85604E+12,44.86789014,-93.63115557
1968,2025-08-11-09-54-36-405,1754924076,1968,1.85655E+12,44.86789015,-93.63115934
1969,2025-08-11-09-54-36-911,1754924077,1969,1.85705E+12,44.86789021,-93.63116402
1970,2025-08-11-09-54-37-418,1754924077,1970,1.85756E+12,44.86789033,-93.63116797
1971,2025-08-11-09-54-37-925,1754924078,1971,1.85807E+12,44.86789039,-93.63117132
1972,2025-08-11-09-54-38-435,1754924078,1972,1.85857E+12,44.86789035,-93.63117457
1973,2025-08-11-09-54-38-940,1754924079,1973,1.85908E+12,44.8678904,-93.63117827
1974,2025-08-11-09-54-39-448,1754924079,1974,1.85959E+12,44.86789044,-93.63118201
1975,2025-08-11-09-54-39-951,1754924080,1975,1.86009E+12,44.86789049,-93.63118593
1976,2025-08-11-09-54-40-458,1754924080,1976,1.8606E+12,44.86789056,-93.63118992
1977,2025-08-11-09-54-40-963,1754924081,1977,1.86111E+12,44.86789077,-93.631194
1978,2025-08-11-09-54-41-471,1754924081,1978,1.86161E+12,44.86789062,-93.63119808
1979,2025-08-11-09-54-41-977,1754924082,1979,1.86212E+12,44.86789064,-93.63120224
1980,2025-08-11-09-54-42-485,1754924082,1980,1.86263E+12,44.8678907,-93.63120659
1981,2025-08-11-09-54-42-990,1754924083,1981,1.86313E+12,44.86789065,-93.63121178
1982,2025-08-11-09-54-43-498,1754924083,1982,1.86364E+12,44.86789056,-93.63121749
1983,2025-08-11-09-54-44-007,1754924084,1983,1.86414E+12,44.86789046,-93.63122122
1984,2025-08-11-09-54-44-509,1754924085,1984,1.86465E+12,44.8678904,-93.63122458
1985,2025-08-11-09-54-45-020,1754924085,1985,1.86516E+12,44.86789045,-93.63122768
1986,2025-08-11-09-54-45-522,1754924086,1986,1.86566E+12,44.86789051,-93.63123136
1987,2025-08-11-09-54-46-030,1754924086,1987,1.86617E+12,44.86789047,-93.63123609
1988,2025-08-11-09-54-46-537,1754924087,1988,1.86668E+12,44.86789059,-93.63124147
1989,2025-08-11-09-54-47-041,1754924087,1989,1.86718E+12,44.86789032,-93.63124643
1990,2025-08-11-09-54-47-549,1754924088,1990,1.86769E+12,44.86789024,-93.63125116
1991,2025-08-11-09-54-48-057,1754924088,1991,1.8682E+12,44.86789029,-93.63125515
1992,2025-08-11-09-54-48-563,1754924089,1992,1.8687E+12,44.8678902,-93.63125848
1993,2025-08-11-09-54-49-069,1754924089,1993,1.86921E+12,44.86789023,-93.63126118
1994,2025-08-11-09-54-49-576,1754924090,1994,1.86972E+12,44.86789012,-93.63126336
1995,2025-08-11-09-54-50-084,1754924090,1995,1.87022E+12,44.86789009,-93.63126529
1996,2025-08-11-09-54-50-589,1754924091,1996,1.87073E+12,44.8678901,-93.63126708
1997,2025-08-11-09-54-51-096,1754924091,1997,1.87124E+12,44.86789009,-93.6312684
1998,2025-08-11-09-54-51-600,1754924092,1998,1.87174E+12,44.86789003,-93.63126988
1999,2025-08-11-09-54-52-108,1754924092,1999,1.87225E+12,44.86788998,-93.63127191
2000,2025-08-11-09-54-52-615,1754924093,2000,1.87276E+12,44.86788992,-93.63127627
2001,2025-08-11-09-54-53-122,1754924093,2001,1.87326E+12,44.86788985,-93.63128126
2002,2025-08-11-09-54-53-629,1754924094,2002,1.87377E+12,44.8678898,-93.631286
2003,2025-08-11-09-54-54-134,1754924094,2003,1.87428E+12,44.86788972,-93.63129031
2004,2025-08-11-09-54-54-642,1754924095,2004,1.87478E+12,44.86788973,-93.63129482
2005,2025-08-11-09-54-55-148,1754924095,2005,1.87529E+12,44.86788943,-93.63130012
2006,2025-08-11-09-54-55-655,1754924096,2006,1.8758E+12,44.86788946,-93.6313055
2007,2025-08-11-09-54-56-161,1754924096,2007,1.8763E+12,44.86788917,-93.63130975
2008,2025-08-11-09-54-56-668,1754924097,2008,1.87681E+12,44.86788918,-93.63131308
2009,2025-08-11-09-54-57-174,1754924097,2009,1.87732E+12,44.86788914,-93.63131571
2010,2025-08-11-09-54-57-680,1754924098,2010,1.87782E+12,44.86788916,-93.63131804
2011,2025-08-11-09-54-58-187,1754924098,2011,1.87833E+12,44.86788912,-93.6313208
2012,2025-08-11-09-54-58-693,1754924099,2012,1.87884E+12,44.86788901,-93.63132457
2013,2025-08-11-09-54-59-201,1754924099,2013,1.87934E+12,44.86788909,-93.63132949
2014,2025-08-11-09-54-59-706,1754924100,2014,1.87985E+12,44.86788904,-93.63133313
2015,2025-08-11-09-55-00-214,1754924100,2015,1.88036E+12,44.86788908,-93.63133513
2016,2025-08-11-09-55-00-721,1754924101,2016,1.88086E+12,44.86788903,-93.63133645
2017,2025-08-11-09-55-01-226,1754924101,2017,1.88137E+12,44.86788898,-93.63133785
2018,2025-08-11-09-55-01-734,1754924102,2018,1.88187E+12,44.86788893,-93.63133955
2019,2025-08-11-09-55-02-239,1754924102,2019,1.88238E+12,44.86788894,-93.63134224
2020,2025-08-11-09-55-02-744,1754924103,2020,1.88289E+12,44.86788891,-93.63134562
2021,2025-08-11-09-55-03-254,1754924103,2021,1.88339E+12,44.86788894,-93.63134905
2022,2025-08-11-09-55-03-759,1754924104,2022,1.8839E+12,44.8678889,-93.63135241
2023,2025-08-11-09-55-04-267,1754924104,2023,1.88441E+12,44.86788878,-93.63135575
2024,2025-08-11-09-55-04-772,1754924105,2024,1.88491E+12,44.86788898,-93.6313586
2025,2025-08-11-09-55-05-281,1754924105,2025,1.88542E+12,44.86788888,-93.63136142
2026,2025-08-11-09-55-05-786,1754924106,2026,1.88593E+12,44.86788908,-93.63136473
2027,2025-08-11-09-55-06-292,1754924106,2027,1.88643E+12,44.86788905,-93.63136954
2028,2025-08-11-09-55-06-798,1754924107,2028,1.88694E+12,44.86788927,-93.63137425
2029,2025-08-11-09-55-07-306,1754924107,2029,1.88745E+12,44.86788964,-93.63137886
2030,2025-08-11-09-55-07-812,1754924108,2030,1.88795E+12,44.86788978,-93.63138345
2031,2025-08-11-09-55-08-318,1754924108,2031,1.88846E+12,44.86788993,-93.63138743
2032,2025-08-11-09-55-08-825,1754924109,2032,1.88897E+12,44.86788993,-93.63139066
2033,2025-08-11-09-55-09-336,1754924109,2033,1.88947E+12,44.86789003,-93.63139388
2034,2025-08-11-09-55-09-838,1754924110,2034,1.88998E+12,44.86789016,-93.63139684
2035,2025-08-11-09-55-10-345,1754924110,2035,1.89049E+12,44.86789024,-93.63140021
2036,2025-08-11-09-55-10-856,1754924111,2036,1.89099E+12,44.86789032,-93.6314036
2037,2025-08-11-09-55-11-358,1754924111,2037,1.8915E+12,44.86789037,-93.6314073
2038,2025-08-11-09-55-11-864,1754924112,2038,1.89201E+12,44.86789052,-93.63141178
2039,2025-08-11-09-55-12-372,1754924112,2039,1.89251E+12,44.86789033,-93.63141582
2040,2025-08-11-09-55-12-877,1754924113,2040,1.89302E+12,44.86789039,-93.63141852
2041,2025-08-11-09-55-13-385,1754924113,2041,1.89353E+12,44.86789047,-93.63142097
2042,2025-08-11-09-55-13-892,1754924114,2042,1.89403E+12,44.86789044,-93.63142502
2043,2025-08-11-09-55-14-397,1754924114,2043,1.89454E+12,44.86789039,-93.63142865
2044,2025-08-11-09-55-14-904,1754924115,2044,1.89505E+12,44.86789041,-93.63143148
2045,2025-08-11-09-55-15-410,1754924115,2045,1.89555E+12,44.86789046,-93.63143388
2046,2025-08-11-09-55-15-917,1754924116,2046,1.89606E+12,44.86789043,-93.6314366
2047,2025-08-11-09-55-16-426,1754924116,2047,1.89657E+12,44.86789039,-93.63144019
2048,2025-08-11-09-55-16-931,1754924117,2048,1.89707E+12,44.86789043,-93.6314444
2049,2025-08-11-09-55-17-437,1754924117,2049,1.89758E+12,44.8678905,-93.63144871
2050,2025-08-11-09-55-17-944,1754924118,2050,1.89808E+12,44.86789057,-93.63145251
2051,2025-08-11-09-55-18-449,1754924118,2051,1.89859E+12,44.86789051,-93.631456
2052,2025-08-11-09-55-18-957,1754924119,2052,1.8991E+12,44.86789038,-93.63145931
2053,2025-08-11-09-55-19-462,1754924119,2053,1.8996E+12,44.86789047,-93.6314629
2054,2025-08-11-09-55-19-970,1754924120,2054,1.90011E+12,44.86789042,-93.63146669
2055,2025-08-11-09-55-20-476,1754924120,2055,1.90062E+12,44.86789043,-93.63147117
2056,2025-08-11-09-55-20-982,1754924121,2056,1.90112E+12,44.86789044,-93.63147615
2057,2025-08-11-09-55-21-489,1754924121,2057,1.90163E+12,44.86789048,-93.63148098
2058,2025-08-11-09-55-21-996,1754924122,2058,1.90214E+12,44.86789036,-93.63148647
2059,2025-08-11-09-55-22-502,1754924123,2059,1.90264E+12,44.86789044,-93.63149039
2060,2025-08-11-09-55-23-008,1754924123,2060,1.90315E+12,44.86789039,-93.63149331
2061,2025-08-11-09-55-23-514,1754924124,2061,1.90366E+12,44.86789054,-93.63149655
2062,2025-08-11-09-55-24-021,1754924124,2062,1.90416E+12,44.86789059,-93.63150035
2063,2025-08-11-09-55-24-533,1754924125,2063,1.90467E+12,44.86789046,-93.63150524
2064,2025-08-11-09-55-25-034,1754924125,2064,1.90518E+12,44.86789037,-93.63150989
2065,2025-08-11-09-55-25-541,1754924126,2065,1.90568E+12,44.86789037,-93.63151453
2066,2025-08-11-09-55-26-052,1754924126,2066,1.90619E+12,44.86789055,-93.63151912
2067,2025-08-11-09-55-26-554,1754924127,2067,1.9067E+12,44.8678907,-93.63152317
2068,2025-08-11-09-55-27-063,1754924127,2068,1.9072E+12,44.8678906,-93.63152738
2069,2025-08-11-09-55-27-567,1754924128,2069,1.90771E+12,44.86789051,-93.63153188
2070,2025-08-11-09-55-28-079,1754924128,2070,1.90822E+12,44.86789049,-93.63153669
2071,2025-08-11-09-55-28-585,1754924129,2071,1.90872E+12,44.86789055,-93.63154185
2072,2025-08-11-09-55-29-086,1754924129,2072,1.90923E+12,44.86789056,-93.63154762
2073,2025-08-11-09-55-29-593,1754924130,2073,1.90974E+12,44.86789058,-93.63155376
2074,2025-08-11-09-55-30-099,1754924130,2074,1.91024E+12,44.86789054,-93.63155851
2075,2025-08-11-09-55-30-606,1754924131,2075,1.91075E+12,44.86789039,-93.63156257
2076,2025-08-11-09-55-31-113,1754924131,2076,1.91126E+12,44.86789032,-93.63156578
2077,2025-08-11-09-55-31-620,1754924132,2077,1.91176E+12,44.86789052,-93.63156961
2078,2025-08-11-09-55-32-127,1754924132,2078,1.91227E+12,44.86789053,-93.63157431
2079,2025-08-11-09-55-32-633,1754924133,2079,1.91277E+12,44.86789053,-93.63157985
2080,2025-08-11-09-55-33-140,1754924133,2080,1.91328E+12,44.86789063,-93.63158558
2081,2025-08-11-09-55-33-646,1754924134,2081,1.91379E+12,44.86789056,-93.63159134
2082,2025-08-11-09-55-34-157,1754924134,2082,1.91429E+12,44.86789064,-93.63159698
2083,2025-08-11-09-55-34-657,1754924135,2083,1.9148E+12,44.86789062,-93.63160209
2084,2025-08-11-09-55-35-169,1754924135,2084,1.91531E+12,44.86789061,-93.6316066
2085,2025-08-11-09-55-35-676,1754924136,2085,1.91581E+12,44.8678907,-93.63161017
2086,2025-08-11-09-55-36-178,1754924136,2086,1.91632E+12,44.86789072,-93.63161358
2087,2025-08-11-09-55-36-685,1754924137,2087,1.91683E+12,44.86789071,-93.63161803
2088,2025-08-11-09-55-37-192,1754924137,2088,1.91733E+12,44.86789074,-93.63162167
2089,2025-08-11-09-55-37-699,1754924138,2089,1.91784E+12,44.86789082,-93.63162803
2090,2025-08-11-09-55-38-206,1754924138,2090,1.91835E+12,44.86789072,-93.63163376
2091,2025-08-11-09-55-38-712,1754924139,2091,1.91885E+12,44.86789082,-93.63163968
2092,2025-08-11-09-55-39-218,1754924139,2092,1.91936E+12,44.86789095,-93.63164545
2093,2025-08-11-09-55-39-724,1754924140,2093,1.91987E+12,44.86789099,-93.63165126
2094,2025-08-11-09-55-40-231,1754924140,2094,1.92037E+12,44.86789095,-93.6316569
2095,2025-08-11-09-55-40-738,1754924141,2095,1.92088E+12,44.86789078,-93.63166242
2096,2025-08-11-09-55-41-243,1754924141,2096,1.92139E+12,44.86789085,-93.6316673
2097,2025-08-11-09-55-41-756,1754924142,2097,1.92189E+12,44.86789083,-93.63167113
2098,2025-08-11-09-55-42-258,1754924142,2098,1.9224E+12,44.86789079,-93.63167415
2099,2025-08-11-09-55-42-769,1754924143,2099,1.92291E+12,44.8678908,-93.63167689
2100,2025-08-11-09-55-43-270,1754924143,2100,1.92341E+12,44.8678908,-93.63168031
2101,2025-08-11-09-55-43-778,1754924144,2101,1.92392E+12,44.8678909,-93.63168436
2102,2025-08-11-09-55-44-285,1754924144,2102,1.92443E+12,44.86789083,-93.63168926
2103,2025-08-11-09-55-44-789,1754924145,2103,1.92493E+12,44.86789115,-93.63169454
2104,2025-08-11-09-55-45-296,1754924145,2104,1.92544E+12,44.86789112,-93.63170095
2105,2025-08-11-09-55-45-804,1754924146,2105,1.92595E+12,44.86789103,-93.63170614
2106,2025-08-11-09-55-46-310,1754924146,2106,1.92645E+12,44.867891,-93.63171113
2107,2025-08-11-09-55-46-817,1754924147,2107,1.92696E+12,44.86789098,-93.63171562
2108,2025-08-11-09-55-47-323,1754924147,2108,1.92747E+12,44.86789105,-93.63171975
2109,2025-08-11-09-55-47-830,1754924148,2109,1.92797E+12,44.86789101,-93.63172304
2110,2025-08-11-09-55-48-335,1754924148,2110,1.92848E+12,44.86789101,-93.63172594
2111,2025-08-11-09-55-48-844,1754924149,2111,1.92898E+12,44.86789095,-93.63172886
2112,2025-08-11-09-55-49-349,1754924149,2112,1.92949E+12,44.86789089,-93.63173273
2113,2025-08-11-09-55-49-854,1754924150,2113,1.93E+12,44.86789085,-93.63173692
2114,2025-08-11-09-55-50-364,1754924150,2114,1.9305E+12,44.86789068,-93.63174212
2115,2025-08-11-09-55-50-868,1754924151,2115,1.93101E+12,44.86789067,-93.63174787
2116,2025-08-11-09-55-51-375,1754924151,2116,1.93152E+12,44.86789071,-93.63175334
2117,2025-08-11-09-55-51-883,1754924152,2117,1.93202E+12,44.86789072,-93.63175787
2118,2025-08-11-09-55-52-389,1754924152,2118,1.93253E+12,44.86789078,-93.63176146
2119,2025-08-11-09-55-52-896,1754924153,2119,1.93304E+12,44.86789073,-93.63176577
2120,2025-08-11-09-55-53-400,1754924153,2120,1.93354E+12,44.86789089,-93.63177026
2121,2025-08-11-09-55-53-909,1754924154,2121,1.93405E+12,44.86789092,-93.63177573
2122,2025-08-11-09-55-54-414,1754924154,2122,1.93456E+12,44.86789087,-93.6317818
2123,2025-08-11-09-55-54-921,1754924155,2123,1.93506E+12,44.86789084,-93.63178791
2124,2025-08-11-09-55-55-432,1754924155,2124,1.93557E+12,44.86789097,-93.63179311
2125,2025-08-11-09-55-55-935,1754924156,2125,1.93608E+12,44.86789095,-93.63179714
2126,2025-08-11-09-55-56-442,1754924156,2126,1.93658E+12,44.86789081,-93.63180033
2127,2025-08-11-09-55-56-951,1754924157,2127,1.93709E+12,44.86789095,-93.6318039
2128,2025-08-11-09-55-57-454,1754924157,2128,1.9376E+12,44.86789081,-93.63180778
2129,2025-08-11-09-55-57-961,1754924158,2129,1.9381E+12,44.86789065,-93.6318123
2130,2025-08-11-09-55-58-469,1754924158,2130,1.93861E+12,44.86789056,-93.63181698
2131,2025-08-11-09-55-58-973,1754924159,2131,1.93912E+12,44.86789035,-93.63182104
2132,2025-08-11-09-55-59-481,1754924159,2132,1.93962E+12,44.86789024,-93.63182447
2133,2025-08-11-09-55-59-992,1754924160,2133,1.94013E+12,44.86789031,-93.63182779
2134,2025-08-11-09-56-00-496,1754924160,2134,1.94064E+12,44.86789033,-93.63183254
2135,2025-08-11-09-56-01-001,1754924161,2135,1.94114E+12,44.86789024,-93.63183728
2136,2025-08-11-09-56-01-508,1754924162,2136,1.94165E+12,44.86789017,-93.63184265
2137,2025-08-11-09-56-02-014,1754924162,2137,1.94216E+12,44.86789032,-93.63184789
2138,2025-08-11-09-56-02-520,1754924163,2138,1.94266E+12,44.8678902,-93.63185256
2139,2025-08-11-09-56-03-027,1754924163,2139,1.94317E+12,44.86789025,-93.63185704
2140,2025-08-11-09-56-03-534,1754924164,2140,1.94368E+12,44.86789021,-93.63186121
2141,2025-08-11-09-56-04-040,1754924164,2141,1.94418E+12,44.86789026,-93.63186499
2142,2025-08-11-09-56-04-546,1754924165,2142,1.94469E+12,44.86789036,-93.63186867
2143,2025-08-11-09-56-05-054,1754924165,2143,1.9452E+12,44.86789032,-93.63187247
2144,2025-08-11-09-56-05-559,1754924166,2144,1.9457E+12,44.86789033,-93.63187639
2145,2025-08-11-09-56-06-066,1754924166,2145,1.94621E+12,44.86789036,-93.63188097
2146,2025-08-11-09-56-06-573,1754924167,2146,1.94672E+12,44.86789028,-93.63188612
2147,2025-08-11-09-56-07-079,1754924167,2147,1.94722E+12,44.86789065,-93.63189162
2148,2025-08-11-09-56-07-586,1754924168,2148,1.94773E+12,44.8678905,-93.63189671
2149,2025-08-11-09-56-08-093,1754924168,2149,1.94824E+12,44.86789034,-93.63190163
2150,2025-08-11-09-56-08-599,1754924169,2150,1.94874E+12,44.86789061,-93.63190693
2151,2025-08-11-09-56-09-105,1754924169,2151,1.94925E+12,44.8678906,-93.6319118
2152,2025-08-11-09-56-09-613,1754924170,2152,1.94975E+12,44.86789063,-93.63191671
2153,2025-08-11-09-56-10-120,1754924170,2153,1.95026E+12,44.86789096,-93.63192107
2154,2025-08-11-09-56-10-626,1754924171,2154,1.95077E+12,44.86789079,-93.6319253
2155,2025-08-11-09-56-11-132,1754924171,2155,1.95127E+12,44.86789075,-93.63192928
2156,2025-08-11-09-56-11-636,1754924172,2156,1.95178E+12,44.86789078,-93.63193275
2157,2025-08-11-09-56-12-145,1754924172,2157,1.95229E+12,44.86789087,-93.63193544
2158,2025-08-11-09-56-12-651,1754924173,2158,1.95279E+12,44.86789082,-93.6319382
2159,2025-08-11-09-56-13-158,1754924173,2159,1.9533E+12,44.86789048,-93.63194244
2160,2025-08-11-09-56-13-665,1754924174,2160,1.95381E+12,44.86789052,-93.63194766
2161,2025-08-11-09-56-14-172,1754924174,2161,1.95431E+12,44.86789073,-93.6319531
2162,2025-08-11-09-56-14-678,1754924175,2162,1.95482E+12,44.8678908,-93.63195878
2163,2025-08-11-09-56-15-185,1754924175,2163,1.95533E+12,44.86789057,-93.63196369
2164,2025-08-11-09-56-15-694,1754924176,2164,1.95583E+12,44.86789052,-93.63196834
2165,2025-08-11-09-56-16-197,1754924176,2165,1.95634E+12,44.86789041,-93.63197523
2166,2025-08-11-09-56-16-709,1754924177,2166,1.95685E+12,44.8678905,-93.63198128
2167,2025-08-11-09-56-17-214,1754924177,2167,1.95735E+12,44.86789087,-93.63198753
2168,2025-08-11-09-56-17-722,1754924178,2168,1.95786E+12,44.86789049,-93.63199322
2169,2025-08-11-09-56-18-227,1754924178,2169,1.95837E+12,44.86789043,-93.63199861
2170,2025-08-11-09-56-18-735,1754924179,2170,1.95887E+12,44.86789035,-93.63200409
2171,2025-08-11-09-56-19-243,1754924179,2171,1.95938E+12,44.86789013,-93.63200961
2172,2025-08-11-09-56-19-749,1754924180,2172,1.95989E+12,44.86789022,-93.63201502
2173,2025-08-11-09-56-20-252,1754924180,2173,1.96039E+12,44.86789018,-93.63202011
2174,2025-08-11-09-56-20-757,1754924181,2174,1.9609E+12,44.86789005,-93.63202493
2175,2025-08-11-09-56-21-263,1754924181,2175,1.96141E+12,44.86789004,-93.63202979
2176,2025-08-11-09-56-21-771,1754924182,2176,1.96191E+12,44.86788995,-93.63203522
2177,2025-08-11-09-56-22-277,1754924182,2177,1.96242E+12,44.86788999,-93.63204105
2178,2025-08-11-09-56-22-783,1754924183,2178,1.96293E+12,44.86789019,-93.63204748
2179,2025-08-11-09-56-23-296,1754924183,2179,1.96343E+12,44.86789011,-93.63205364
2180,2025-08-11-09-56-23-796,1754924184,2180,1.96394E+12,44.86789009,-93.63206026
2181,2025-08-11-09-56-24-304,1754924184,2181,1.96445E+12,44.86789005,-93.63206532
2182,2025-08-11-09-56-24-816,1754924185,2182,1.96495E+12,44.86789014,-93.63207043
2183,2025-08-11-09-56-25-322,1754924185,2183,1.96546E+12,44.86789013,-93.63207599
2184,2025-08-11-09-56-25-827,1754924186,2184,1.96597E+12,44.8678902,-93.63208165
2185,2025-08-11-09-56-26-329,1754924186,2185,1.96647E+12,44.86789006,-93.63208761
2186,2025-08-11-09-56-26-835,1754924187,2186,1.96698E+12,44.86789018,-93.63209321
2187,2025-08-11-09-56-27-342,1754924187,2187,1.96749E+12,44.86789028,-93.63209872
2188,2025-08-11-09-56-27-850,1754924188,2188,1.96799E+12,44.86789018,-93.6321036
2189,2025-08-11-09-56-28-356,1754924188,2189,1.9685E+12,44.86789027,-93.63210836
2190,2025-08-11-09-56-28-865,1754924189,2190,1.96901E+12,44.8678903,-93.63211345
2191,2025-08-11-09-56-29-368,1754924189,2191,1.96951E+12,44.86789027,-93.63211882
2192,2025-08-11-09-56-29-875,1754924190,2192,1.97002E+12,44.86789047,-93.63212441
2193,2025-08-11-09-56-30-383,1754924190,2193,1.97052E+12,44.86789028,-93.63213012
2194,2025-08-11-09-56-30-888,1754924191,2194,1.97103E+12,44.86789029,-93.63213643
2195,2025-08-11-09-56-31-399,1754924191,2195,1.97154E+12,44.86789026,-93.63214128
2196,2025-08-11-09-56-31-901,1754924192,2196,1.97204E+12,44.86789026,-93.63214568
2197,2025-08-11-09-56-32-410,1754924192,2197,1.97255E+12,44.86789043,-93.63214943
2198,2025-08-11-09-56-32-915,1754924193,2198,1.97306E+12,44.86789059,-93.63215286
2199,2025-08-11-09-56-33-422,1754924193,2199,1.97356E+12,44.86789065,-93.63215689
2200,2025-08-11-09-56-33-929,1754924194,2200,1.97407E+12,44.86789053,-93.63216212
2201,2025-08-11-09-56-34-436,1754924194,2201,1.97458E+12,44.86789046,-93.63216784
2202,2025-08-11-09-56-34-942,1754924195,2202,1.97508E+12,44.86789049,-93.63217371
2203,2025-08-11-09-56-35-448,1754924195,2203,1.97559E+12,44.86789064,-93.63217905
2204,2025-08-11-09-56-35-957,1754924196,2204,1.9761E+12,44.86789085,-93.63218376
2205,2025-08-11-09-56-36-461,1754924196,2205,1.9766E+12,44.86789068,-93.63218775
2206,2025-08-11-09-56-36-968,1754924197,2206,1.97711E+12,44.86789067,-93.63219165
2207,2025-08-11-09-56-37-475,1754924197,2207,1.97762E+12,44.86789078,-93.63219524
2208,2025-08-11-09-56-37-981,1754924198,2208,1.97812E+12,44.86789092,-93.63219941
2209,2025-08-11-09-56-38-488,1754924198,2209,1.97863E+12,44.86789077,-93.63220525
2210,2025-08-11-09-56-38-995,1754924199,2210,1.97914E+12,44.86789094,-93.63221077
2211,2025-08-11-09-56-39-502,1754924200,2211,1.97964E+12,44.86789088,-93.63221635
2212,2025-08-11-09-56-40-008,1754924200,2212,1.98015E+12,44.86789111,-93.63222196
2213,2025-08-11-09-56-40-519,1754924201,2213,1.98066E+12,44.86789109,-93.63222688
2214,2025-08-11-09-56-41-021,1754924201,2214,1.98116E+12,44.8678911,-93.63223073
2215,2025-08-11-09-56-41-527,1754924202,2215,1.98167E+12,44.86789103,-93.6322339
2216,2025-08-11-09-56-42-034,1754924202,2216,1.98218E+12,44.86789116,-93.63223607
2217,2025-08-11-09-56-42-540,1754924203,2217,1.98268E+12,44.86789121,-93.63223849
2218,2025-08-11-09-56-43-047,1754924203,2218,1.98319E+12,44.86789121,-93.63224178
2219,2025-08-11-09-56-43-553,1754924204,2219,1.9837E+12,44.86789116,-93.63224623
2220,2025-08-11-09-56-44-060,1754924204,2220,1.9842E+12,44.86789152,-93.63225148
2221,2025-08-11-09-56-44-567,1754924205,2221,1.98471E+12,44.86789141,-93.63225687
2222,2025-08-11-09-56-45-073,1754924205,2222,1.98522E+12,44.86789111,-93.63226217
2223,2025-08-11-09-56-45-580,1754924206,2223,1.98572E+12,44.86789129,-93.63226638
2224,2025-08-11-09-56-46-087,1754924206,2224,1.98623E+12,44.86789128,-93.63226975
2225,2025-08-11-09-56-46-594,1754924207,2225,1.98674E+12,44.86789121,-93.63227429
2226,2025-08-11-09-56-47-097,1754924207,2226,1.98724E+12,44.86789131,-93.63227935
2227,2025-08-11-09-56-47-606,1754924208,2227,1.98775E+12,44.86789121,-93.63228556
2228,2025-08-11-09-56-48-113,1754924208,2228,1.98826E+12,44.86789118,-93.6322933
2229,2025-08-11-09-56-48-619,1754924209,2229,1.98876E+12,44.86789132,-93.63230067
2230,2025-08-11-09-56-49-126,1754924209,2230,1.98927E+12,44.86789091,-93.63230673
2231,2025-08-11-09-56-49-633,1754924210,2231,1.98978E+12,44.86789091,-93.63231102
2232,2025-08-11-09-56-50-139,1754924210,2232,1.99028E+12,44.86789105,-93.6323146
2233,2025-08-11-09-56-50-647,1754924211,2233,1.99079E+12,44.86789102,-93.63231876
2234,2025-08-11-09-56-51-153,1754924211,2234,1.9913E+12,44.86789091,-93.63232382
2235,2025-08-11-09-56-51-660,1754924212,2235,1.9918E+12,44.86789099,-93.63232857
2236,2025-08-11-09-56-52-166,1754924212,2236,1.99231E+12,44.86789074,-93.63233306
2237,2025-08-11-09-56-52-671,1754924213,2237,1.99282E+12,44.8678908,-93.6323376
2238,2025-08-11-09-56-53-179,1754924213,2238,1.99332E+12,44.86789085,-93.63234226
2239,2025-08-11-09-56-53-686,1754924214,2239,1.99383E+12,44.86789084,-93.63234716
2240,2025-08-11-09-56-54-192,1754924214,2240,1.99433E+12,44.86789065,-93.63235273
2241,2025-08-11-09-56-54-699,1754924215,2241,1.99484E+12,44.86789064,-93.63235955
2242,2025-08-11-09-56-55-205,1754924215,2242,1.99535E+12,44.86789056,-93.63236445
2243,2025-08-11-09-56-55-712,1754924216,2243,1.99585E+12,44.86789062,-93.63236908
2244,2025-08-11-09-56-56-218,1754924216,2244,1.99636E+12,44.86789061,-93.63237386
2245,2025-08-11-09-56-56-729,1754924217,2245,1.99687E+12,44.8678904,-93.63237885
2246,2025-08-11-09-56-57-230,1754924217,2246,1.99737E+12,44.86789051,-93.63238443
2247,2025-08-11-09-56-57-739,1754924218,2247,1.99788E+12,44.86789039,-93.63239084
2248,2025-08-11-09-56-58-244,1754924218,2248,1.99839E+12,44.86789034,-93.63239727
2249,2025-08-11-09-56-58-752,1754924219,2249,1.99889E+12,44.86789047,-93.63240262
2250,2025-08-11-09-56-59-257,1754924219,2250,1.9994E+12,44.8678903,-93.63240682
2251,2025-08-11-09-56-59-766,1754924220,2251,1.99991E+12,44.86789045,-93.63241
2252,2025-08-11-09-57-00-272,1754924220,2252,2.00041E+12,44.86789032,-93.63241361
2253,2025-08-11-09-57-00-776,1754924221,2253,2.00092E+12,44.86789028,-93.63241918
2254,2025-08-11-09-57-01-283,1754924221,2254,2.00143E+12,44.86789022,-93.6324261
2255,2025-08-11-09-57-01-789,1754924222,2255,2.00193E+12,44.8678903,-93.63243519
2256,2025-08-11-09-57-02-297,1754924222,2256,2.00244E+12,44.86789026,-93.63244242
2257,2025-08-11-09-57-02-804,1754924223,2257,2.00295E+12,44.86789006,-93.63244918
2258,2025-08-11-09-57-03-310,1754924223,2258,2.00345E+12,44.86789043,-93.63245684
2259,2025-08-11-09-57-03-817,1754924224,2259,2.00396E+12,44.86789048,-93.63246578
2260,2025-08-11-09-57-04-323,1754924224,2260,2.00447E+12,44.86789064,-93.63247491
2261,2025-08-11-09-57-04-830,1754924225,2261,2.00497E+12,44.8678898,-93.63248399
2262,2025-08-11-09-57-05-337,1754924225,2262,2.00548E+12,44.86788769,-93.63249248
2263,2025-08-11-09-57-05-843,1754924226,2263,2.00599E+12,44.86788397,-93.63249879
2264,2025-08-11-09-57-06-350,1754924226,2264,2.00649E+12,44.86787992,-93.63250343
2265,2025-08-11-09-57-06-861,1754924227,2265,2.007E+12,44.86787596,-93.63250638
2266,2025-08-11-09-57-07-362,1754924227,2266,2.00751E+12,44.8678725,-93.63250826
2267,2025-08-11-09-57-07-870,1754924228,2267,2.00801E+12,44.86786937,-93.63250903
2268,2025-08-11-09-57-08-375,1754924228,2268,2.00852E+12,44.86786657,-93.63250891
2269,2025-08-11-09-57-08-882,1754924229,2269,2.00903E+12,44.86786499,-93.63250881
2270,2025-08-11-09-57-09-387,1754924229,2270,2.00953E+12,44.86786518,-93.63250893
2271,2025-08-11-09-57-09-895,1754924230,2271,2.01004E+12,44.86786513,-93.63250884
2272,2025-08-11-09-57-10-402,1754924230,2272,2.01055E+12,44.86786545,-93.6325089
2273,2025-08-11-09-57-10-908,1754924231,2273,2.01105E+12,44.86786584,-93.63250879
2274,2025-08-11-09-57-11-415,1754924231,2274,2.01156E+12,44.86786688,-93.63250846
2275,2025-08-11-09-57-11-922,1754924232,2275,2.01206E+12,44.86786919,-93.63250762
2276,2025-08-11-09-57-12-430,1754924232,2276,2.01257E+12,44.86787272,-93.63250582
2277,2025-08-11-09-57-12-935,1754924233,2277,2.01308E+12,44.86787659,-93.63250357
2278,2025-08-11-09-57-13-441,1754924233,2278,2.01358E+12,44.86788113,-93.63250196
2279,2025-08-11-09-57-13-947,1754924234,2279,2.01409E+12,44.86788604,-93.63250116
2280,2025-08-11-09-57-14-455,1754924234,2280,2.0146E+12,44.86789161,-93.63250075
2281,2025-08-11-09-57-14-962,1754924235,2281,2.0151E+12,44.86789765,-93.63250092
2282,2025-08-11-09-57-15-468,1754924235,2282,2.01561E+12,44.86790389,-93.63250202
2283,2025-08-11-09-57-15-975,1754924236,2283,2.01612E+12,44.86791027,-93.63250383
2284,2025-08-11-09-57-16-480,1754924236,2284,2.01662E+12,44.86791636,-93.63250607
2285,2025-08-11-09-57-16-987,1754924237,2285,2.01713E+12,44.86792249,-93.63250816
2286,2025-08-11-09-57-17-494,1754924237,2286,2.01764E+12,44.86792791,-93.63251056
2287,2025-08-11-09-57-18-001,1754924238,2287,2.01814E+12,44.8679304,-93.63251173
2288,2025-08-11-09-57-18-506,1754924239,2288,2.01865E+12,44.86793167,-93.63251228
2289,2025-08-11-09-57-19-014,1754924239,2289,2.01916E+12,44.8679322,-93.63251255
2290,2025-08-11-09-57-19-520,1754924240,2290,2.01966E+12,44.86793228,-93.63251259
2291,2025-08-11-09-57-20-025,1754924240,2291,2.02017E+12,44.86793236,-93.63251265
2292,2025-08-11-09-57-20-533,1754924241,2292,2.02068E+12,44.86793251,-93.63251272
2293,2025-08-11-09-57-21-039,1754924241,2293,2.02118E+12,44.86793262,-93.63251273
2294,2025-08-11-09-57-21-546,1754924242,2294,2.02169E+12,44.86793262,-93.63251273
2295,2025-08-11-09-57-22-052,1754924242,2295,2.0222E+12,44.86793258,-93.63251277
2296,2025-08-11-09-57-22-558,1754924243,2296,2.0227E+12,44.86793267,-93.63251279
2297,2025-08-11-09-57-23-071,1754924243,2297,2.02321E+12,44.8679328,-93.63251287
2298,2025-08-11-09-57-23-572,1754924244,2298,2.02371E+12,44.86793283,-93.63251286
2299,2025-08-11-09-57-24-078,1754924244,2299,2.02422E+12,44.86793278,-93.63251284
2300,2025-08-11-09-57-24-585,1754924245,2300,2.02473E+12,44.86793268,-93.6325128
2301,2025-08-11-09-57-25-095,1754924245,2301,2.02523E+12,44.8679326,-93.63251275
2302,2025-08-11-09-57-25-599,1754924246,2302,2.02574E+12,44.86793228,-93.63251265
2303,2025-08-11-09-57-26-105,1754924246,2303,2.02625E+12,44.86793189,-93.63251252
2304,2025-08-11-09-57-26-616,1754924247,2304,2.02675E+12,44.86793056,-93.63251197
2305,2025-08-11-09-57-27-119,1754924247,2305,2.02726E+12,44.86792704,-93.63251065
2306,2025-08-11-09-57-27-623,1754924248,2306,2.02777E+12,44.86792212,-93.63250901
2307,2025-08-11-09-57-28-130,1754924248,2307,2.02827E+12,44.86791649,-93.63250686
2308,2025-08-11-09-57-28-637,1754924249,2308,2.02878E+12,44.86791113,-93.63250452
2309,2025-08-11-09-57-29-144,1754924249,2309,2.02929E+12,44.86790689,-93.63250109
2310,2025-08-11-09-57-29-651,1754924250,2310,2.02979E+12,44.86790354,-93.63249801
2311,2025-08-11-09-57-30-157,1754924250,2311,2.0303E+12,44.86790142,-93.63249504
2312,2025-08-11-09-57-30-664,1754924251,2312,2.03081E+12,44.86790031,-93.63249325
2313,2025-08-11-09-57-31-169,1754924251,2313,2.03131E+12,44.86790009,-93.63249276
2314,2025-08-11-09-57-31-685,1754924252,2314,2.03182E+12,44.86790007,-93.63249282
2315,2025-08-11-09-57-32-183,1754924252,2315,2.03233E+12,44.86789923,-93.63249119
2316,2025-08-11-09-57-32-691,1754924253,2316,2.03283E+12,44.86789775,-93.63248759
2317,2025-08-11-09-57-33-197,1754924253,2317,2.03334E+12,44.86789665,-93.63248381
2318,2025-08-11-09-57-33-702,1754924254,2318,2.03385E+12,44.86789572,-93.63247991
2319,2025-08-11-09-57-34-209,1754924254,2319,2.03435E+12,44.86789527,-93.63247604
2320,2025-08-11-09-57-34-715,1754924255,2320,2.03486E+12,44.86789474,-93.63247246
2321,2025-08-11-09-57-35-224,1754924255,2321,2.03537E+12,44.86789434,-93.63246909
2322,2025-08-11-09-57-35-730,1754924256,2322,2.03587E+12,44.86789417,-93.63246547
2323,2025-08-11-09-57-36-237,1754924256,2323,2.03638E+12,44.86789384,-93.63246268
2324,2025-08-11-09-57-36-744,1754924257,2324,2.03689E+12,44.86789366,-93.63246023
2325,2025-08-11-09-57-37-249,1754924257,2325,2.03739E+12,44.86789339,-93.63245792
2326,2025-08-11-09-57-37-756,1754924258,2326,2.0379E+12,44.86789312,-93.6324556
2327,2025-08-11-09-57-38-261,1754924258,2327,2.03841E+12,44.86789277,-93.63245321
2328,2025-08-11-09-57-38-770,1754924259,2328,2.03891E+12,44.86789261,-93.63245044
2329,2025-08-11-09-57-39-275,1754924259,2329,2.03942E+12,44.86789227,-93.6324475
2330,2025-08-11-09-57-39-782,1754924260,2330,2.03993E+12,44.86789191,-93.63244395
2331,2025-08-11-09-57-40-288,1754924260,2331,2.04043E+12,44.86789146,-93.63243903
2332,2025-08-11-09-57-40-794,1754924261,2332,2.04094E+12,44.86789117,-93.63243459
2333,2025-08-11-09-57-41-302,1754924261,2333,2.04145E+12,44.86789078,-93.6324295
2334,2025-08-11-09-57-41-809,1754924262,2334,2.04195E+12,44.86789065,-93.63242394
2335,2025-08-11-09-57-42-316,1754924262,2335,2.04246E+12,44.86789047,-93.63241826
2336,2025-08-11-09-57-42-821,1754924263,2336,2.04296E+12,44.86789027,-93.6324127
2337,2025-08-11-09-57-43-329,1754924263,2337,2.04347E+12,44.86789015,-93.63240755
2338,2025-08-11-09-57-43-837,1754924264,2338,2.04398E+12,44.86789013,-93.63240284
2339,2025-08-11-09-57-44-341,1754924264,2339,2.04448E+12,44.86789002,-93.63239863
2340,2025-08-11-09-57-44-849,1754924265,2340,2.04499E+12,44.86789008,-93.63239509
2341,2025-08-11-09-57-45-355,1754924265,2341,2.0455E+12,44.86789003,-93.63239155
2342,2025-08-11-09-57-45-862,1754924266,2342,2.046E+12,44.86788991,-93.63238835
2343,2025-08-11-09-57-46-370,1754924266,2343,2.04651E+12,44.86788988,-93.63238545
2344,2025-08-11-09-57-46-875,1754924267,2344,2.04702E+12,44.86788981,-93.63238286
2345,2025-08-11-09-57-47-380,1754924267,2345,2.04752E+12,44.86788992,-93.63238046
2346,2025-08-11-09-57-47-886,1754924268,2346,2.04803E+12,44.86788993,-93.63237815
2347,2025-08-11-09-57-48-394,1754924268,2347,2.04854E+12,44.86788984,-93.63237576
2348,2025-08-11-09-57-48-902,1754924269,2348,2.04904E+12,44.86788974,-93.63237379
2349,2025-08-11-09-57-49-406,1754924269,2349,2.04955E+12,44.86788964,-93.63237171
2350,2025-08-11-09-57-49-913,1754924270,2350,2.05006E+12,44.86788967,-93.63236956
2351,2025-08-11-09-57-50-420,1754924270,2351,2.05056E+12,44.86788959,-93.63236702
2352,2025-08-11-09-57-50-928,1754924271,2352,2.05107E+12,44.86788957,-93.63236385
2353,2025-08-11-09-57-51-433,1754924271,2353,2.05158E+12,44.86788962,-93.6323604
2354,2025-08-11-09-57-51-940,1754924272,2354,2.05208E+12,44.8678895,-93.63235663
2355,2025-08-11-09-57-52-446,1754924272,2355,2.05259E+12,44.8678896,-93.63235294
2356,2025-08-11-09-57-52-952,1754924273,2356,2.0531E+12,44.86788959,-93.63234941
2357,2025-08-11-09-57-53-460,1754924273,2357,2.0536E+12,44.86788966,-93.63234564
2358,2025-08-11-09-57-53-966,1754924274,2358,2.05411E+12,44.86788957,-93.63234204
2359,2025-08-11-09-57-54-474,1754924274,2359,2.05462E+12,44.86788948,-93.63233889
2360,2025-08-11-09-57-54-978,1754924275,2360,2.05512E+12,44.86788949,-93.632336
2361,2025-08-11-09-57-55-486,1754924275,2361,2.05563E+12,44.86788952,-93.63233294
2362,2025-08-11-09-57-55-992,1754924276,2362,2.05614E+12,44.86788958,-93.63233058
2363,2025-08-11-09-57-56-497,1754924276,2363,2.05664E+12,44.86788969,-93.63232848
2364,2025-08-11-09-57-57-006,1754924277,2364,2.05715E+12,44.86788969,-93.63232649
2365,2025-08-11-09-57-57-512,1754924278,2365,2.05766E+12,44.86788969,-93.63232463
2366,2025-08-11-09-57-58-023,1754924278,2366,2.05816E+12,44.86788969,-93.63232197
2367,2025-08-11-09-57-58-525,1754924279,2367,2.05867E+12,44.86788977,-93.63231813
2368,2025-08-11-09-57-59-033,1754924279,2368,2.05917E+12,44.86788968,-93.63231319
2369,2025-08-11-09-57-59-539,1754924280,2369,2.05968E+12,44.86788984,-93.6323077
2370,2025-08-11-09-58-00-045,1754924280,2370,2.06019E+12,44.86789004,-93.63230229
2371,2025-08-11-09-58-00-552,1754924281,2371,2.06069E+12,44.86789006,-93.63229701
2372,2025-08-11-09-58-01-058,1754924281,2372,2.0612E+12,44.86789006,-93.63229276
2373,2025-08-11-09-58-01-565,1754924282,2373,2.06171E+12,44.86788999,-93.63228912
2374,2025-08-11-09-58-02-071,1754924282,2374,2.06221E+12,44.86788992,-93.63228564
2375,2025-08-11-09-58-02-578,1754924283,2375,2.06272E+12,44.86788999,-93.63228262
2376,2025-08-11-09-58-03-085,1754924283,2376,2.06323E+12,44.86788995,-93.63227991
2377,2025-08-11-09-58-03-590,1754924284,2377,2.06373E+12,44.86788998,-93.63227696
2378,2025-08-11-09-58-04-097,1754924284,2378,2.06424E+12,44.86788992,-93.63227468
2379,2025-08-11-09-58-04-605,1754924285,2379,2.06475E+12,44.86788984,-93.63227194
2380,2025-08-11-09-58-05-112,1754924285,2380,2.06525E+12,44.86788975,-93.63226797
2381,2025-08-11-09-58-05-617,1754924286,2381,2.06576E+12,44.86788972,-93.6322633
2382,2025-08-11-09-58-06-125,1754924286,2382,2.06627E+12,44.86788975,-93.63225778
2383,2025-08-11-09-58-06-630,1754924287,2383,2.06677E+12,44.86788933,-93.63225191
2384,2025-08-11-09-58-07-136,1754924287,2384,2.06728E+12,44.86788936,-93.63224561
2385,2025-08-11-09-58-07-644,1754924288,2385,2.06779E+12,44.86788924,-93.63223901
2386,2025-08-11-09-58-08-149,1754924288,2386,2.06829E+12,44.86788929,-93.63223255
2387,2025-08-11-09-58-08-655,1754924289,2387,2.0688E+12,44.8678892,-93.63222657
2388,2025-08-11-09-58-09-164,1754924289,2388,2.06931E+12,44.86788919,-93.63222125
2389,2025-08-11-09-58-09-668,1754924290,2389,2.06981E+12,44.86788913,-93.63221692
2390,2025-08-11-09-58-10-176,1754924290,2390,2.07032E+12,44.86788906,-93.63221319
2391,2025-08-11-09-58-10-686,1754924291,2391,2.07083E+12,44.86788907,-93.63221077
2392,2025-08-11-09-58-11-193,1754924291,2392,2.07133E+12,44.86788906,-93.63220793
2393,2025-08-11-09-58-11-695,1754924292,2393,2.07184E+12,44.86788908,-93.63220559
2394,2025-08-11-09-58-12-201,1754924292,2394,2.07235E+12,44.86788913,-93.63220241
2395,2025-08-11-09-58-12-708,1754924293,2395,2.07285E+12,44.8678891,-93.63219867
2396,2025-08-11-09-58-13-214,1754924293,2396,2.07336E+12,44.86788922,-93.63219421
2397,2025-08-11-09-58-13-720,1754924294,2397,2.07386E+12,44.86788924,-93.63218956
2398,2025-08-11-09-58-14-228,1754924294,2398,2.07437E+12,44.86788931,-93.6321843
2399,2025-08-11-09-58-14-737,1754924295,2399,2.07488E+12,44.86788911,-93.63217983
2400,2025-08-11-09-58-15-241,1754924295,2400,2.07538E+12,44.86788927,-93.63217605
2401,2025-08-11-09-58-15-748,1754924296,2401,2.07589E+12,44.86788942,-93.63217296
2402,2025-08-11-09-58-16-255,1754924296,2402,2.0764E+12,44.86788935,-93.63217008
2403,2025-08-11-09-58-16-764,1754924297,2403,2.0769E+12,44.86788955,-93.63216708
2404,2025-08-11-09-58-17-271,1754924297,2404,2.07741E+12,44.86788956,-93.63216379
2405,2025-08-11-09-58-17-775,1754924298,2405,2.07792E+12,44.86788973,-93.63216007
2406,2025-08-11-09-58-18-280,1754924298,2406,2.07842E+12,44.86788957,-93.63215573
2407,2025-08-11-09-58-18-788,1754924299,2407,2.07893E+12,44.8678893,-93.63215118
2408,2025-08-11-09-58-19-296,1754924299,2408,2.07944E+12,44.86788945,-93.63214553
2409,2025-08-11-09-58-19-800,1754924300,2409,2.07994E+12,44.86788946,-93.63214111
2410,2025-08-11-09-58-20-306,1754924300,2410,2.08045E+12,44.8678895,-93.63213681
2411,2025-08-11-09-58-20-813,1754924301,2411,2.08096E+12,44.86788954,-93.63213307
2412,2025-08-11-09-58-21-320,1754924301,2412,2.08146E+12,44.86788938,-93.63212981
2413,2025-08-11-09-58-21-825,1754924302,2413,2.08197E+12,44.86788933,-93.63212743
2414,2025-08-11-09-58-22-333,1754924302,2414,2.08248E+12,44.86788939,-93.63212524
2415,2025-08-11-09-58-22-840,1754924303,2415,2.08298E+12,44.86788935,-93.6321224
2416,2025-08-11-09-58-23-346,1754924303,2416,2.08349E+12,44.8678893,-93.63211868
2417,2025-08-11-09-58-23-856,1754924304,2417,2.084E+12,44.8678892,-93.6321146
2418,2025-08-11-09-58-24-358,1754924304,2418,2.0845E+12,44.86788913,-93.63210972
2419,2025-08-11-09-58-24-869,1754924305,2419,2.08501E+12,44.86788919,-93.63210427
2420,2025-08-11-09-58-25-376,1754924305,2420,2.08552E+12,44.86788911,-93.63209854
2421,2025-08-11-09-58-25-880,1754924306,2421,2.08602E+12,44.86788907,-93.63209336
2422,2025-08-11-09-58-26-386,1754924306,2422,2.08653E+12,44.86788928,-93.63208754
2423,2025-08-11-09-58-26-891,1754924307,2423,2.08704E+12,44.86788912,-93.63208345
2424,2025-08-11-09-58-27-398,1754924307,2424,2.08754E+12,44.86788915,-93.63207984
2425,2025-08-11-09-58-27-905,1754924308,2425,2.08805E+12,44.86788918,-93.6320767
2426,2025-08-11-09-58-28-411,1754924308,2426,2.08856E+12,44.86788917,-93.6320737
2427,2025-08-11-09-58-28-918,1754924309,2427,2.08906E+12,44.86788922,-93.63207053
2428,2025-08-11-09-58-29-424,1754924309,2428,2.08957E+12,44.86788924,-93.63206734
2429,2025-08-11-09-58-29-931,1754924310,2429,2.09007E+12,44.86788921,-93.63206441
2430,2025-08-11-09-58-30-437,1754924310,2430,2.09058E+12,44.8678893,-93.63206165
2431,2025-08-11-09-58-30-945,1754924311,2431,2.09109E+12,44.86788939,-93.6320584
2432,2025-08-11-09-58-31-450,1754924311,2432,2.09159E+12,44.86788945,-93.63205488
2433,2025-08-11-09-58-31-960,1754924312,2433,2.0921E+12,44.86788951,-93.63205058
2434,2025-08-11-09-58-32-466,1754924312,2434,2.09261E+12,44.86788952,-93.63204633
2435,2025-08-11-09-58-32-971,1754924313,2435,2.09311E+12,44.86788979,-93.63204194
2436,2025-08-11-09-58-33-477,1754924313,2436,2.09362E+12,44.86788995,-93.63203698
2437,2025-08-11-09-58-33-982,1754924314,2437,2.09413E+12,44.86788993,-93.63203184
2438,2025-08-11-09-58-34-494,1754924314,2438,2.09463E+12,44.86789024,-93.63202537
2439,2025-08-11-09-58-34-996,1754924315,2439,2.09514E+12,44.86789049,-93.63201966
2440,2025-08-11-09-58-35-503,1754924316,2440,2.09565E+12,44.86789041,-93.63201451
2441,2025-08-11-09-58-36-009,1754924316,2441,2.09615E+12,44.86789068,-93.63200947
2442,2025-08-11-09-58-36-516,1754924317,2442,2.09666E+12,44.86789052,-93.63200507
2443,2025-08-11-09-58-37-025,1754924317,2443,2.09717E+12,44.86789054,-93.63200154
2444,2025-08-11-09-58-37-530,1754924318,2444,2.09767E+12,44.86789061,-93.63199822
2445,2025-08-11-09-58-38-042,1754924318,2445,2.09818E+12,44.86789072,-93.63199453
2446,2025-08-11-09-58-38-543,1754924319,2446,2.09869E+12,44.86789056,-93.6319904
2447,2025-08-11-09-58-39-049,1754924319,2447,2.09919E+12,44.86789049,-93.6319861
2448,2025-08-11-09-58-39-561,1754924320,2448,2.0997E+12,44.86789046,-93.63198117
2449,2025-08-11-09-58-40-063,1754924320,2449,2.10021E+12,44.8678902,-93.63197548
2450,2025-08-11-09-58-40-570,1754924321,2450,2.10071E+12,44.86789019,-93.63197042
2451,2025-08-11-09-58-41-080,1754924321,2451,2.10122E+12,44.86789046,-93.63196501
2452,2025-08-11-09-58-41-588,1754924322,2452,2.10173E+12,44.86789023,-93.63196011
2453,2025-08-11-09-58-42-090,1754924322,2453,2.10223E+12,44.86788984,-93.63195518
2454,2025-08-11-09-58-42-596,1754924323,2454,2.10274E+12,44.86788988,-93.63195161
2455,2025-08-11-09-58-43-103,1754924323,2455,2.10325E+12,44.86788981,-93.63194786
2456,2025-08-11-09-58-43-610,1754924324,2456,2.10375E+12,44.86788981,-93.63194467
2457,2025-08-11-09-58-44-116,1754924324,2457,2.10426E+12,44.86788971,-93.6319429
2458,2025-08-11-09-58-44-623,1754924325,2458,2.10477E+12,44.86788971,-93.6319419
2459,2025-08-11-09-58-45-128,1754924325,2459,2.10527E+12,44.8678897,-93.6319407
2460,2025-08-11-09-58-45-635,1754924326,2460,2.10578E+12,44.8678897,-93.63193825
2461,2025-08-11-09-58-46-141,1754924326,2461,2.10629E+12,44.86788984,-93.63193414
2462,2025-08-11-09-58-46-648,1754924327,2462,2.10679E+12,44.86788973,-93.63192932
2463,2025-08-11-09-58-47-155,1754924327,2463,2.1073E+12,44.86788958,-93.63192427
2464,2025-08-11-09-58-47-662,1754924328,2464,2.10781E+12,44.86788963,-93.6319191
2465,2025-08-11-09-58-48-169,1754924328,2465,2.10831E+12,44.86788961,-93.63191396
2466,2025-08-11-09-58-48-675,1754924329,2466,2.10882E+12,44.86788939,-93.63190942
2467,2025-08-11-09-58-49-180,1754924329,2467,2.10932E+12,44.86788949,-93.63190533
2468,2025-08-11-09-58-49-687,1754924330,2468,2.10983E+12,44.86788953,-93.63190151
2469,2025-08-11-09-58-50-194,1754924330,2469,2.11034E+12,44.86788952,-93.63189739
2470,2025-08-11-09-58-50-699,1754924331,2470,2.11084E+12,44.8678894,-93.63189398
2471,2025-08-11-09-58-51-207,1754924331,2471,2.11135E+12,44.8678895,-93.63189083
2472,2025-08-11-09-58-51-713,1754924332,2472,2.11186E+12,44.86788955,-93.63188796
2473,2025-08-11-09-58-52-220,1754924332,2473,2.11236E+12,44.86788952,-93.63188507
2474,2025-08-11-09-58-52-727,1754924333,2474,2.11287E+12,44.86788956,-93.63188193
2475,2025-08-11-09-58-53-234,1754924333,2475,2.11338E+12,44.8678896,-93.63187807
2476,2025-08-11-09-58-53-740,1754924334,2476,2.11388E+12,44.86788966,-93.63187326
2477,2025-08-11-09-58-54-245,1754924334,2477,2.11439E+12,44.86788953,-93.63186805
2478,2025-08-11-09-58-54-753,1754924335,2478,2.1149E+12,44.86788963,-93.63186292
2479,2025-08-11-09-58-55-264,1754924335,2479,2.1154E+12,44.86788975,-93.63185824
2480,2025-08-11-09-58-55-771,1754924336,2480,2.11591E+12,44.86788995,-93.63185361
2481,2025-08-11-09-58-56-274,1754924336,2481,2.11642E+12,44.86788998,-93.63184918
2482,2025-08-11-09-58-56-777,1754924337,2482,2.11692E+12,44.86788998,-93.63184507
2483,2025-08-11-09-58-57-286,1754924337,2483,2.11743E+12,44.86788991,-93.63184129
2484,2025-08-11-09-58-57-791,1754924338,2484,2.11794E+12,44.86788997,-93.63183863
2485,2025-08-11-09-58-58-298,1754924338,2485,2.11844E+12,44.86788993,-93.63183635
2486,2025-08-11-09-58-58-805,1754924339,2486,2.11895E+12,44.86789,-93.63183465
2487,2025-08-11-09-58-59-311,1754924339,2487,2.11946E+12,44.86788993,-93.63183334
2488,2025-08-11-09-58-59-820,1754924340,2488,2.11996E+12,44.86788993,-93.63183206
2489,2025-08-11-09-59-00-324,1754924340,2489,2.12047E+12,44.86788982,-93.63182916
2490,2025-08-11-09-59-00-832,1754924341,2490,2.12098E+12,44.86788988,-93.63182459
2491,2025-08-11-09-59-01-338,1754924341,2491,2.12148E+12,44.86788992,-93.63181885
2492,2025-08-11-09-59-01-844,1754924342,2492,2.12199E+12,44.86788988,-93.63181344
2493,2025-08-11-09-59-02-351,1754924342,2493,2.1225E+12,44.86788978,-93.63180825
2494,2025-08-11-09-59-02-856,1754924343,2494,2.123E+12,44.86788957,-93.63180402
2495,2025-08-11-09-59-03-364,1754924343,2495,2.12351E+12,44.86788954,-93.63180003
2496,2025-08-11-09-59-03-871,1754924344,2496,2.12401E+12,44.86788964,-93.631796
2497,2025-08-11-09-59-04-377,1754924344,2497,2.12452E+12,44.86788965,-93.63179235
2498,2025-08-11-09-59-04-884,1754924345,2498,2.12503E+12,44.86788965,-93.63178888
2499,2025-08-11-09-59-05-393,1754924345,2499,2.12553E+12,44.86788965,-93.63178519
2500,2025-08-11-09-59-05-898,1754924346,2500,2.12604E+12,44.86788966,-93.63178296
2501,2025-08-11-09-59-06-403,1754924346,2501,2.12655E+12,44.86788955,-93.63178082
2502,2025-08-11-09-59-06-910,1754924347,2502,2.12705E+12,44.86788951,-93.63177861
2503,2025-08-11-09-59-07-416,1754924347,2503,2.12756E+12,44.8678896,-93.63177692
2504,2025-08-11-09-59-07-927,1754924348,2504,2.12807E+12,44.86788957,-93.63177496
2505,2025-08-11-09-59-08-429,1754924348,2505,2.12857E+12,44.86788956,-93.63177181
2506,2025-08-11-09-59-08-936,1754924349,2506,2.12908E+12,44.86788937,-93.63176712
2507,2025-08-11-09-59-09-443,1754924349,2507,2.12959E+12,44.86788935,-93.63176199
2508,2025-08-11-09-59-09-949,1754924350,2508,2.13009E+12,44.86788933,-93.63175683
2509,2025-08-11-09-59-10-461,1754924350,2509,2.1306E+12,44.86788927,-93.6317522
2510,2025-08-11-09-59-10-963,1754924351,2510,2.13111E+12,44.86788943,-93.63174774
2511,2025-08-11-09-59-11-473,1754924351,2511,2.13161E+12,44.86788936,-93.63174388
2512,2025-08-11-09-59-11-975,1754924352,2512,2.13212E+12,44.8678893,-93.63174021
2513,2025-08-11-09-59-12-486,1754924352,2513,2.13263E+12,44.86788925,-93.63173685
2514,2025-08-11-09-59-12-992,1754924353,2514,2.13313E+12,44.86788933,-93.6317332
2515,2025-08-11-09-59-13-498,1754924353,2515,2.13364E+12,44.86788929,-93.63173004
2516,2025-08-11-09-59-14-001,1754924354,2516,2.13415E+12,44.86788926,-93.63172606
2517,2025-08-11-09-59-14-508,1754924355,2517,2.13465E+12,44.86788924,-93.63172139
2518,2025-08-11-09-59-15-015,1754924355,2518,2.13516E+12,44.86788922,-93.63171615
2519,2025-08-11-09-59-15-522,1754924356,2519,2.13567E+12,44.86788909,-93.63171082
2520,2025-08-11-09-59-16-029,1754924356,2520,2.13617E+12,44.86788907,-93.63170594
2521,2025-08-11-09-59-16-533,1754924357,2521,2.13668E+12,44.86788921,-93.6317016
2522,2025-08-11-09-59-17-040,1754924357,2522,2.13719E+12,44.8678892,-93.63169737
2523,2025-08-11-09-59-17-548,1754924358,2523,2.13769E+12,44.86788909,-93.63169347
2524,2025-08-11-09-59-18-056,1754924358,2524,2.1382E+12,44.86788913,-93.63169004
2525,2025-08-11-09-59-18-561,1754924359,2525,2.13871E+12,44.86788907,-93.63168643
2526,2025-08-11-09-59-19-068,1754924359,2526,2.13921E+12,44.86788907,-93.63168278
2527,2025-08-11-09-59-19-574,1754924360,2527,2.13972E+12,44.86788911,-93.63167903
2528,2025-08-11-09-59-20-081,1754924360,2528,2.14022E+12,44.86788922,-93.63167548
2529,2025-08-11-09-59-20-587,1754924361,2529,2.14073E+12,44.86788926,-93.63167163
2530,2025-08-11-09-59-21-092,1754924361,2530,2.14124E+12,44.86788922,-93.63166686
2531,2025-08-11-09-59-21-601,1754924362,2531,2.14174E+12,44.86788922,-93.63166298
2532,2025-08-11-09-59-22-107,1754924362,2532,2.14225E+12,44.86788923,-93.63165909
2533,2025-08-11-09-59-22-614,1754924363,2533,2.14276E+12,44.86788927,-93.63165523
2534,2025-08-11-09-59-23-120,1754924363,2534,2.14326E+12,44.86788924,-93.63165161
2535,2025-08-11-09-59-23-626,1754924364,2535,2.14377E+12,44.86788919,-93.63164816
2536,2025-08-11-09-59-24-130,1754924364,2536,2.14428E+12,44.86788923,-93.63164457
2537,2025-08-11-09-59-24-640,1754924365,2537,2.14478E+12,44.86788931,-93.63164086
2538,2025-08-11-09-59-25-146,1754924365,2538,2.14529E+12,44.86788926,-93.631637
2539,2025-08-11-09-59-25-653,1754924366,2539,2.1458E+12,44.86788955,-93.63163286
2540,2025-08-11-09-59-26-159,1754924366,2540,2.1463E+12,44.86788951,-93.63162894
2541,2025-08-11-09-59-26-666,1754924367,2541,2.14681E+12,44.86788946,-93.63162495
2542,2025-08-11-09-59-27-173,1754924367,2542,2.14732E+12,44.86788948,-93.63162105
2543,2025-08-11-09-59-27-679,1754924368,2543,2.14782E+12,44.86788944,-93.63161704
2544,2025-08-11-09-59-28-185,1754924368,2544,2.14833E+12,44.86788942,-93.63161311
2545,2025-08-11-09-59-28-692,1754924369,2545,2.14884E+12,44.86788947,-93.63160827
2546,2025-08-11-09-59-29-198,1754924369,2546,2.14934E+12,44.86788954,-93.63160417
2547,2025-08-11-09-59-29-710,1754924370,2547,2.14985E+12,44.86788952,-93.63160033
2548,2025-08-11-09-59-30-212,1754924370,2548,2.15036E+12,44.86788949,-93.63159626
2549,2025-08-11-09-59-30-720,1754924371,2549,2.15086E+12,44.86788961,-93.63159188
2550,2025-08-11-09-59-31-226,1754924371,2550,2.15137E+12,44.86788951,-93.63158751
2551,2025-08-11-09-59-31-733,1754924372,2551,2.15188E+12,44.86788949,-93.63158296
2552,2025-08-11-09-59-32-237,1754924372,2552,2.15238E+12,44.86788959,-93.63157838
2553,2025-08-11-09-59-32-745,1754924373,2553,2.15289E+12,44.86788965,-93.63157404
2554,2025-08-11-09-59-33-251,1754924373,2554,2.1534E+12,44.86788955,-93.63156967
2555,2025-08-11-09-59-33-758,1754924374,2555,2.1539E+12,44.86788974,-93.63156502
2556,2025-08-11-09-59-34-268,1754924374,2556,2.15441E+12,44.86788985,-93.63156029
2557,2025-08-11-09-59-34-775,1754924375,2557,2.15492E+12,44.86788972,-93.63155543
2558,2025-08-11-09-59-35-281,1754924375,2558,2.15542E+12,44.86788969,-93.63155017
2559,2025-08-11-09-59-35-784,1754924376,2559,2.15593E+12,44.86788968,-93.63154485
2560,2025-08-11-09-59-36-290,1754924376,2560,2.15644E+12,44.86788975,-93.63153803
2561,2025-08-11-09-59-36-797,1754924377,2561,2.15694E+12,44.86788996,-93.63153235
2562,2025-08-11-09-59-37-304,1754924377,2562,2.15745E+12,44.86788967,-93.63152663
2563,2025-08-11-09-59-37-810,1754924378,2563,2.15795E+12,44.86788967,-93.63152078
2564,2025-08-11-09-59-38-316,1754924378,2564,2.15846E+12,44.86788972,-93.63151549
2565,2025-08-11-09-59-38-823,1754924379,2565,2.15897E+12,44.86788981,-93.63151028
2566,2025-08-11-09-59-39-330,1754924379,2566,2.15947E+12,44.86788983,-93.63150575
2567,2025-08-11-09-59-39-837,1754924380,2567,2.15998E+12,44.86788995,-93.63150148
2568,2025-08-11-09-59-40-343,1754924380,2568,2.16049E+12,44.86788974,-93.63149763
2569,2025-08-11-09-59-40-851,1754924381,2569,2.16099E+12,44.86788971,-93.6314938
2570,2025-08-11-09-59-41-357,1754924381,2570,2.1615E+12,44.86788981,-93.63148966
2571,2025-08-11-09-59-41-863,1754924382,2571,2.16201E+12,44.86788979,-93.63148573
2572,2025-08-11-09-59-42-369,1754924382,2572,2.16251E+12,44.86788985,-93.63148165
2573,2025-08-11-09-59-42-874,1754924383,2573,2.16302E+12,44.86788976,-93.63147775
2574,2025-08-11-09-59-43-383,1754924383,2574,2.16353E+12,44.86788988,-93.63147396
2575,2025-08-11-09-59-43-888,1754924384,2575,2.16403E+12,44.86788982,-93.63147049
2576,2025-08-11-09-59-44-393,1754924384,2576,2.16454E+12,44.86788971,-93.63146581
2577,2025-08-11-09-59-44-902,1754924385,2577,2.16505E+12,44.86788974,-93.63146185
2578,2025-08-11-09-59-45-407,1754924385,2578,2.16555E+12,44.86788968,-93.63145798
2579,2025-08-11-09-59-45-920,1754924386,2579,2.16606E+12,44.86788968,-93.63145375
2580,2025-08-11-09-59-46-421,1754924386,2580,2.16657E+12,44.8678896,-93.63144962
2581,2025-08-11-09-59-46-930,1754924387,2581,2.16707E+12,44.86788965,-93.63144549
2582,2025-08-11-09-59-47-437,1754924387,2582,2.16758E+12,44.86788961,-93.63144147
2583,2025-08-11-09-59-47-941,1754924388,2583,2.16809E+12,44.86788956,-93.63143738
2584,2025-08-11-09-59-48-447,1754924388,2584,2.16859E+12,44.86788948,-93.63143327
2585,2025-08-11-09-59-48-954,1754924389,2585,2.1691E+12,44.86788956,-93.63142899
2586,2025-08-11-09-59-49-462,1754924389,2586,2.16961E+12,44.86788942,-93.63142469
2587,2025-08-11-09-59-49-967,1754924390,2587,2.17011E+12,44.86788942,-93.63142032
2588,2025-08-11-09-59-50-475,1754924390,2588,2.17062E+12,44.86788945,-93.63141587
2589,2025-08-11-09-59-50-982,1754924391,2589,2.17113E+12,44.86788947,-93.63141157
2590,2025-08-11-09-59-51-486,1754924391,2590,2.17163E+12,44.86788933,-93.63140699
2591,2025-08-11-09-59-51-994,1754924392,2591,2.17214E+12,44.86788944,-93.63140302
2592,2025-08-11-09-59-52-505,1754924393,2592,2.17264E+12,44.86788927,-93.63139896
2593,2025-08-11-09-59-53-007,1754924393,2593,2.17315E+12,44.86788928,-93.63139505
2594,2025-08-11-09-59-53-513,1754924394,2594,2.17366E+12,44.86788938,-93.63139087
2595,2025-08-11-09-59-54-020,1754924394,2595,2.17416E+12,44.86788946,-93.63138644
2596,2025-08-11-09-59-54-526,1754924395,2596,2.17467E+12,44.86788933,-93.63138199
2597,2025-08-11-09-59-55-033,1754924395,2597,2.17518E+12,44.86788921,-93.63137792
2598,2025-08-11-09-59-55-540,1754924396,2598,2.17568E+12,44.86788921,-93.63137375
2599,2025-08-11-09-59-56-049,1754924396,2599,2.17619E+12,44.86788926,-93.63136961
2600,2025-08-11-09-59-56-553,1754924397,2600,2.1767E+12,44.8678893,-93.63136557
2601,2025-08-11-09-59-57-059,1754924397,2601,2.1772E+12,44.86788931,-93.63136161
2602,2025-08-11-09-59-57-565,1754924398,2602,2.17771E+12,44.8678894,-93.63135758
2603,2025-08-11-09-59-58-073,1754924398,2603,2.17822E+12,44.86788932,-93.63135373
2604,2025-08-11-09-59-58-577,1754924399,2604,2.17872E+12,44.86788936,-93.6313494
2605,2025-08-11-09-59-59-087,1754924399,2605,2.17923E+12,44.86788943,-93.63134468
2606,2025-08-11-09-59-59-592,1754924400,2606,2.17974E+12,44.86788954,-93.63133883
2607,2025-08-11-10-00-00-099,1754924400,2607,2.18024E+12,44.86788949,-93.63133414
2608,2025-08-11-10-00-00-604,1754924401,2608,2.18075E+12,44.86788952,-93.63132953
2609,2025-08-11-10-00-01-110,1754924401,2609,2.18126E+12,44.86788958,-93.63132513
2610,2025-08-11-10-00-01-621,1754924402,2610,2.18176E+12,44.86788964,-93.63132064
2611,2025-08-11-10-00-02-125,1754924402,2611,2.18227E+12,44.86788967,-93.63131637
2612,2025-08-11-10-00-02-632,1754924403,2612,2.18278E+12,44.86788977,-93.63131237
2613,2025-08-11-10-00-03-137,1754924403,2613,2.18328E+12,44.86788967,-93.6313085
2614,2025-08-11-10-00-03-644,1754924404,2614,2.18379E+12,44.86788968,-93.6313049
2615,2025-08-11-10-00-04-151,1754924404,2615,2.1843E+12,44.86788983,-93.63130102
2616,2025-08-11-10-00-04-657,1754924405,2616,2.1848E+12,44.86788973,-93.6312976
2617,2025-08-11-10-00-05-164,1754924405,2617,2.18531E+12,44.86788981,-93.63129382
2618,2025-08-11-10-00-05-670,1754924406,2618,2.18582E+12,44.8678898,-93.63129004
2619,2025-08-11-10-00-06-178,1754924406,2619,2.18632E+12,44.86788981,-93.63128635
2620,2025-08-11-10-00-06-684,1754924407,2620,2.18683E+12,44.86788994,-93.63128194
2621,2025-08-11-10-00-07-190,1754924407,2621,2.18734E+12,44.86788988,-93.63127812
2622,2025-08-11-10-00-07-698,1754924408,2622,2.18784E+12,44.86789007,-93.63127428
2623,2025-08-11-10-00-08-203,1754924408,2623,2.18835E+12,44.86788996,-93.63127045
2624,2025-08-11-10-00-08-710,1754924409,2624,2.18886E+12,44.86789015,-93.63126693
2625,2025-08-11-10-00-09-216,1754924409,2625,2.18936E+12,44.86789015,-93.63126325
2626,2025-08-11-10-00-09-723,1754924410,2626,2.18987E+12,44.86789018,-93.63125958
2627,2025-08-11-10-00-10-230,1754924410,2627,2.19037E+12,44.86789021,-93.63125573
2628,2025-08-11-10-00-10-736,1754924411,2628,2.19088E+12,44.8678902,-93.63125203
2629,2025-08-11-10-00-11-244,1754924411,2629,2.19139E+12,44.86789024,-93.63124833
2630,2025-08-11-10-00-11-748,1754924412,2630,2.19189E+12,44.8678902,-93.63124452
2631,2025-08-11-10-00-12-256,1754924412,2631,2.1924E+12,44.86789024,-93.63124075
2632,2025-08-11-10-00-12-764,1754924413,2632,2.19291E+12,44.86789026,-93.63123708
2633,2025-08-11-10-00-13-270,1754924413,2633,2.19341E+12,44.86789021,-93.63123323
2634,2025-08-11-10-00-13-777,1754924414,2634,2.19392E+12,44.86789028,-93.63122926
2635,2025-08-11-10-00-14-283,1754924414,2635,2.19443E+12,44.86789033,-93.63122553
2636,2025-08-11-10-00-14-790,1754924415,2636,2.19493E+12,44.86789058,-93.63122147
2637,2025-08-11-10-00-15-296,1754924415,2637,2.19544E+12,44.86789045,-93.63121809
2638,2025-08-11-10-00-15-801,1754924416,2638,2.19595E+12,44.86789045,-93.63121436
2639,2025-08-11-10-00-16-309,1754924416,2639,2.19645E+12,44.86789049,-93.6312111
2640,2025-08-11-10-00-16-816,1754924417,2640,2.19696E+12,44.8678904,-93.6312079
2641,2025-08-11-10-00-17-322,1754924417,2641,2.19747E+12,44.86789033,-93.63120431
2642,2025-08-11-10-00-17-828,1754924418,2642,2.19797E+12,44.86789053,-93.63120017
2643,2025-08-11-10-00-18-339,1754924418,2643,2.19848E+12,44.8678904,-93.63119617
2644,2025-08-11-10-00-18-845,1754924419,2644,2.19899E+12,44.86789045,-93.63119217
2645,2025-08-11-10-00-19-348,1754924419,2645,2.19949E+12,44.86789043,-93.63118784
2646,2025-08-11-10-00-19-856,1754924420,2646,2.2E+12,44.86789046,-93.63118351
2647,2025-08-11-10-00-20-362,1754924420,2647,2.20051E+12,44.86789042,-93.63117934
2648,2025-08-11-10-00-20-873,1754924421,2648,2.20101E+12,44.86789047,-93.63117537
2649,2025-08-11-10-00-21-379,1754924421,2649,2.20152E+12,44.86789058,-93.6311714
2650,2025-08-11-10-00-21-887,1754924422,2650,2.20203E+12,44.86789031,-93.63116719
2651,2025-08-11-10-00-22-387,1754924422,2651,2.20253E+12,44.86789035,-93.63116282
2652,2025-08-11-10-00-22-900,1754924423,2652,2.20304E+12,44.86789045,-93.63115749
2653,2025-08-11-10-00-23-404,1754924423,2653,2.20355E+12,44.86789033,-93.63115297
2654,2025-08-11-10-00-23-911,1754924424,2654,2.20405E+12,44.86789047,-93.63114873
2655,2025-08-11-10-00-24-415,1754924424,2655,2.20456E+12,44.86789039,-93.63114485
2656,2025-08-11-10-00-24-921,1754924425,2656,2.20507E+12,44.86789027,-93.63114074
2657,2025-08-11-10-00-25-426,1754924425,2657,2.20557E+12,44.86789031,-93.6311369
2658,2025-08-11-10-00-25-934,1754924426,2658,2.20608E+12,44.86789042,-93.63113325
2659,2025-08-11-10-00-26-441,1754924426,2659,2.20659E+12,44.86789045,-93.63112951
2660,2025-08-11-10-00-26-948,1754924427,2660,2.20709E+12,44.86789022,-93.63112555
2661,2025-08-11-10-00-27-453,1754924427,2661,2.2076E+12,44.86789037,-93.6311217
2662,2025-08-11-10-00-27-960,1754924428,2662,2.20811E+12,44.86789043,-93.63111773
2663,2025-08-11-10-00-28-468,1754924428,2663,2.20861E+12,44.86789031,-93.63111382
2664,2025-08-11-10-00-28-980,1754924429,2664,2.20912E+12,44.86789045,-93.63110962
2665,2025-08-11-10-00-29-480,1754924429,2665,2.20963E+12,44.86789055,-93.63110556
2666,2025-08-11-10-00-29-986,1754924430,2666,2.21013E+12,44.86789038,-93.63110103
2667,2025-08-11-10-00-30-495,1754924430,2667,2.21064E+12,44.86789038,-93.63109699
2668,2025-08-11-10-00-31-000,1754924431,2668,2.21115E+12,44.86789045,-93.63109283
2669,2025-08-11-10-00-31-507,1754924432,2669,2.21165E+12,44.86789055,-93.63108851
2670,2025-08-11-10-00-32-017,1754924432,2670,2.21216E+12,44.86789049,-93.63108424
2671,2025-08-11-10-00-32-520,1754924433,2671,2.21266E+12,44.86789066,-93.63108003
2672,2025-08-11-10-00-33-027,1754924433,2672,2.21317E+12,44.86789075,-93.63107623
2673,2025-08-11-10-00-33-533,1754924434,2673,2.21368E+12,44.86789075,-93.6310727
2674,2025-08-11-10-00-34-040,1754924434,2674,2.21418E+12,44.86789077,-93.63106886
2675,2025-08-11-10-00-34-546,1754924435,2675,2.21469E+12,44.86789074,-93.63106445
2676,2025-08-11-10-00-35-052,1754924435,2676,2.2152E+12,44.86789069,-93.6310595
2677,2025-08-11-10-00-35-560,1754924436,2677,2.2157E+12,44.86789076,-93.6310543
2678,2025-08-11-10-00-36-065,1754924436,2678,2.21621E+12,44.86789084,-93.63104913
2679,2025-08-11-10-00-36-579,1754924437,2679,2.21672E+12,44.86789089,-93.63104411
2680,2025-08-11-10-00-37-082,1754924437,2680,2.21722E+12,44.86789092,-93.63103936
2681,2025-08-11-10-00-37-586,1754924438,2681,2.21773E+12,44.8678907,-93.63103426
2682,2025-08-11-10-00-38-092,1754924438,2682,2.21824E+12,44.86789053,-93.63102706
2683,2025-08-11-10-00-38-599,1754924439,2683,2.21874E+12,44.86789059,-93.63102134
2684,2025-08-11-10-00-39-105,1754924439,2684,2.21925E+12,44.86789033,-93.63101576
2685,2025-08-11-10-00-39-612,1754924440,2685,2.21976E+12,44.86789036,-93.6310112
2686,2025-08-11-10-00-40-120,1754924440,2686,2.22026E+12,44.86789032,-93.63100711
2687,2025-08-11-10-00-40-625,1754924441,2687,2.22077E+12,44.86789042,-93.63100308
2688,2025-08-11-10-00-41-133,1754924441,2688,2.22128E+12,44.86789031,-93.63099886
2689,2025-08-11-10-00-41-638,1754924442,2689,2.22178E+12,44.86789028,-93.63099489
2690,2025-08-11-10-00-42-144,1754924442,2690,2.22229E+12,44.86789013,-93.63099042
2691,2025-08-11-10-00-42-651,1754924443,2691,2.2228E+12,44.86789018,-93.63098619
2692,2025-08-11-10-00-43-158,1754924443,2692,2.2233E+12,44.8678901,-93.63098239
2693,2025-08-11-10-00-43-669,1754924444,2693,2.22381E+12,44.86788984,-93.63097858
2694,2025-08-11-10-00-44-175,1754924444,2694,2.22432E+12,44.86788977,-93.63097473
2695,2025-08-11-10-00-44-678,1754924445,2695,2.22482E+12,44.86788968,-93.6309711
2696,2025-08-11-10-00-45-185,1754924445,2696,2.22533E+12,44.86788963,-93.63096706
2697,2025-08-11-10-00-45-690,1754924446,2697,2.22584E+12,44.8678896,-93.63096347
2698,2025-08-11-10-00-46-202,1754924446,2698,2.22634E+12,44.86788978,-93.63095978
2699,2025-08-11-10-00-46-704,1754924447,2699,2.22685E+12,44.86788958,-93.6309556
2700,2025-08-11-10-00-47-211,1754924447,2700,2.22736E+12,44.86788922,-93.63095098
2701,2025-08-11-10-00-47-718,1754924448,2701,2.22786E+12,44.86788885,-93.6309457
2702,2025-08-11-10-00-48-224,1754924448,2702,2.22837E+12,44.86788838,-93.63093969
2703,2025-08-11-10-00-48-730,1754924449,2703,2.22888E+12,44.86788779,-93.63093436
2704,2025-08-11-10-00-49-236,1754924449,2704,2.22938E+12,44.86788729,-93.63092968
2705,2025-08-11-10-00-49-747,1754924450,2705,2.22989E+12,44.86788561,-93.6309235
2706,2025-08-11-10-00-50-251,1754924450,2706,2.2304E+12,44.86788231,-93.63091537
2707,2025-08-11-10-00-50-758,1754924451,2707,2.2309E+12,44.86787873,-93.63090545
2708,2025-08-11-10-00-51-264,1754924451,2708,2.23141E+12,44.86787653,-93.63089349
2709,2025-08-11-10-00-51-772,1754924452,2709,2.23192E+12,44.86787667,-93.63088171
2710,2025-08-11-10-00-52-277,1754924452,2710,2.23242E+12,44.8678797,-93.63087124
2711,2025-08-11-10-00-52-783,1754924453,2711,2.23293E+12,44.86788472,-93.63086257
2712,2025-08-11-10-00-53-291,1754924453,2712,2.23344E+12,44.86789299,-93.6308554
2713,2025-08-11-10-00-53-797,1754924454,2713,2.23394E+12,44.86790078,-93.63085254
2714,2025-08-11-10-00-54-304,1754924454,2714,2.23445E+12,44.86790873,-93.63085335
2715,2025-08-11-10-00-54-810,1754924455,2715,2.23496E+12,44.86791601,-93.63085672
2716,2025-08-11-10-00-55-316,1754924455,2716,2.23546E+12,44.86792193,-93.63086292
2717,2025-08-11-10-00-55-824,1754924456,2717,2.23597E+12,44.86792629,-93.63087008
2718,2025-08-11-10-00-56-331,1754924456,2718,2.23648E+12,44.86792888,-93.63087891
2719,2025-08-11-10-00-56-842,1754924457,2719,2.23698E+12,44.8679302,-93.6308883
2720,2025-08-11-10-00-57-342,1754924457,2720,2.23749E+12,44.86792964,-93.63089708
2721,2025-08-11-10-00-57-850,1754924458,2721,2.238E+12,44.86792735,-93.63090442
2722,2025-08-11-10-00-58-357,1754924458,2722,2.2385E+12,44.86792529,-93.63091167
2723,2025-08-11-10-00-58-863,1754924459,2723,2.23901E+12,44.86792326,-93.63091742
2724,2025-08-11-10-00-59-369,1754924459,2724,2.23952E+12,44.86792196,-93.63092262
2725,2025-08-11-10-00-59-876,1754924460,2725,2.24002E+12,44.86792047,-93.63092725
2726,2025-08-11-10-01-00-384,1754924460,2726,2.24053E+12,44.86791931,-93.6309329
2727,2025-08-11-10-01-00-889,1754924461,2727,2.24103E+12,44.86791754,-93.63094158
2728,2025-08-11-10-01-01-396,1754924461,2728,2.24154E+12,44.86791654,-93.63094813
2729,2025-08-11-10-01-01-904,1754924462,2729,2.24205E+12,44.86791609,-93.630953
2730,2025-08-11-10-01-02-409,1754924462,2730,2.24255E+12,44.86791656,-93.6309579
2731,2025-08-11-10-01-02-916,1754924463,2731,2.24306E+12,44.86791602,-93.63096373
2732,2025-08-11-10-01-03-422,1754924463,2732,2.24357E+12,44.86791605,-93.63097049
2733,2025-08-11-10-01-03-928,1754924464,2733,2.24407E+12,44.86791596,-93.63097715
2734,2025-08-11-10-01-04-438,1754924464,2734,2.24458E+12,44.86791597,-93.63098277
2735,2025-08-11-10-01-04-938,1754924465,2735,2.24509E+12,44.86791593,-93.63098764
2736,2025-08-11-10-01-05-450,1754924465,2736,2.24559E+12,44.86791591,-93.63099071
2737,2025-08-11-10-01-05-956,1754924466,2737,2.2461E+12,44.86791586,-93.63099287
2738,2025-08-11-10-01-06-463,1754924466,2738,2.24661E+12,44.86791577,-93.63099471
2739,2025-08-11-10-01-06-969,1754924467,2739,2.24711E+12,44.86791583,-93.63099716
2740,2025-08-11-10-01-07-476,1754924467,2740,2.24762E+12,44.86791591,-93.63100047
2741,2025-08-11-10-01-07-981,1754924468,2741,2.24813E+12,44.86791572,-93.63100668
2742,2025-08-11-10-01-08-488,1754924468,2742,2.24863E+12,44.86791548,-93.63101231
2743,2025-08-11-10-01-08-997,1754924469,2743,2.24914E+12,44.86791571,-93.63101725
2744,2025-08-11-10-01-09-502,1754924470,2744,2.24965E+12,44.86791548,-93.63102061
2745,2025-08-11-10-01-10-010,1754924470,2745,2.25015E+12,44.86791542,-93.63102314
2746,2025-08-11-10-01-10-514,1754924471,2746,2.25066E+12,44.86791561,-93.63102599
2747,2025-08-11-10-01-11-023,1754924471,2747,2.25117E+12,44.86791538,-93.63103002
2748,2025-08-11-10-01-11-530,1754924472,2748,2.25167E+12,44.86791524,-93.63103556
2749,2025-08-11-10-01-12-036,1754924472,2749,2.25218E+12,44.86791508,-93.63104184
2750,2025-08-11-10-01-12-547,1754924473,2750,2.25269E+12,44.86791504,-93.63104717
2751,2025-08-11-10-01-13-048,1754924473,2751,2.25319E+12,44.86791489,-93.6310518
2752,2025-08-11-10-01-13-556,1754924474,2752,2.2537E+12,44.867915,-93.6310556
2753,2025-08-11-10-01-14-069,1754924474,2753,2.25421E+12,44.86791485,-93.63105897
2754,2025-08-11-10-01-14-569,1754924475,2754,2.25471E+12,44.86791463,-93.63106321
2755,2025-08-11-10-01-15-075,1754924475,2755,2.25522E+12,44.86791464,-93.63106897
2756,2025-08-11-10-01-15-588,1754924476,2756,2.25573E+12,44.8679144,-93.63107474
2757,2025-08-11-10-01-16-090,1754924476,2757,2.25623E+12,44.8679145,-93.63108002
2758,2025-08-11-10-01-16-595,1754924477,2758,2.25674E+12,44.86791444,-93.63108255
2759,2025-08-11-10-01-17-104,1754924477,2759,2.25725E+12,44.86791436,-93.63108352
2760,2025-08-11-10-01-17-614,1754924478,2760,2.25775E+12,44.86791434,-93.63108418
2761,2025-08-11-10-01-18-115,1754924478,2761,2.25826E+12,44.86791435,-93.63108607
2762,2025-08-11-10-01-18-627,1754924479,2762,2.25877E+12,44.8679144,-93.63108935
2763,2025-08-11-10-01-19-128,1754924479,2763,2.25927E+12,44.86791452,-93.63109467
2764,2025-08-11-10-01-19-635,1754924480,2764,2.25978E+12,44.86791451,-93.63110094
2765,2025-08-11-10-01-20-142,1754924480,2765,2.26029E+12,44.86791468,-93.6311065
2766,2025-08-11-10-01-20-650,1754924481,2766,2.26079E+12,44.86791484,-93.63111123
2767,2025-08-11-10-01-21-160,1754924481,2767,2.2613E+12,44.86791479,-93.63111559
2768,2025-08-11-10-01-21-662,1754924482,2768,2.26181E+12,44.86791497,-93.63111923
2769,2025-08-11-10-01-22-169,1754924482,2769,2.26231E+12,44.8679151,-93.63112323
2770,2025-08-11-10-01-22-676,1754924483,2770,2.26282E+12,44.86791504,-93.6311273
2771,2025-08-11-10-01-23-183,1754924483,2771,2.26333E+12,44.86791518,-93.63113135
2772,2025-08-11-10-01-23-687,1754924484,2772,2.26383E+12,44.86791543,-93.63113687
2773,2025-08-11-10-01-24-197,1754924484,2773,2.26434E+12,44.8679154,-93.6311422
2774,2025-08-11-10-01-24-702,1754924485,2774,2.26485E+12,44.86791531,-93.63114814
2775,2025-08-11-10-01-25-208,1754924485,2775,2.26535E+12,44.86791537,-93.63115458
2776,2025-08-11-10-01-25-720,1754924486,2776,2.26586E+12,44.86791538,-93.63116153
2777,2025-08-11-10-01-26-222,1754924486,2777,2.26637E+12,44.86791545,-93.6311675
2778,2025-08-11-10-01-26-729,1754924487,2778,2.26687E+12,44.86791545,-93.63117176
2779,2025-08-11-10-01-27-235,1754924487,2779,2.26738E+12,44.86791551,-93.63117415
2780,2025-08-11-10-01-27-742,1754924488,2780,2.26789E+12,44.86791541,-93.63117672
2781,2025-08-11-10-01-28-249,1754924488,2781,2.26839E+12,44.86791532,-93.63118023
2782,2025-08-11-10-01-28-755,1754924489,2782,2.2689E+12,44.86791542,-93.63118361
2783,2025-08-11-10-01-29-264,1754924489,2783,2.26941E+12,44.86791533,-93.63118695
2784,2025-08-11-10-01-29-770,1754924490,2784,2.26991E+12,44.86791539,-93.63119088
2785,2025-08-11-10-01-30-274,1754924490,2785,2.27042E+12,44.8679154,-93.63119515
2786,2025-08-11-10-01-30-783,1754924491,2786,2.27093E+12,44.8679152,-93.63120033
2787,2025-08-11-10-01-31-289,1754924491,2787,2.27143E+12,44.86791517,-93.63120442
2788,2025-08-11-10-01-31-797,1754924492,2788,2.27194E+12,44.86791482,-93.63120841
2789,2025-08-11-10-01-32-302,1754924492,2789,2.27245E+12,44.86791489,-93.63121121
2790,2025-08-11-10-01-32-810,1754924493,2790,2.27295E+12,44.86791495,-93.63121402
2791,2025-08-11-10-01-33-316,1754924493,2791,2.27346E+12,44.86791492,-93.63121767
2792,2025-08-11-10-01-33-823,1754924494,2792,2.27397E+12,44.86791467,-93.63122212
2793,2025-08-11-10-01-34-327,1754924494,2793,2.27447E+12,44.86791477,-93.63122641
2794,2025-08-11-10-01-34-835,1754924495,2794,2.27498E+12,44.86791477,-93.63122998
2795,2025-08-11-10-01-35-342,1754924495,2795,2.27549E+12,44.86791467,-93.63123361
2796,2025-08-11-10-01-35-849,1754924496,2796,2.27599E+12,44.86791472,-93.63123777
2797,2025-08-11-10-01-36-356,1754924496,2797,2.2765E+12,44.86791479,-93.63124195
2798,2025-08-11-10-01-36-866,1754924497,2798,2.27701E+12,44.86791455,-93.63124678
2799,2025-08-11-10-01-37-370,1754924497,2799,2.27751E+12,44.86791463,-93.6312519
2800,2025-08-11-10-01-37-876,1754924498,2800,2.27802E+12,44.86791476,-93.63125702
2801,2025-08-11-10-01-38-382,1754924498,2801,2.27853E+12,44.86791463,-93.63126154
2802,2025-08-11-10-01-38-888,1754924499,2802,2.27903E+12,44.86791479,-93.63126682
2803,2025-08-11-10-01-39-394,1754924499,2803,2.27954E+12,44.86791477,-93.63127057
2804,2025-08-11-10-01-39-902,1754924500,2804,2.28005E+12,44.86791464,-93.6312738
2805,2025-08-11-10-01-40-408,1754924500,2805,2.28055E+12,44.86791473,-93.63127646
2806,2025-08-11-10-01-40-920,1754924501,2806,2.28106E+12,44.8679147,-93.63127896
2807,2025-08-11-10-01-41-422,1754924501,2807,2.28157E+12,44.8679147,-93.63128221
2808,2025-08-11-10-01-41-927,1754924502,2808,2.28207E+12,44.86791484,-93.63128698
2809,2025-08-11-10-01-42-434,1754924502,2809,2.28258E+12,44.86791486,-93.63129247
2810,2025-08-11-10-01-42-940,1754924503,2810,2.28309E+12,44.8679149,-93.63129788
2811,2025-08-11-10-01-43-453,1754924503,2811,2.28359E+12,44.86791479,-93.63130259
2812,2025-08-11-10-01-43-954,1754924504,2812,2.2841E+12,44.86791477,-93.63130715
2813,2025-08-11-10-01-44-463,1754924504,2813,2.28461E+12,44.86791488,-93.63131109
2814,2025-08-11-10-01-44-968,1754924505,2814,2.28511E+12,44.86791497,-93.63131461
2815,2025-08-11-10-01-45-475,1754924505,2815,2.28562E+12,44.86791492,-93.63131807
2816,2025-08-11-10-01-45-981,1754924506,2816,2.28613E+12,44.8679149,-93.63132146
2817,2025-08-11-10-01-46-487,1754924506,2817,2.28663E+12,44.86791492,-93.63132541
2818,2025-08-11-10-01-46-994,1754924507,2818,2.28714E+12,44.86791482,-93.63132912
2819,2025-08-11-10-01-47-500,1754924508,2819,2.28765E+12,44.86791483,-93.6313335
2820,2025-08-11-10-01-48-013,1754924508,2820,2.28815E+12,44.86791472,-93.63133872
2821,2025-08-11-10-01-48-518,1754924509,2821,2.28866E+12,44.86791476,-93.63134425
2822,2025-08-11-10-01-49-021,1754924509,2822,2.28917E+12,44.86791462,-93.63135022
2823,2025-08-11-10-01-49-529,1754924510,2823,2.28967E+12,44.86791471,-93.63135529
2824,2025-08-11-10-01-50-034,1754924510,2824,2.29018E+12,44.86791478,-93.63135983
2825,2025-08-11-10-01-50-541,1754924511,2825,2.29069E+12,44.86791485,-93.63136349
2826,2025-08-11-10-01-51-048,1754924511,2826,2.29119E+12,44.86791472,-93.63136682
2827,2025-08-11-10-01-51-559,1754924512,2827,2.2917E+12,44.86791465,-93.63137035
2828,2025-08-11-10-01-52-062,1754924512,2828,2.29221E+12,44.86791463,-93.63137417
2829,2025-08-11-10-01-52-567,1754924513,2829,2.29271E+12,44.86791462,-93.63137848
2830,2025-08-11-10-01-53-074,1754924513,2830,2.29322E+12,44.86791468,-93.631383
2831,2025-08-11-10-01-53-581,1754924514,2831,2.29373E+12,44.86791472,-93.63138741
2832,2025-08-11-10-01-54-087,1754924514,2832,2.29423E+12,44.86791473,-93.63139167
2833,2025-08-11-10-01-54-595,1754924515,2833,2.29474E+12,44.86791462,-93.63139413
2834,2025-08-11-10-01-55-099,1754924515,2834,2.29525E+12,44.86791452,-93.63139668
2835,2025-08-11-10-01-55-612,1754924516,2835,2.29575E+12,44.86791444,-93.63139989
2836,2025-08-11-10-01-56-119,1754924516,2836,2.29626E+12,44.86791452,-93.63140279
2837,2025-08-11-10-01-56-620,1754924517,2837,2.29677E+12,44.86791451,-93.6314051
2838,2025-08-11-10-01-57-128,1754924517,2838,2.29727E+12,44.86791449,-93.63140748
2839,2025-08-11-10-01-57-635,1754924518,2839,2.29778E+12,44.86791454,-93.63141024
2840,2025-08-11-10-01-58-144,1754924518,2840,2.29829E+12,44.86791451,-93.63141387
2841,2025-08-11-10-01-58-653,1754924519,2841,2.29879E+12,44.86791455,-93.63141816
2842,2025-08-11-10-01-59-155,1754924519,2842,2.2993E+12,44.86791454,-93.63142215
2843,2025-08-11-10-01-59-660,1754924520,2843,2.29981E+12,44.86791445,-93.63142557
2844,2025-08-11-10-02-00-169,1754924520,2844,2.30031E+12,44.86791446,-93.6314281
2845,2025-08-11-10-02-00-677,1754924521,2845,2.30082E+12,44.86791451,-93.63142982
2846,2025-08-11-10-02-01-180,1754924521,2846,2.30133E+12,44.8679144,-93.63143129
2847,2025-08-11-10-02-01-687,1754924522,2847,2.30183E+12,44.86791434,-93.63143434
2848,2025-08-11-10-02-02-193,1754924522,2848,2.30234E+12,44.86791437,-93.63143808
2849,2025-08-11-10-02-02-701,1754924523,2849,2.30285E+12,44.86791438,-93.63144209
2850,2025-08-11-10-02-03-212,1754924523,2850,2.30335E+12,44.8679143,-93.63144604
2851,2025-08-11-10-02-03-713,1754924524,2851,2.30386E+12,44.86791439,-93.63145015
2852,2025-08-11-10-02-04-224,1754924524,2852,2.30437E+12,44.86791439,-93.63145392
2853,2025-08-11-10-02-04-726,1754924525,2853,2.30487E+12,44.86791437,-93.63145735
2854,2025-08-11-10-02-05-233,1754924525,2854,2.30538E+12,44.86791429,-93.63146052
2855,2025-08-11-10-02-05-739,1754924526,2855,2.30589E+12,44.86791435,-93.63146418
2856,2025-08-11-10-02-06-248,1754924526,2856,2.30639E+12,44.86791444,-93.63146908
2857,2025-08-11-10-02-06-753,1754924527,2857,2.3069E+12,44.86791434,-93.63147467
2858,2025-08-11-10-02-07-260,1754924527,2858,2.30741E+12,44.86791458,-93.63148009
2859,2025-08-11-10-02-07-765,1754924528,2859,2.30791E+12,44.86791462,-93.6314846
2860,2025-08-11-10-02-08-274,1754924528,2860,2.30842E+12,44.86791448,-93.63148775
2861,2025-08-11-10-02-08-780,1754924529,2861,2.30893E+12,44.86791443,-93.63149059
2862,2025-08-11-10-02-09-284,1754924529,2862,2.30943E+12,44.86791449,-93.63149364
2863,2025-08-11-10-02-09-792,1754924530,2863,2.30994E+12,44.86791454,-93.63149657
2864,2025-08-11-10-02-10-300,1754924530,2864,2.31045E+12,44.86791456,-93.63149958
2865,2025-08-11-10-02-10-805,1754924531,2865,2.31095E+12,44.86791451,-93.63150341
2866,2025-08-11-10-02-11-314,1754924531,2866,2.31146E+12,44.86791468,-93.6315078
2867,2025-08-11-10-02-11-819,1754924532,2867,2.31197E+12,44.86791482,-93.63151274
2868,2025-08-11-10-02-12-326,1754924532,2868,2.31247E+12,44.8679146,-93.6315174
2869,2025-08-11-10-02-12-832,1754924533,2869,2.31298E+12,44.8679145,-93.63152169
2870,2025-08-11-10-02-13-340,1754924533,2870,2.31349E+12,44.86791453,-93.63152529
2871,2025-08-11-10-02-13-846,1754924534,2871,2.31399E+12,44.86791458,-93.63152872
2872,2025-08-11-10-02-14-353,1754924534,2872,2.3145E+12,44.86791455,-93.63153193
2873,2025-08-11-10-02-14-860,1754924535,2873,2.31501E+12,44.86791459,-93.63153486
2874,2025-08-11-10-02-15-366,1754924535,2874,2.31551E+12,44.86791461,-93.63153812
2875,2025-08-11-10-02-15-874,1754924536,2875,2.31602E+12,44.86791479,-93.63154209
2876,2025-08-11-10-02-16-380,1754924536,2876,2.31653E+12,44.8679147,-93.63154641
2877,2025-08-11-10-02-16-885,1754924537,2877,2.31703E+12,44.8679146,-93.63155188
2878,2025-08-11-10-02-17-393,1754924537,2878,2.31754E+12,44.8679147,-93.63155662
2879,2025-08-11-10-02-17-899,1754924538,2879,2.31805E+12,44.86791464,-93.6315613
2880,2025-08-11-10-02-18-406,1754924538,2880,2.31855E+12,44.86791465,-93.63156577
2881,2025-08-11-10-02-18-913,1754924539,2881,2.31906E+12,44.86791473,-93.63157011
2882,2025-08-11-10-02-19-419,1754924539,2882,2.31957E+12,44.86791464,-93.63157422
2883,2025-08-11-10-02-19-926,1754924540,2883,2.32007E+12,44.86791466,-93.63157782
2884,2025-08-11-10-02-20-432,1754924540,2884,2.32058E+12,44.86791472,-93.63158112
2885,2025-08-11-10-02-20-938,1754924541,2885,2.32109E+12,44.8679147,-93.63158444
2886,2025-08-11-10-02-21-445,1754924541,2886,2.32159E+12,44.86791468,-93.63158782
2887,2025-08-11-10-02-21-953,1754924542,2887,2.3221E+12,44.86791466,-93.63159109
2888,2025-08-11-10-02-22-459,1754924542,2888,2.32261E+12,44.86791461,-93.63159449
2889,2025-08-11-10-02-22-966,1754924543,2889,2.32311E+12,44.8679147,-93.63159739
2890,2025-08-11-10-02-23-471,1754924543,2890,2.32362E+12,44.8679147,-93.63160059
2891,2025-08-11-10-02-23-978,1754924544,2891,2.32412E+12,44.86791472,-93.63160367
2892,2025-08-11-10-02-24-484,1754924544,2892,2.32463E+12,44.86791471,-93.63160762
2893,2025-08-11-10-02-24-992,1754924545,2893,2.32514E+12,44.86791458,-93.63161109
2894,2025-08-11-10-02-25-498,1754924545,2894,2.32564E+12,44.86791463,-93.63161477
2895,2025-08-11-10-02-26-006,1754924546,2895,2.32615E+12,44.86791467,-93.6316183
2896,2025-08-11-10-02-26-512,1754924547,2896,2.32666E+12,44.86791452,-93.63162188
2897,2025-08-11-10-02-27-017,1754924547,2897,2.32716E+12,44.86791472,-93.63162518
2898,2025-08-11-10-02-27-529,1754924548,2898,2.32767E+12,44.86791477,-93.6316286
2899,2025-08-11-10-02-28-032,1754924548,2899,2.32818E+12,44.86791482,-93.63163221
2900,2025-08-11-10-02-28-539,1754924549,2900,2.32868E+12,44.8679147,-93.63163612
2901,2025-08-11-10-02-29-045,1754924549,2901,2.32919E+12,44.86791453,-93.63164045
2902,2025-08-11-10-02-29-550,1754924550,2902,2.3297E+12,44.86791466,-93.63164495
2903,2025-08-11-10-02-30-060,1754924550,2903,2.3302E+12,44.86791443,-93.63164917
2904,2025-08-11-10-02-30-564,1754924551,2904,2.33071E+12,44.86791457,-93.63165332
2905,2025-08-11-10-02-31-071,1754924551,2905,2.33122E+12,44.8679145,-93.63165777
2906,2025-08-11-10-02-31-578,1754924552,2906,2.33172E+12,44.86791457,-93.63166229
2907,2025-08-11-10-02-32-084,1754924552,2907,2.33223E+12,44.86791456,-93.63166658
2908,2025-08-11-10-02-32-591,1754924553,2908,2.33274E+12,44.86791449,-93.63167077
2909,2025-08-11-10-02-33-097,1754924553,2909,2.33324E+12,44.86791456,-93.63167334
2910,2025-08-11-10-02-33-604,1754924554,2910,2.33375E+12,44.8679145,-93.63167537
2911,2025-08-11-10-02-34-109,1754924554,2911,2.33426E+12,44.86791445,-93.63167788
2912,2025-08-11-10-02-34-616,1754924555,2912,2.33476E+12,44.86791442,-93.63168133
2913,2025-08-11-10-02-35-124,1754924555,2913,2.33527E+12,44.86791443,-93.63168561
2914,2025-08-11-10-02-35-630,1754924556,2914,2.33578E+12,44.86791451,-93.63168994
2915,2025-08-11-10-02-36-135,1754924556,2915,2.33628E+12,44.86791453,-93.6316943
2916,2025-08-11-10-02-36-643,1754924557,2916,2.33679E+12,44.86791458,-93.63169826
2917,2025-08-11-10-02-37-150,1754924557,2917,2.3373E+12,44.86791464,-93.63170219
2918,2025-08-11-10-02-37-657,1754924558,2918,2.3378E+12,44.86791469,-93.63170615
2919,2025-08-11-10-02-38-163,1754924558,2919,2.33831E+12,44.86791463,-93.63171002
2920,2025-08-11-10-02-38-671,1754924559,2920,2.33882E+12,44.86791463,-93.6317137
2921,2025-08-11-10-02-39-176,1754924559,2921,2.33932E+12,44.86791469,-93.63171676
2922,2025-08-11-10-02-39-683,1754924560,2922,2.33983E+12,44.86791473,-93.63171996
2923,2025-08-11-10-02-40-189,1754924560,2923,2.34034E+12,44.86791474,-93.63172311
2924,2025-08-11-10-02-40-697,1754924561,2924,2.34084E+12,44.86791482,-93.63172693
2925,2025-08-11-10-02-41-203,1754924561,2925,2.34135E+12,44.86791467,-93.63173152
2926,2025-08-11-10-02-41-711,1754924562,2926,2.34186E+12,44.86791501,-93.63173657
2927,2025-08-11-10-02-42-217,1754924562,2927,2.34236E+12,44.86791483,-93.63174221
2928,2025-08-11-10-02-42-723,1754924563,2928,2.34287E+12,44.86791485,-93.63174833
2929,2025-08-11-10-02-43-230,1754924563,2929,2.34338E+12,44.867915,-93.63175497
2930,2025-08-11-10-02-43-736,1754924564,2930,2.34388E+12,44.86791507,-93.6317621
2931,2025-08-11-10-02-44-245,1754924564,2931,2.34439E+12,44.86791506,-93.6317691
2932,2025-08-11-10-02-44-751,1754924565,2932,2.3449E+12,44.86791499,-93.63177534
2933,2025-08-11-10-02-45-257,1754924565,2933,2.3454E+12,44.86791514,-93.63178072
2934,2025-08-11-10-02-45-762,1754924566,2934,2.34591E+12,44.86791523,-93.63178569
2935,2025-08-11-10-02-46-269,1754924566,2935,2.34642E+12,44.86791515,-93.63178971
2936,2025-08-11-10-02-46-781,1754924567,2936,2.34692E+12,44.8679151,-93.63179283
2937,2025-08-11-10-02-47-286,1754924567,2937,2.34743E+12,44.86791513,-93.63179604
2938,2025-08-11-10-02-47-789,1754924568,2938,2.34794E+12,44.86791516,-93.63179925
2939,2025-08-11-10-02-48-299,1754924568,2939,2.34844E+12,44.86791506,-93.63180396
2940,2025-08-11-10-02-48-801,1754924569,2940,2.34895E+12,44.86791516,-93.63180844
2941,2025-08-11-10-02-49-310,1754924569,2941,2.34946E+12,44.8679151,-93.63181384
2942,2025-08-11-10-02-49-818,1754924570,2942,2.34996E+12,44.8679153,-93.63181951
2943,2025-08-11-10-02-50-322,1754924570,2943,2.35047E+12,44.86791532,-93.63182495
2944,2025-08-11-10-02-50-829,1754924571,2944,2.35097E+12,44.86791545,-93.63183028
2945,2025-08-11-10-02-51-339,1754924571,2945,2.35148E+12,44.86791527,-93.6318351
2946,2025-08-11-10-02-51-843,1754924572,2946,2.35199E+12,44.86791524,-93.6318399
2947,2025-08-11-10-02-52-348,1754924572,2947,2.35249E+12,44.86791552,-93.63184462
2948,2025-08-11-10-02-52-854,1754924573,2948,2.353E+12,44.8679153,-93.63184885
2949,2025-08-11-10-02-53-361,1754924573,2949,2.35351E+12,44.86791527,-93.63185271
2950,2025-08-11-10-02-53-868,1754924574,2950,2.35401E+12,44.86791533,-93.63185685
2951,2025-08-11-10-02-54-375,1754924574,2951,2.35452E+12,44.8679153,-93.63186165
2952,2025-08-11-10-02-54-880,1754924575,2952,2.35503E+12,44.8679152,-93.63186738
2953,2025-08-11-10-02-55-389,1754924575,2953,2.35553E+12,44.86791525,-93.63187477
2954,2025-08-11-10-02-55-893,1754924576,2954,2.35604E+12,44.86791517,-93.63188022
2955,2025-08-11-10-02-56-401,1754924576,2955,2.35655E+12,44.86791522,-93.63188467
2956,2025-08-11-10-02-56-907,1754924577,2956,2.35705E+12,44.86791518,-93.63188843
2957,2025-08-11-10-02-57-414,1754924577,2957,2.35756E+12,44.86791524,-93.63189222
2958,2025-08-11-10-02-57-920,1754924578,2958,2.35807E+12,44.8679154,-93.63189578
2959,2025-08-11-10-02-58-426,1754924578,2959,2.35857E+12,44.86791529,-93.63189976
2960,2025-08-11-10-02-58-936,1754924579,2960,2.35908E+12,44.86791533,-93.63190451
2961,2025-08-11-10-02-59-441,1754924579,2961,2.35959E+12,44.86791539,-93.63190971
2962,2025-08-11-10-02-59-948,1754924580,2962,2.36009E+12,44.86791521,-93.63191471
2963,2025-08-11-10-03-00-456,1754924580,2963,2.3606E+12,44.86791526,-93.63191987
2964,2025-08-11-10-03-00-960,1754924581,2964,2.36111E+12,44.86791554,-93.63192486
2965,2025-08-11-10-03-01-468,1754924581,2965,2.36161E+12,44.86791518,-93.63192961
2966,2025-08-11-10-03-01-975,1754924582,2966,2.36212E+12,44.86791508,-93.63193428
2967,2025-08-11-10-03-02-480,1754924582,2967,2.36263E+12,44.867915,-93.63193934
2968,2025-08-11-10-03-02-985,1754924583,2968,2.36313E+12,44.86791507,-93.63194545
2969,2025-08-11-10-03-03-494,1754924583,2969,2.36364E+12,44.867915,-93.63195097
2970,2025-08-11-10-03-04-000,1754924584,2970,2.36415E+12,44.86791502,-93.63195687
2971,2025-08-11-10-03-04-508,1754924585,2971,2.36465E+12,44.86791463,-93.63196223
2972,2025-08-11-10-03-05-013,1754924585,2972,2.36516E+12,44.86791462,-93.63196669
2973,2025-08-11-10-03-05-520,1754924586,2973,2.36567E+12,44.8679148,-93.63197103
2974,2025-08-11-10-03-06-027,1754924586,2974,2.36617E+12,44.86791484,-93.63197549
2975,2025-08-11-10-03-06-532,1754924587,2975,2.36668E+12,44.86791467,-93.6319801
2976,2025-08-11-10-03-07-039,1754924587,2976,2.36719E+12,44.86791465,-93.63198534
2977,2025-08-11-10-03-07-547,1754924588,2977,2.36769E+12,44.86791456,-93.6319911
2978,2025-08-11-10-03-08-053,1754924588,2978,2.3682E+12,44.86791467,-93.63199664
2979,2025-08-11-10-03-08-560,1754924589,2979,2.36871E+12,44.86791481,-93.63200228
2980,2025-08-11-10-03-09-067,1754924589,2980,2.36921E+12,44.86791493,-93.63200746
2981,2025-08-11-10-03-09-572,1754924590,2981,2.36972E+12,44.8679148,-93.63201226
2982,2025-08-11-10-03-10-080,1754924590,2982,2.37023E+12,44.86791477,-93.63201685
2983,2025-08-11-10-03-10-585,1754924591,2983,2.37073E+12,44.86791477,-93.63202206
2984,2025-08-11-10-03-11-093,1754924591,2984,2.37124E+12,44.86791496,-93.6320265
2985,2025-08-11-10-03-11-599,1754924592,2985,2.37175E+12,44.8679148,-93.6320314
2986,2025-08-11-10-03-12-107,1754924592,2986,2.37225E+12,44.86791504,-93.63203601
2987,2025-08-11-10-03-12-613,1754924593,2987,2.37276E+12,44.8679149,-93.63204089
2988,2025-08-11-10-03-13-118,1754924593,2988,2.37327E+12,44.86791505,-93.63204604
2989,2025-08-11-10-03-13-625,1754924594,2989,2.37377E+12,44.86791493,-93.63205128
2990,2025-08-11-10-03-14-131,1754924594,2990,2.37428E+12,44.86791518,-93.63205687
2991,2025-08-11-10-03-14-640,1754924595,2991,2.37479E+12,44.86791509,-93.63206263
2992,2025-08-11-10-03-15-144,1754924595,2992,2.37529E+12,44.86791514,-93.63206821
2993,2025-08-11-10-03-15-653,1754924596,2993,2.3758E+12,44.86791534,-93.63207416
2994,2025-08-11-10-03-16-159,1754924596,2994,2.37631E+12,44.8679153,-93.63207992
2995,2025-08-11-10-03-16-665,1754924597,2995,2.37681E+12,44.86791538,-93.63208579
2996,2025-08-11-10-03-17-172,1754924597,2996,2.37732E+12,44.86791532,-93.63209173
2997,2025-08-11-10-03-17-678,1754924598,2997,2.37783E+12,44.86791542,-93.63209841
2998,2025-08-11-10-03-18-186,1754924598,2998,2.37833E+12,44.86791564,-93.63210415
2999,2025-08-11-10-03-18-690,1754924599,2999,2.37884E+12,44.86791564,-93.6321095
3000,2025-08-11-10-03-19-198,1754924599,3000,2.37935E+12,44.8679155,-93.63211447
3001,2025-08-11-10-03-19-704,1754924600,3001,2.37985E+12,44.8679156,-93.63211936
3002,2025-08-11-10-03-20-213,1754924600,3002,2.38036E+12,44.86791568,-93.63212336
3003,2025-08-11-10-03-20-719,1754924601,3003,2.38087E+12,44.86791578,-93.63212687
3004,2025-08-11-10-03-21-225,1754924601,3004,2.38137E+12,44.86791576,-93.63213015
3005,2025-08-11-10-03-21-731,1754924602,3005,2.38188E+12,44.86791577,-93.63213319
3006,2025-08-11-10-03-22-238,1754924602,3006,2.38239E+12,44.86791576,-93.63213607
3007,2025-08-11-10-03-22-744,1754924603,3007,2.38289E+12,44.86791561,-93.63213892
3008,2025-08-11-10-03-23-252,1754924603,3008,2.3834E+12,44.86791561,-93.63214228
3009,2025-08-11-10-03-23-757,1754924604,3009,2.3839E+12,44.86791576,-93.6321463
3010,2025-08-11-10-03-24-264,1754924604,3010,2.38441E+12,44.8679158,-93.63215167
3011,2025-08-11-10-03-24-771,1754924605,3011,2.38492E+12,44.86791567,-93.6321573
3012,2025-08-11-10-03-25-278,1754924605,3012,2.38542E+12,44.86791574,-93.63216223
3013,2025-08-11-10-03-25-784,1754924606,3013,2.38593E+12,44.86791571,-93.63216717
3014,2025-08-11-10-03-26-290,1754924606,3014,2.38644E+12,44.8679157,-93.63217023
3015,2025-08-11-10-03-26-796,1754924607,3015,2.38694E+12,44.86791571,-93.63217258
3016,2025-08-11-10-03-27-304,1754924607,3016,2.38745E+12,44.86791566,-93.63217602
3017,2025-08-11-10-03-27-811,1754924608,3017,2.38796E+12,44.8679156,-93.63218063
3018,2025-08-11-10-03-28-318,1754924608,3018,2.38846E+12,44.86791564,-93.63218516
3019,2025-08-11-10-03-28-824,1754924609,3019,2.38897E+12,44.86791563,-93.63218936
3020,2025-08-11-10-03-29-331,1754924609,3020,2.38948E+12,44.86791561,-93.63219339
3021,2025-08-11-10-03-29-837,1754924610,3021,2.38998E+12,44.8679156,-93.63219774
3022,2025-08-11-10-03-30-345,1754924610,3022,2.39049E+12,44.86791545,-93.63220209
3023,2025-08-11-10-03-30-850,1754924611,3023,2.391E+12,44.86791542,-93.63220723
3024,2025-08-11-10-03-31-358,1754924611,3024,2.3915E+12,44.8679155,-93.63221264
3025,2025-08-11-10-03-31-863,1754924612,3025,2.39201E+12,44.86791537,-93.63221776
3026,2025-08-11-10-03-32-370,1754924612,3026,2.39252E+12,44.86791518,-93.63222264
3027,2025-08-11-10-03-32-876,1754924613,3027,2.39302E+12,44.86791515,-93.63222712
3028,2025-08-11-10-03-33-384,1754924613,3028,2.39353E+12,44.86791512,-93.63223157
3029,2025-08-11-10-03-33-890,1754924614,3029,2.39404E+12,44.86791524,-93.63223499
3030,2025-08-11-10-03-34-396,1754924614,3030,2.39454E+12,44.86791507,-93.63223874
3031,2025-08-11-10-03-34-903,1754924615,3031,2.39505E+12,44.86791506,-93.63224313
3032,2025-08-11-10-03-35-409,1754924615,3032,2.39556E+12,44.8679149,-93.63224746
3033,2025-08-11-10-03-35-918,1754924616,3033,2.39606E+12,44.86791497,-93.63225176
3034,2025-08-11-10-03-36-423,1754924616,3034,2.39657E+12,44.86791499,-93.63225534
3035,2025-08-11-10-03-36-929,1754924617,3035,2.39708E+12,44.86791496,-93.63225828
3036,2025-08-11-10-03-37-436,1754924617,3036,2.39758E+12,44.86791509,-93.6322614
3037,2025-08-11-10-03-37-944,1754924618,3037,2.39809E+12,44.86791497,-93.63226482
3038,2025-08-11-10-03-38-450,1754924618,3038,2.3986E+12,44.86791488,-93.632269
3039,2025-08-11-10-03-38-961,1754924619,3039,2.3991E+12,44.86791481,-93.63227355
3040,2025-08-11-10-03-39-463,1754924619,3040,2.39961E+12,44.86791492,-93.63227853
3041,2025-08-11-10-03-39-970,1754924620,3041,2.40012E+12,44.86791493,-93.63228403
3042,2025-08-11-10-03-40-476,1754924620,3042,2.40062E+12,44.86791499,-93.63228915
3043,2025-08-11-10-03-40-984,1754924621,3043,2.40113E+12,44.86791487,-93.63229457
3044,2025-08-11-10-03-41-489,1754924621,3044,2.40164E+12,44.86791495,-93.63229779
3045,2025-08-11-10-03-42-000,1754924622,3045,2.40214E+12,44.86791495,-93.63230027
3046,2025-08-11-10-03-42-503,1754924623,3046,2.40265E+12,44.86791491,-93.63230301
3047,2025-08-11-10-03-43-009,1754924623,3047,2.40316E+12,44.86791488,-93.6323059
3048,2025-08-11-10-03-43-517,1754924624,3048,2.40366E+12,44.86791494,-93.63230951
3049,2025-08-11-10-03-44-022,1754924624,3049,2.40417E+12,44.86791484,-93.63231443
3050,2025-08-11-10-03-44-536,1754924625,3050,2.40468E+12,44.86791488,-93.63231998
3051,2025-08-11-10-03-45-040,1754924625,3051,2.40518E+12,44.86791475,-93.63232562
3052,2025-08-11-10-03-45-543,1754924626,3052,2.40569E+12,44.86791495,-93.63233111
3053,2025-08-11-10-03-46-048,1754924626,3053,2.4062E+12,44.86791502,-93.63233648
3054,2025-08-11-10-03-46-555,1754924627,3054,2.4067E+12,44.86791492,-93.63234177
3055,2025-08-11-10-03-47-066,1754924627,3055,2.40721E+12,44.86791504,-93.63234706
3056,2025-08-11-10-03-47-574,1754924628,3056,2.40772E+12,44.86791499,-93.63235214
3057,2025-08-11-10-03-48-080,1754924628,3057,2.40822E+12,44.86791499,-93.63235709
3058,2025-08-11-10-03-48-586,1754924629,3058,2.40873E+12,44.86791528,-93.63236285
3059,2025-08-11-10-03-49-093,1754924629,3059,2.40924E+12,44.86791514,-93.63236719
3060,2025-08-11-10-03-49-601,1754924630,3060,2.40974E+12,44.86791525,-93.63237155
3061,2025-08-11-10-03-50-107,1754924630,3061,2.41025E+12,44.86791531,-93.63237643
3062,2025-08-11-10-03-50-613,1754924631,3062,2.41076E+12,44.86791516,-93.63238221
3063,2025-08-11-10-03-51-115,1754924631,3063,2.41126E+12,44.86791537,-93.63238822
3064,2025-08-11-10-03-51-623,1754924632,3064,2.41177E+12,44.86791559,-93.63239432
3065,2025-08-11-10-03-52-128,1754924632,3065,2.41228E+12,44.86791559,-93.63239984
3066,2025-08-11-10-03-52-636,1754924633,3066,2.41278E+12,44.86791555,-93.63240454
3067,2025-08-11-10-03-53-141,1754924633,3067,2.41329E+12,44.86791554,-93.63240909
3068,2025-08-11-10-03-53-649,1754924634,3068,2.4138E+12,44.86791577,-93.6324132
3069,2025-08-11-10-03-54-158,1754924634,3069,2.4143E+12,44.86791576,-93.63241709
3070,2025-08-11-10-03-54-662,1754924635,3070,2.41481E+12,44.86791593,-93.63242147
3071,2025-08-11-10-03-55-169,1754924635,3071,2.41532E+12,44.8679159,-93.63242694
3072,2025-08-11-10-03-55-676,1754924636,3072,2.41582E+12,44.86791603,-93.63243304
3073,2025-08-11-10-03-56-181,1754924636,3073,2.41633E+12,44.86791617,-93.6324413
3074,2025-08-11-10-03-56-688,1754924637,3074,2.41684E+12,44.86791622,-93.63244902
3075,2025-08-11-10-03-57-194,1754924637,3075,2.41734E+12,44.86791614,-93.63245754
3076,2025-08-11-10-03-57-702,1754924638,3076,2.41785E+12,44.86791574,-93.63246648
3077,2025-08-11-10-03-58-208,1754924638,3077,2.41836E+12,44.86791475,-93.63247771
3078,2025-08-11-10-03-58-715,1754924639,3078,2.41886E+12,44.86791198,-93.63248996
3079,2025-08-11-10-03-59-221,1754924639,3079,2.41937E+12,44.86790637,-93.63250148
3080,2025-08-11-10-03-59-727,1754924640,3080,2.41988E+12,44.86789846,-93.63250992
3081,2025-08-11-10-04-00-236,1754924640,3081,2.42038E+12,44.86788991,-93.63251353
3082,2025-08-11-10-04-00-741,1754924641,3082,2.42089E+12,44.86788304,-93.63251376
3083,2025-08-11-10-04-01-248,1754924641,3083,2.4214E+12,44.8678786,-93.63251284
3084,2025-08-11-10-04-01-755,1754924642,3084,2.4219E+12,44.86787752,-93.63251257
3085,2025-08-11-10-04-02-261,1754924642,3085,2.42241E+12,44.86787754,-93.63251263
3086,2025-08-11-10-04-02-768,1754924643,3086,2.42292E+12,44.86787781,-93.63251263
3087,2025-08-11-10-04-03-275,1754924643,3087,2.42342E+12,44.86788078,-93.63251297
3088,2025-08-11-10-04-03-781,1754924644,3088,2.42393E+12,44.86788681,-93.6325131
3089,2025-08-11-10-04-04-288,1754924644,3089,2.42444E+12,44.86789461,-93.63251086
3090,2025-08-11-10-04-04-795,1754924645,3090,2.42494E+12,44.86790228,-93.63250897
3091,2025-08-11-10-04-05-301,1754924645,3091,2.42545E+12,44.86791105,-93.63250768
3092,2025-08-11-10-04-05-807,1754924646,3092,2.42596E+12,44.86792013,-93.63250747
3093,2025-08-11-10-04-06-314,1754924646,3093,2.42646E+12,44.8679288,-93.63250798
3094,2025-08-11-10-04-06-821,1754924647,3094,2.42697E+12,44.86793536,-93.63250873
3095,2025-08-11-10-04-07-329,1754924647,3095,2.42747E+12,44.86793978,-93.63250956
3096,2025-08-11-10-04-07-833,1754924648,3096,2.42798E+12,44.86794187,-93.63251003
3097,2025-08-11-10-04-08-341,1754924648,3097,2.42849E+12,44.86794223,-93.63251017
3098,2025-08-11-10-04-08-847,1754924649,3098,2.42899E+12,44.86794216,-93.63251018
3099,2025-08-11-10-04-09-354,1754924649,3099,2.4295E+12,44.86794222,-93.63251018
3100,2025-08-11-10-04-09-860,1754924650,3100,2.43001E+12,44.8679422,-93.63251023
3101,2025-08-11-10-04-10-367,1754924650,3101,2.43051E+12,44.86794221,-93.63251021
3102,2025-08-11-10-04-10-875,1754924651,3102,2.43102E+12,44.86794215,-93.63251016
3103,2025-08-11-10-04-11-380,1754924651,3103,2.43153E+12,44.86794158,-93.63250998
3104,2025-08-11-10-04-11-887,1754924652,3104,2.43203E+12,44.86794062,-93.63250976
3105,2025-08-11-10-04-12-393,1754924652,3105,2.43254E+12,44.86793933,-93.63250919
3106,2025-08-11-10-04-12-899,1754924653,3106,2.43305E+12,44.86793784,-93.63250835
3107,2025-08-11-10-04-13-408,1754924653,3107,2.43355E+12,44.86793585,-93.63250715
3108,2025-08-11-10-04-13-913,1754924654,3108,2.43406E+12,44.86793346,-93.63250553
3109,2025-08-11-10-04-14-420,1754924654,3109,2.43457E+12,44.86793078,-93.63250291
3110,2025-08-11-10-04-14-928,1754924655,3110,2.43507E+12,44.86792785,-93.63249891
3111,2025-08-11-10-04-15-434,1754924655,3111,2.43558E+12,44.86792509,-93.63249367
3112,2025-08-11-10-04-15-940,1754924656,3112,2.43609E+12,44.8679227,-93.6324873
3113,2025-08-11-10-04-16-448,1754924656,3113,2.43659E+12,44.8679207,-93.63248092
3114,2025-08-11-10-04-16-956,1754924657,3114,2.4371E+12,44.86791965,-93.63247501
3115,2025-08-11-10-04-17-461,1754924657,3115,2.43761E+12,44.8679191,-93.63247024
3116,2025-08-11-10-04-17-967,1754924658,3116,2.43811E+12,44.86791865,-93.63246662
3117,2025-08-11-10-04-18-474,1754924658,3117,2.43862E+12,44.86791845,-93.63246392
3118,2025-08-11-10-04-18-980,1754924659,3118,2.43913E+12,44.86791813,-93.6324617
3119,2025-08-11-10-04-19-487,1754924659,3119,2.43963E+12,44.86791782,-93.63245986
3120,2025-08-11-10-04-19-993,1754924660,3120,2.44014E+12,44.86791755,-93.63245745
3121,2025-08-11-10-04-20-501,1754924661,3121,2.44065E+12,44.86791729,-93.63245445
3122,2025-08-11-10-04-21-006,1754924661,3122,2.44115E+12,44.86791693,-93.632451
3123,2025-08-11-10-04-21-513,1754924662,3123,2.44166E+12,44.86791654,-93.6324464
3124,2025-08-11-10-04-22-020,1754924662,3124,2.44217E+12,44.86791623,-93.63244157
3125,2025-08-11-10-04-22-526,1754924663,3125,2.44267E+12,44.86791591,-93.63243731
3126,2025-08-11-10-04-23-033,1754924663,3126,2.44318E+12,44.8679157,-93.63243374
3127,2025-08-11-10-04-23-540,1754924664,3127,2.44369E+12,44.86791562,-93.63243078
3128,2025-08-11-10-04-24-045,1754924664,3128,2.44419E+12,44.86791553,-93.63242837
3129,2025-08-11-10-04-24-554,1754924665,3129,2.4447E+12,44.86791546,-93.6324269
3130,2025-08-11-10-04-25-060,1754924665,3130,2.44521E+12,44.86791544,-93.63242634
3131,2025-08-11-10-04-25-566,1754924666,3131,2.44571E+12,44.86791544,-93.63242647
3132,2025-08-11-10-04-26-073,1754924666,3132,2.44622E+12,44.86791541,-93.63242637
3133,2025-08-11-10-04-26-581,1754924667,3133,2.44673E+12,44.86791535,-93.63242519
3134,2025-08-11-10-04-27-086,1754924667,3134,2.44723E+12,44.86791529,-93.63242311
3135,2025-08-11-10-04-27-593,1754924668,3135,2.44774E+12,44.86791519,-93.63242022
3136,2025-08-11-10-04-28-099,1754924668,3136,2.44825E+12,44.86791509,-93.63241685
3137,2025-08-11-10-04-28-607,1754924669,3137,2.44875E+12,44.86791491,-93.63241311
3138,2025-08-11-10-04-29-112,1754924669,3138,2.44926E+12,44.86791472,-93.63240962
3139,2025-08-11-10-04-29-619,1754924670,3139,2.44977E+12,44.86791472,-93.63240643
3140,2025-08-11-10-04-30-130,1754924670,3140,2.45027E+12,44.8679147,-93.63240372
3141,2025-08-11-10-04-30-632,1754924671,3141,2.45078E+12,44.86791464,-93.63240107
3142,2025-08-11-10-04-31-140,1754924671,3142,2.45129E+12,44.86791462,-93.63239916
3143,2025-08-11-10-04-31-647,1754924672,3143,2.45179E+12,44.86791459,-93.6323978
3144,2025-08-11-10-04-32-152,1754924672,3144,2.4523E+12,44.86791455,-93.63239649
3145,2025-08-11-10-04-32-660,1754924673,3145,2.45281E+12,44.86791443,-93.63239491
3146,2025-08-11-10-04-33-166,1754924673,3146,2.45331E+12,44.86791438,-93.63239231
3147,2025-08-11-10-04-33-673,1754924674,3147,2.45382E+12,44.86791429,-93.63238901
3148,2025-08-11-10-04-34-178,1754924674,3148,2.45433E+12,44.8679142,-93.63238515
3149,2025-08-11-10-04-34-688,1754924675,3149,2.45483E+12,44.86791425,-93.63238175
3150,2025-08-11-10-04-35-193,1754924675,3150,2.45534E+12,44.86791422,-93.63237923
3151,2025-08-11-10-04-35-700,1754924676,3151,2.45585E+12,44.86791429,-93.63237724
3152,2025-08-11-10-04-36-206,1754924676,3152,2.45635E+12,44.8679143,-93.63237501
3153,2025-08-11-10-04-36-713,1754924677,3153,2.45686E+12,44.86791427,-93.63237235
3154,2025-08-11-10-04-37-222,1754924677,3154,2.45737E+12,44.86791429,-93.63237
3155,2025-08-11-10-04-37-728,1754924678,3155,2.45787E+12,44.86791428,-93.6323672
3156,2025-08-11-10-04-38-232,1754924678,3156,2.45838E+12,44.86791423,-93.63236422
3157,2025-08-11-10-04-38-739,1754924679,3157,2.45889E+12,44.86791422,-93.63236172
3158,2025-08-11-10-04-39-246,1754924679,3158,2.45939E+12,44.86791418,-93.63235914
3159,2025-08-11-10-04-39-752,1754924680,3159,2.4599E+12,44.86791422,-93.63235651
3160,2025-08-11-10-04-40-259,1754924680,3160,2.46041E+12,44.86791428,-93.63235412
3161,2025-08-11-10-04-40-766,1754924681,3161,2.46091E+12,44.86791421,-93.63235232
3162,2025-08-11-10-04-41-272,1754924681,3162,2.46142E+12,44.86791422,-93.63235069
3163,2025-08-11-10-04-41-783,1754924682,3163,2.46193E+12,44.8679142,-93.63234891
3164,2025-08-11-10-04-42-285,1754924682,3164,2.46243E+12,44.8679142,-93.63234552
3165,2025-08-11-10-04-42-792,1754924683,3165,2.46294E+12,44.86791438,-93.63234176
3166,2025-08-11-10-04-43-298,1754924683,3166,2.46345E+12,44.86791431,-93.6323369
3167,2025-08-11-10-04-43-805,1754924684,3167,2.46395E+12,44.8679141,-93.63233188
3168,2025-08-11-10-04-44-312,1754924684,3168,2.46446E+12,44.86791416,-93.63232652
3169,2025-08-11-10-04-44-819,1754924685,3169,2.46497E+12,44.86791418,-93.63232145
3170,2025-08-11-10-04-45-325,1754924685,3170,2.46547E+12,44.86791437,-93.63231647
3171,2025-08-11-10-04-45-833,1754924686,3171,2.46598E+12,44.86791418,-93.63231206
3172,2025-08-11-10-04-46-338,1754924686,3172,2.46649E+12,44.86791435,-93.63230775
3173,2025-08-11-10-04-46-846,1754924687,3173,2.46699E+12,44.86791415,-93.63230401
3174,2025-08-11-10-04-47-351,1754924687,3174,2.4675E+12,44.8679142,-93.63230006
3175,2025-08-11-10-04-47-858,1754924688,3175,2.46801E+12,44.86791417,-93.63229608
3176,2025-08-11-10-04-48-365,1754924688,3176,2.46851E+12,44.86791428,-93.63229234
3177,2025-08-11-10-04-48-872,1754924689,3177,2.46902E+12,44.8679144,-93.6322889
3178,2025-08-11-10-04-49-378,1754924689,3178,2.46953E+12,44.86791417,-93.6322846
3179,2025-08-11-10-04-49-884,1754924690,3179,2.47003E+12,44.86791438,-93.63228161
3180,2025-08-11-10-04-50-394,1754924690,3180,2.47054E+12,44.86791423,-93.63227801
3181,2025-08-11-10-04-50-899,1754924691,3181,2.47105E+12,44.86791433,-93.63227481
3182,2025-08-11-10-04-51-406,1754924691,3182,2.47155E+12,44.86791447,-93.63227123
3183,2025-08-11-10-04-51-911,1754924692,3183,2.47206E+12,44.86791459,-93.63226775
3184,2025-08-11-10-04-52-418,1754924692,3184,2.47257E+12,44.86791449,-93.63226411
3185,2025-08-11-10-04-52-925,1754924693,3185,2.47307E+12,44.8679145,-93.63226072
3186,2025-08-11-10-04-53-431,1754924693,3186,2.47358E+12,44.86791443,-93.63225725
3187,2025-08-11-10-04-53-940,1754924694,3187,2.47409E+12,44.8679144,-93.63225437
3188,2025-08-11-10-04-54-445,1754924694,3188,2.47459E+12,44.86791438,-93.63225174
3189,2025-08-11-10-04-54-952,1754924695,3189,2.4751E+12,44.86791434,-93.63224909
3190,2025-08-11-10-04-55-457,1754924695,3190,2.47561E+12,44.86791446,-93.63224643
3191,2025-08-11-10-04-55-964,1754924696,3191,2.47611E+12,44.86791455,-93.6322438
3192,2025-08-11-10-04-56-473,1754924696,3192,2.47662E+12,44.86791466,-93.63224138
3193,2025-08-11-10-04-56-977,1754924697,3193,2.47713E+12,44.86791457,-93.63223963
3194,2025-08-11-10-04-57-485,1754924697,3194,2.47763E+12,44.86791457,-93.6322372
3195,2025-08-11-10-04-57-990,1754924698,3195,2.47814E+12,44.86791457,-93.63223449
3196,2025-08-11-10-04-58-499,1754924698,3196,2.47865E+12,44.86791452,-93.63223167
3197,2025-08-11-10-04-59-005,1754924699,3197,2.47915E+12,44.86791452,-93.63222909
3198,2025-08-11-10-04-59-511,1754924700,3198,2.47966E+12,44.86791452,-93.63222677
3199,2025-08-11-10-05-00-018,1754924700,3199,2.48017E+12,44.86791454,-93.63222459
3200,2025-08-11-10-05-00-527,1754924701,3200,2.48067E+12,44.86791453,-93.63222265
3201,2025-08-11-10-05-01-032,1754924701,3201,2.48118E+12,44.86791461,-93.63222063
3202,2025-08-11-10-05-01-538,1754924702,3202,2.48169E+12,44.8679147,-93.63221802
3203,2025-08-11-10-05-02-043,1754924702,3203,2.48219E+12,44.86791461,-93.63221482
3204,2025-08-11-10-05-02-551,1754924703,3204,2.4827E+12,44.86791478,-93.63221129
3205,2025-08-11-10-05-03-057,1754924703,3205,2.4832E+12,44.86791468,-93.6322079
3206,2025-08-11-10-05-03-564,1754924704,3206,2.48371E+12,44.86791473,-93.63220477
3207,2025-08-11-10-05-04-070,1754924704,3207,2.48422E+12,44.86791472,-93.63220194
3208,2025-08-11-10-05-04-577,1754924705,3208,2.48472E+12,44.8679148,-93.63219916
3209,2025-08-11-10-05-05-083,1754924705,3209,2.48523E+12,44.86791474,-93.63219718
3210,2025-08-11-10-05-05-590,1754924706,3210,2.48574E+12,44.86791477,-93.63219625
3211,2025-08-11-10-05-06-097,1754924706,3211,2.48624E+12,44.86791475,-93.63219563
3212,2025-08-11-10-05-06-603,1754924707,3212,2.48675E+12,44.86791478,-93.63219512
3213,2025-08-11-10-05-07-110,1754924707,3213,2.48726E+12,44.86791477,-93.63219485
3214,2025-08-11-10-05-07-616,1754924708,3214,2.48776E+12,44.86791476,-93.6321945
3215,2025-08-11-10-05-08-123,1754924708,3215,2.48827E+12,44.86791474,-93.632194
3216,2025-08-11-10-05-08-629,1754924709,3216,2.48878E+12,44.86791473,-93.63219293
3217,2025-08-11-10-05-09-140,1754924709,3217,2.48928E+12,44.86791476,-93.63219131
3218,2025-08-11-10-05-09-643,1754924710,3218,2.48979E+12,44.86791478,-93.63218908
3219,2025-08-11-10-05-10-155,1754924710,3219,2.4903E+12,44.86791481,-93.63218643
3220,2025-08-11-10-05-10-656,1754924711,3220,2.4908E+12,44.86791487,-93.6321834
3221,2025-08-11-10-05-11-168,1754924711,3221,2.49131E+12,44.86791484,-93.63218105
3222,2025-08-11-10-05-11-669,1754924712,3222,2.49182E+12,44.8679148,-93.63217938
3223,2025-08-11-10-05-12-179,1754924712,3223,2.49232E+12,44.86791478,-93.63217806
3224,2025-08-11-10-05-12-683,1754924713,3224,2.49283E+12,44.86791477,-93.63217641
3225,2025-08-11-10-05-13-190,1754924713,3225,2.49334E+12,44.86791482,-93.6321736
3226,2025-08-11-10-05-13-696,1754924714,3226,2.49384E+12,44.86791483,-93.63216962
3227,2025-08-11-10-05-14-202,1754924714,3227,2.49435E+12,44.86791486,-93.63216525
3228,2025-08-11-10-05-14-709,1754924715,3228,2.49486E+12,44.86791482,-93.63216038
3229,2025-08-11-10-05-15-215,1754924715,3229,2.49536E+12,44.86791493,-93.63215551
3230,2025-08-11-10-05-15-723,1754924716,3230,2.49587E+12,44.86791483,-93.63215112
3231,2025-08-11-10-05-16-229,1754924716,3231,2.49638E+12,44.86791467,-93.63214791
3232,2025-08-11-10-05-16-735,1754924717,3232,2.49688E+12,44.86791474,-93.63214492
3233,2025-08-11-10-05-17-242,1754924717,3233,2.49739E+12,44.86791481,-93.63214282
3234,2025-08-11-10-05-17-748,1754924718,3234,2.4979E+12,44.86791485,-93.63214139
3235,2025-08-11-10-05-18-255,1754924718,3235,2.4984E+12,44.86791487,-93.63214042
3236,2025-08-11-10-05-18-761,1754924719,3236,2.49891E+12,44.86791486,-93.63213956
3237,2025-08-11-10-05-19-270,1754924719,3237,2.49942E+12,44.86791487,-93.63213886
3238,2025-08-11-10-05-19-775,1754924720,3238,2.49992E+12,44.86791488,-93.63213824
3239,2025-08-11-10-05-20-282,1754924720,3239,2.50043E+12,44.86791489,-93.63213593
3240,2025-08-11-10-05-20-787,1754924721,3240,2.50094E+12,44.86791489,-93.63213268
3241,2025-08-11-10-05-21-296,1754924721,3241,2.50144E+12,44.86791495,-93.63212887
3242,2025-08-11-10-05-21-803,1754924722,3242,2.50195E+12,44.8679149,-93.63212444
3243,2025-08-11-10-05-22-307,1754924722,3243,2.50246E+12,44.86791467,-93.63212022
3244,2025-08-11-10-05-22-815,1754924723,3244,2.50296E+12,44.86791468,-93.63211671
3245,2025-08-11-10-05-23-321,1754924723,3245,2.50347E+12,44.86791492,-93.63211381
3246,2025-08-11-10-05-23-829,1754924724,3246,2.50398E+12,44.86791493,-93.63211135
3247,2025-08-11-10-05-24-336,1754924724,3247,2.50448E+12,44.86791498,-93.63210976
3248,2025-08-11-10-05-24-842,1754924725,3248,2.50499E+12,44.86791505,-93.63210806
3249,2025-08-11-10-05-25-347,1754924725,3249,2.5055E+12,44.86791508,-93.63210537
3250,2025-08-11-10-05-25-855,1754924726,3250,2.506E+12,44.86791497,-93.63210271
3251,2025-08-11-10-05-26-361,1754924726,3251,2.50651E+12,44.8679149,-93.63210039
3252,2025-08-11-10-05-26-867,1754924727,3252,2.50702E+12,44.86791485,-93.63209833
3253,2025-08-11-10-05-27-375,1754924727,3253,2.50752E+12,44.86791489,-93.63209644
3254,2025-08-11-10-05-27-881,1754924728,3254,2.50803E+12,44.86791486,-93.63209382
3255,2025-08-11-10-05-28-388,1754924728,3255,2.50854E+12,44.86791489,-93.63209136
3256,2025-08-11-10-05-28-896,1754924729,3256,2.50904E+12,44.86791493,-93.6320892
3257,2025-08-11-10-05-29-401,1754924729,3257,2.50955E+12,44.86791501,-93.6320868
3258,2025-08-11-10-05-29-907,1754924730,3258,2.51006E+12,44.86791507,-93.63208338
3259,2025-08-11-10-05-30-414,1754924730,3259,2.51056E+12,44.867915,-93.63207976
3260,2025-08-11-10-05-30-921,1754924731,3260,2.51107E+12,44.86791512,-93.63207534
3261,2025-08-11-10-05-31-427,1754924731,3261,2.51158E+12,44.86791502,-93.63207128
3262,2025-08-11-10-05-31-934,1754924732,3262,2.51208E+12,44.86791506,-93.63206732
3263,2025-08-11-10-05-32-442,1754924732,3263,2.51259E+12,44.86791515,-93.63206418
3264,2025-08-11-10-05-32-949,1754924733,3264,2.5131E+12,44.86791523,-93.63206196
3265,2025-08-11-10-05-33-456,1754924733,3265,2.5136E+12,44.86791518,-93.63206065
3266,2025-08-11-10-05-33-961,1754924734,3266,2.51411E+12,44.86791517,-93.63205963
3267,2025-08-11-10-05-34-468,1754924734,3267,2.51462E+12,44.86791517,-93.63205819
3268,2025-08-11-10-05-34-975,1754924735,3268,2.51512E+12,44.86791518,-93.63205626
3269,2025-08-11-10-05-35-482,1754924735,3269,2.51563E+12,44.86791523,-93.63205285
3270,2025-08-11-10-05-35-988,1754924736,3270,2.51614E+12,44.86791534,-93.6320492
3271,2025-08-11-10-05-36-493,1754924736,3271,2.51664E+12,44.8679153,-93.63204542
3272,2025-08-11-10-05-37-000,1754924737,3272,2.51715E+12,44.86791539,-93.63204155
3273,2025-08-11-10-05-37-508,1754924738,3273,2.51766E+12,44.86791526,-93.63203777
3274,2025-08-11-10-05-38-013,1754924738,3274,2.51816E+12,44.86791548,-93.63203365
3275,2025-08-11-10-05-38-521,1754924739,3275,2.51867E+12,44.86791532,-93.63203001
3276,2025-08-11-10-05-39-026,1754924739,3276,2.51918E+12,44.86791536,-93.63202682
3277,2025-08-11-10-05-39-532,1754924740,3277,2.51968E+12,44.86791542,-93.63202386
3278,2025-08-11-10-05-40-040,1754924740,3278,2.52019E+12,44.8679155,-93.63202121
3279,2025-08-11-10-05-40-547,1754924741,3279,2.5207E+12,44.86791558,-93.6320191
3280,2025-08-11-10-05-41-054,1754924741,3280,2.5212E+12,44.86791559,-93.63201724
3281,2025-08-11-10-05-41-560,1754924742,3281,2.52171E+12,44.86791562,-93.63201521
3282,2025-08-11-10-05-42-067,1754924742,3282,2.52221E+12,44.86791564,-93.63201259
3283,2025-08-11-10-05-42-572,1754924743,3283,2.52272E+12,44.8679155,-93.6320095
3284,2025-08-11-10-05-43-079,1754924743,3284,2.52323E+12,44.86791557,-93.63200542
3285,2025-08-11-10-05-43-586,1754924744,3285,2.52373E+12,44.86791543,-93.63200051
3286,2025-08-11-10-05-44-093,1754924744,3286,2.52424E+12,44.8679155,-93.63199593
3287,2025-08-11-10-05-44-600,1754924745,3287,2.52475E+12,44.86791557,-93.63199121
3288,2025-08-11-10-05-45-107,1754924745,3288,2.52525E+12,44.86791559,-93.63198684
3289,2025-08-11-10-05-45-618,1754924746,3289,2.52576E+12,44.86791571,-93.6319826
3290,2025-08-11-10-05-46-124,1754924746,3290,2.52627E+12,44.86791554,-93.63197826
3291,2025-08-11-10-05-46-630,1754924747,3291,2.52677E+12,44.86791556,-93.63197385
3292,2025-08-11-10-05-47-132,1754924747,3292,2.52728E+12,44.86791548,-93.63196914
3293,2025-08-11-10-05-47-641,1754924748,3293,2.52779E+12,44.86791551,-93.63196343
3294,2025-08-11-10-05-48-146,1754924748,3294,2.52829E+12,44.86791569,-93.63195742
3295,2025-08-11-10-05-48-653,1754924749,3295,2.5288E+12,44.8679156,-93.63195216
3296,2025-08-11-10-05-49-160,1754924749,3296,2.52931E+12,44.86791552,-93.6319474
3297,2025-08-11-10-05-49-665,1754924750,3297,2.52981E+12,44.86791544,-93.63194304
3298,2025-08-11-10-05-50-173,1754924750,3298,2.53032E+12,44.86791542,-93.631939
3299,2025-08-11-10-05-50-680,1754924751,3299,2.53083E+12,44.86791563,-93.63193405
3300,2025-08-11-10-05-51-185,1754924751,3300,2.53133E+12,44.86791568,-93.63192988
3301,2025-08-11-10-05-51-693,1754924752,3301,2.53184E+12,44.86791552,-93.63192558
3302,2025-08-11-10-05-52-203,1754924752,3302,2.53235E+12,44.86791551,-93.63192192
3303,2025-08-11-10-05-52-706,1754924753,3303,2.53285E+12,44.86791551,-93.63191875
3304,2025-08-11-10-05-53-212,1754924753,3304,2.53336E+12,44.86791562,-93.63191576
3305,2025-08-11-10-05-53-719,1754924754,3305,2.53387E+12,44.86791553,-93.63191261
3306,2025-08-11-10-05-54-232,1754924754,3306,2.53437E+12,44.8679156,-93.63191
3307,2025-08-11-10-05-54-732,1754924755,3307,2.53488E+12,44.86791566,-93.63190741
3308,2025-08-11-10-05-55-243,1754924755,3308,2.53539E+12,44.86791569,-93.63190496
3309,2025-08-11-10-05-55-745,1754924756,3309,2.53589E+12,44.86791583,-93.6319019
3310,2025-08-11-10-05-56-252,1754924756,3310,2.5364E+12,44.86791557,-93.63189801
3311,2025-08-11-10-05-56-760,1754924757,3311,2.53691E+12,44.86791559,-93.63189362
3312,2025-08-11-10-05-57-266,1754924757,3312,2.53741E+12,44.8679156,-93.63188878
3313,2025-08-11-10-05-57-772,1754924758,3313,2.53792E+12,44.8679155,-93.63188226
3314,2025-08-11-10-05-58-279,1754924758,3314,2.53843E+12,44.86791567,-93.63187619
3315,2025-08-11-10-05-58-786,1754924759,3315,2.53893E+12,44.86791554,-93.63187043
3316,2025-08-11-10-05-59-292,1754924759,3316,2.53944E+12,44.86791559,-93.6318654
3317,2025-08-11-10-05-59-800,1754924760,3317,2.53995E+12,44.86791546,-93.63186091
3318,2025-08-11-10-06-00-304,1754924760,3318,2.54045E+12,44.86791551,-93.63185651
3319,2025-08-11-10-06-00-813,1754924761,3319,2.54096E+12,44.86791551,-93.63185198
3320,2025-08-11-10-06-01-317,1754924761,3320,2.54147E+12,44.86791567,-93.63184744
3321,2025-08-11-10-06-01-824,1754924762,3321,2.54197E+12,44.86791539,-93.63184346
3322,2025-08-11-10-06-02-333,1754924762,3322,2.54248E+12,44.86791552,-93.63183995
3323,2025-08-11-10-06-02-837,1754924763,3323,2.54299E+12,44.8679156,-93.63183685
3324,2025-08-11-10-06-03-346,1754924763,3324,2.54349E+12,44.86791555,-93.63183397
3325,2025-08-11-10-06-03-853,1754924764,3325,2.544E+12,44.86791548,-93.63183148
3326,2025-08-11-10-06-04-357,1754924764,3326,2.54451E+12,44.86791553,-93.63182921
3327,2025-08-11-10-06-04-864,1754924765,3327,2.54501E+12,44.86791561,-93.63182659
3328,2025-08-11-10-06-05-373,1754924765,3328,2.54552E+12,44.86791548,-93.63182277
3329,2025-08-11-10-06-05-877,1754924766,3329,2.54603E+12,44.8679153,-93.63181705
3330,2025-08-11-10-06-06-384,1754924766,3330,2.54653E+12,44.86791548,-93.63181237
3331,2025-08-11-10-06-06-891,1754924767,3331,2.54704E+12,44.86791535,-93.63180755
3332,2025-08-11-10-06-07-398,1754924767,3332,2.54755E+12,44.86791543,-93.63180244
3333,2025-08-11-10-06-07-906,1754924768,3333,2.54805E+12,44.86791547,-93.63179716
3334,2025-08-11-10-06-08-411,1754924768,3334,2.54856E+12,44.86791549,-93.63179163
3335,2025-08-11-10-06-08-919,1754924769,3335,2.54907E+12,44.86791531,-93.63178634
3336,2025-08-11-10-06-09-424,1754924769,3336,2.54957E+12,44.86791531,-93.63178174
3337,2025-08-11-10-06-09-933,1754924770,3337,2.55008E+12,44.86791529,-93.63177733
3338,2025-08-11-10-06-10-439,1754924770,3338,2.55059E+12,44.86791545,-93.63177334
3339,2025-08-11-10-06-10-944,1754924771,3339,2.55109E+12,44.86791538,-93.63176949
3340,2025-08-11-10-06-11-452,1754924771,3340,2.5516E+12,44.86791554,-93.63176606
3341,2025-08-11-10-06-11-959,1754924772,3341,2.55211E+12,44.86791555,-93.63176241
3342,2025-08-11-10-06-12-464,1754924772,3342,2.55261E+12,44.86791531,-93.63175969
3343,2025-08-11-10-06-12-972,1754924773,3343,2.55312E+12,44.8679153,-93.63175785
3344,2025-08-11-10-06-13-477,1754924773,3344,2.55363E+12,44.86791532,-93.63175565
3345,2025-08-11-10-06-13-984,1754924774,3345,2.55413E+12,44.86791519,-93.63175331
3346,2025-08-11-10-06-14-491,1754924774,3346,2.55464E+12,44.86791512,-93.63175009
3347,2025-08-11-10-06-14-998,1754924775,3347,2.55515E+12,44.86791525,-93.63174569
3348,2025-08-11-10-06-15-505,1754924776,3348,2.55565E+12,44.86791532,-93.63174096
3349,2025-08-11-10-06-16-011,1754924776,3349,2.55616E+12,44.86791499,-93.63173644
3350,2025-08-11-10-06-16-517,1754924777,3350,2.55667E+12,44.86791506,-93.63173244
3351,2025-08-11-10-06-17-024,1754924777,3351,2.55717E+12,44.86791505,-93.6317289
3352,2025-08-11-10-06-17-531,1754924778,3352,2.55768E+12,44.86791489,-93.63172573
3353,2025-08-11-10-06-18-038,1754924778,3353,2.55819E+12,44.86791485,-93.63172211
3354,2025-08-11-10-06-18-543,1754924779,3354,2.55869E+12,44.86791487,-93.63171745
3355,2025-08-11-10-06-19-051,1754924779,3355,2.5592E+12,44.86791498,-93.63171258
3356,2025-08-11-10-06-19-556,1754924780,3356,2.55971E+12,44.86791469,-93.63170812
3357,2025-08-11-10-06-20-065,1754924780,3357,2.56021E+12,44.86791467,-93.63170429
3358,2025-08-11-10-06-20-572,1754924781,3358,2.56072E+12,44.86791463,-93.63170067
3359,2025-08-11-10-06-21-079,1754924781,3359,2.56123E+12,44.86791466,-93.63169736
3360,2025-08-11-10-06-21-584,1754924782,3360,2.56173E+12,44.86791451,-93.63169422
3361,2025-08-11-10-06-22-089,1754924782,3361,2.56224E+12,44.86791444,-93.63169168
3362,2025-08-11-10-06-22-599,1754924783,3362,2.56275E+12,44.86791445,-93.63168892
3363,2025-08-11-10-06-23-103,1754924783,3363,2.56325E+12,44.86791453,-93.6316856
3364,2025-08-11-10-06-23-611,1754924784,3364,2.56376E+12,44.86791452,-93.63168123
3365,2025-08-11-10-06-24-117,1754924784,3365,2.56427E+12,44.86791435,-93.63167607
3366,2025-08-11-10-06-24-622,1754924785,3366,2.56477E+12,44.86791437,-93.63167075
3367,2025-08-11-10-06-25-131,1754924785,3367,2.56528E+12,44.86791441,-93.6316655
3368,2025-08-11-10-06-25-636,1754924786,3368,2.56579E+12,44.86791443,-93.63166068
3369,2025-08-11-10-06-26-141,1754924786,3369,2.56629E+12,44.86791431,-93.63165655
3370,2025-08-11-10-06-26-650,1754924787,3370,2.5668E+12,44.86791438,-93.63165252
3371,2025-08-11-10-06-27-157,1754924787,3371,2.56731E+12,44.8679143,-93.63164822
3372,2025-08-11-10-06-27-664,1754924788,3372,2.56781E+12,44.86791436,-93.63164393
3373,2025-08-11-10-06-28-170,1754924788,3373,2.56832E+12,44.86791449,-93.63164009
3374,2025-08-11-10-06-28-676,1754924789,3374,2.56883E+12,44.86791453,-93.63163641
3375,2025-08-11-10-06-29-183,1754924789,3375,2.56933E+12,44.86791445,-93.63163179
3376,2025-08-11-10-06-29-690,1754924790,3376,2.56984E+12,44.86791433,-93.6316278
3377,2025-08-11-10-06-30-197,1754924790,3377,2.57035E+12,44.86791449,-93.63162357
3378,2025-08-11-10-06-30-703,1754924791,3378,2.57085E+12,44.86791437,-93.6316193
3379,2025-08-11-10-06-31-212,1754924791,3379,2.57136E+12,44.86791443,-93.63161515
3380,2025-08-11-10-06-31-716,1754924792,3380,2.57187E+12,44.86791452,-93.63161141
3381,2025-08-11-10-06-32-223,1754924792,3381,2.57237E+12,44.86791464,-93.63160766
3382,2025-08-11-10-06-32-730,1754924793,3382,2.57288E+12,44.86791445,-93.63160387
3383,2025-08-11-10-06-33-241,1754924793,3383,2.57339E+12,44.86791441,-93.63159986
3384,2025-08-11-10-06-33-742,1754924794,3384,2.57389E+12,44.86791445,-93.6315956
3385,2025-08-11-10-06-34-249,1754924794,3385,2.5744E+12,44.86791449,-93.63159132
3386,2025-08-11-10-06-34-757,1754924795,3386,2.5749E+12,44.86791457,-93.63158707
3387,2025-08-11-10-06-35-262,1754924795,3387,2.57541E+12,44.86791457,-93.6315828
3388,2025-08-11-10-06-35-769,1754924796,3388,2.57592E+12,44.86791471,-93.631578
3389,2025-08-11-10-06-36-276,1754924796,3389,2.57642E+12,44.86791466,-93.63157205
3390,2025-08-11-10-06-36-782,1754924797,3390,2.57693E+12,44.86791473,-93.63156705
3391,2025-08-11-10-06-37-290,1754924797,3391,2.57744E+12,44.86791488,-93.63156179
3392,2025-08-11-10-06-37-796,1754924798,3392,2.57794E+12,44.86791483,-93.63155685
3393,2025-08-11-10-06-38-303,1754924798,3393,2.57845E+12,44.86791486,-93.63155173
3394,2025-08-11-10-06-38-808,1754924799,3394,2.57896E+12,44.86791491,-93.63154619
3395,2025-08-11-10-06-39-316,1754924799,3395,2.57946E+12,44.86791465,-93.63154091
3396,2025-08-11-10-06-39-822,1754924800,3396,2.57997E+12,44.8679148,-93.6315361
3397,2025-08-11-10-06-40-329,1754924800,3397,2.58048E+12,44.86791467,-93.63153131
3398,2025-08-11-10-06-40-837,1754924801,3398,2.58098E+12,44.8679147,-93.63152707
3399,2025-08-11-10-06-41-342,1754924801,3399,2.58149E+12,44.86791475,-93.63152271
3400,2025-08-11-10-06-41-850,1754924802,3400,2.582E+12,44.86791486,-93.63151868
3401,2025-08-11-10-06-42-356,1754924802,3401,2.5825E+12,44.86791463,-93.6315145
3402,2025-08-11-10-06-42-862,1754924803,3402,2.58301E+12,44.86791452,-93.63151045
3403,2025-08-11-10-06-43-371,1754924803,3403,2.58352E+12,44.86791458,-93.63150646
3404,2025-08-11-10-06-43-875,1754924804,3404,2.58402E+12,44.86791453,-93.6315025
3405,2025-08-11-10-06-44-382,1754924804,3405,2.58453E+12,44.86791443,-93.63149745
3406,2025-08-11-10-06-44-888,1754924805,3406,2.58504E+12,44.86791459,-93.63149286
3407,2025-08-11-10-06-45-396,1754924805,3407,2.58554E+12,44.86791465,-93.63148805
3408,2025-08-11-10-06-45-899,1754924806,3408,2.58605E+12,44.86791443,-93.63148346
3409,2025-08-11-10-06-46-408,1754924806,3409,2.58656E+12,44.86791431,-93.6314791
3410,2025-08-11-10-06-46-915,1754924807,3410,2.58706E+12,44.86791434,-93.63147516
3411,2025-08-11-10-06-47-420,1754924807,3411,2.58757E+12,44.86791426,-93.63147119
3412,2025-08-11-10-06-47-928,1754924808,3412,2.58808E+12,44.86791415,-93.63146731
3413,2025-08-11-10-06-48-435,1754924808,3413,2.58858E+12,44.86791427,-93.63146303
3414,2025-08-11-10-06-48-941,1754924809,3414,2.58909E+12,44.86791436,-93.63145886
3415,2025-08-11-10-06-49-449,1754924809,3415,2.5896E+12,44.86791439,-93.63145486
3416,2025-08-11-10-06-49-954,1754924810,3416,2.5901E+12,44.86791432,-93.6314509
3417,2025-08-11-10-06-50-460,1754924810,3417,2.59061E+12,44.86791434,-93.63144713
3418,2025-08-11-10-06-50-968,1754924811,3418,2.59112E+12,44.86791432,-93.63144294
3419,2025-08-11-10-06-51-474,1754924811,3419,2.59162E+12,44.8679143,-93.6314387
3420,2025-08-11-10-06-51-980,1754924812,3420,2.59213E+12,44.86791453,-93.63143321
3421,2025-08-11-10-06-52-487,1754924812,3421,2.59264E+12,44.86791456,-93.63142837
3422,2025-08-11-10-06-52-994,1754924813,3422,2.59314E+12,44.86791448,-93.63142377
3423,2025-08-11-10-06-53-501,1754924814,3423,2.59365E+12,44.86791451,-93.63141932
3424,2025-08-11-10-06-54-008,1754924814,3424,2.59416E+12,44.86791453,-93.63141479
3425,2025-08-11-10-06-54-513,1754924815,3425,2.59466E+12,44.86791452,-93.63141042
3426,2025-08-11-10-06-55-021,1754924815,3426,2.59517E+12,44.86791461,-93.63140639
3427,2025-08-11-10-06-55-527,1754924816,3427,2.59568E+12,44.86791467,-93.63140247
3428,2025-08-11-10-06-56-034,1754924816,3428,2.59618E+12,44.86791483,-93.63139876
3429,2025-08-11-10-06-56-541,1754924817,3429,2.59669E+12,44.86791482,-93.63139494
3430,2025-08-11-10-06-57-048,1754924817,3430,2.5972E+12,44.8679149,-93.63139091
3431,2025-08-11-10-06-57-554,1754924818,3431,2.5977E+12,44.86791483,-93.63138719
3432,2025-08-11-10-06-58-061,1754924818,3432,2.59821E+12,44.86791485,-93.63138344
3433,2025-08-11-10-06-58-567,1754924819,3433,2.59872E+12,44.86791489,-93.63138001
3434,2025-08-11-10-06-59-074,1754924819,3434,2.59922E+12,44.86791491,-93.6313767
3435,2025-08-11-10-06-59-579,1754924820,3435,2.59973E+12,44.86791505,-93.63137259
3436,2025-08-11-10-07-00-088,1754924820,3436,2.60024E+12,44.86791523,-93.63136897
3437,2025-08-11-10-07-00-596,1754924821,3437,2.60074E+12,44.86791519,-93.63136506
3438,2025-08-11-10-07-01-100,1754924821,3438,2.60125E+12,44.86791517,-93.63136102
3439,2025-08-11-10-07-01-606,1754924822,3439,2.60176E+12,44.86791515,-93.63135707
3440,2025-08-11-10-07-02-114,1754924822,3440,2.60226E+12,44.86791524,-93.63135318
3441,2025-08-11-10-07-02-620,1754924823,3441,2.60277E+12,44.86791529,-93.63134949
3442,2025-08-11-10-07-03-126,1754924823,3442,2.60328E+12,44.8679154,-93.63134586
3443,2025-08-11-10-07-03-634,1754924824,3443,2.60378E+12,44.86791536,-93.63134189
3444,2025-08-11-10-07-04-140,1754924824,3444,2.60429E+12,44.86791551,-93.63133811
3445,2025-08-11-10-07-04-648,1754924825,3445,2.6048E+12,44.86791548,-93.63133465
3446,2025-08-11-10-07-05-152,1754924825,3446,2.6053E+12,44.86791563,-93.63133088
3447,2025-08-11-10-07-05-660,1754924826,3447,2.60581E+12,44.86791564,-93.63132684
3448,2025-08-11-10-07-06-169,1754924826,3448,2.60632E+12,44.86791566,-93.6313228
3449,2025-08-11-10-07-06-678,1754924827,3449,2.60682E+12,44.86791577,-93.63131881
3450,2025-08-11-10-07-07-183,1754924827,3450,2.60733E+12,44.86791558,-93.63131493
3451,2025-08-11-10-07-07-685,1754924828,3451,2.60784E+12,44.86791577,-93.6313104
3452,2025-08-11-10-07-08-194,1754924828,3452,2.60834E+12,44.86791575,-93.63130716
3453,2025-08-11-10-07-08-699,1754924829,3453,2.60885E+12,44.86791584,-93.63130333
3454,2025-08-11-10-07-09-206,1754924829,3454,2.60936E+12,44.86791582,-93.63129919
3455,2025-08-11-10-07-09-717,1754924830,3455,2.60986E+12,44.86791563,-93.63129536
3456,2025-08-11-10-07-10-220,1754924830,3456,2.61037E+12,44.8679157,-93.63129124
3457,2025-08-11-10-07-10-731,1754924831,3457,2.61087E+12,44.86791554,-93.63128757
3458,2025-08-11-10-07-11-232,1754924831,3458,2.61138E+12,44.86791553,-93.63128387
3459,2025-08-11-10-07-11-738,1754924832,3459,2.61189E+12,44.8679155,-93.63128002
3460,2025-08-11-10-07-12-244,1754924832,3460,2.61239E+12,44.86791551,-93.63127604
3461,2025-08-11-10-07-12-752,1754924833,3461,2.6129E+12,44.86791547,-93.63127219
3462,2025-08-11-10-07-13-259,1754924833,3462,2.61341E+12,44.86791543,-93.63126833
3463,2025-08-11-10-07-13-764,1754924834,3463,2.61391E+12,44.86791536,-93.63126454
3464,2025-08-11-10-07-14-273,1754924834,3464,2.61442E+12,44.86791519,-93.63126039
3465,2025-08-11-10-07-14-777,1754924835,3465,2.61493E+12,44.86791516,-93.63125584
3466,2025-08-11-10-07-15-285,1754924835,3466,2.61543E+12,44.86791514,-93.6312518
3467,2025-08-11-10-07-15-792,1754924836,3467,2.61594E+12,44.86791519,-93.63124761
3468,2025-08-11-10-07-16-299,1754924836,3468,2.61645E+12,44.86791506,-93.63124342
3469,2025-08-11-10-07-16-806,1754924837,3469,2.61695E+12,44.86791491,-93.63123877
3470,2025-08-11-10-07-17-311,1754924837,3470,2.61746E+12,44.86791504,-93.63123407
3471,2025-08-11-10-07-17-819,1754924838,3471,2.61797E+12,44.8679148,-93.63122885
3472,2025-08-11-10-07-18-324,1754924838,3472,2.61847E+12,44.86791477,-93.63122356
3473,2025-08-11-10-07-18-831,1754924839,3473,2.61898E+12,44.86791496,-93.63121854
3474,2025-08-11-10-07-19-338,1754924839,3474,2.61949E+12,44.86791483,-93.63121373
3475,2025-08-11-10-07-19-845,1754924840,3475,2.61999E+12,44.86791485,-93.63120891
3476,2025-08-11-10-07-20-352,1754924840,3476,2.6205E+12,44.86791489,-93.6312048
3477,2025-08-11-10-07-20-857,1754924841,3477,2.62101E+12,44.86791489,-93.6312006
3478,2025-08-11-10-07-21-365,1754924841,3478,2.62151E+12,44.8679148,-93.6311967
3479,2025-08-11-10-07-21-871,1754924842,3479,2.62202E+12,44.86791483,-93.63119324
3480,2025-08-11-10-07-22-378,1754924842,3480,2.62253E+12,44.86791474,-93.63118906
3481,2025-08-11-10-07-22-886,1754924843,3481,2.62303E+12,44.86791468,-93.63118531
3482,2025-08-11-10-07-23-391,1754924843,3482,2.62354E+12,44.86791479,-93.63118107
3483,2025-08-11-10-07-23-897,1754924844,3483,2.62405E+12,44.8679149,-93.63117714
3484,2025-08-11-10-07-24-404,1754924844,3484,2.62455E+12,44.86791487,-93.63117285
3485,2025-08-11-10-07-24-911,1754924845,3485,2.62506E+12,44.86791472,-93.63116854
3486,2025-08-11-10-07-25-417,1754924845,3486,2.62557E+12,44.86791471,-93.6311641
3487,2025-08-11-10-07-25-924,1754924846,3487,2.62607E+12,44.86791488,-93.63115933
3488,2025-08-11-10-07-26-431,1754924846,3488,2.62658E+12,44.86791482,-93.63115441
3489,2025-08-11-10-07-26-936,1754924847,3489,2.62709E+12,44.86791481,-93.63114931
3490,2025-08-11-10-07-27-445,1754924847,3490,2.62759E+12,44.86791481,-93.63114442
3491,2025-08-11-10-07-27-949,1754924848,3491,2.6281E+12,44.86791475,-93.63113959
3492,2025-08-11-10-07-28-456,1754924848,3492,2.62861E+12,44.86791475,-93.63113489
3493,2025-08-11-10-07-28-965,1754924849,3493,2.62911E+12,44.86791483,-93.63113
3494,2025-08-11-10-07-29-471,1754924849,3494,2.62962E+12,44.86791478,-93.63112558
3495,2025-08-11-10-07-29-977,1754924850,3495,2.63013E+12,44.86791485,-93.63112178
3496,2025-08-11-10-07-30-482,1754924850,3496,2.63063E+12,44.86791475,-93.63111744
3497,2025-08-11-10-07-30-989,1754924851,3497,2.63114E+12,44.86791479,-93.63111341
3498,2025-08-11-10-07-31-496,1754924851,3498,2.63165E+12,44.86791483,-93.63110878
3499,2025-08-11-10-07-32-003,1754924852,3499,2.63215E+12,44.86791456,-93.63110368
3500,2025-08-11-10-07-32-509,1754924853,3500,2.63266E+12,44.86791456,-93.6310989
3501,2025-08-11-10-07-33-015,1754924853,3501,2.63317E+12,44.86791436,-93.63109479
3502,2025-08-11-10-07-33-523,1754924854,3502,2.63367E+12,44.8679142,-93.63109039
3503,2025-08-11-10-07-34-033,1754924854,3503,2.63418E+12,44.86791425,-93.63108573
3504,2025-08-11-10-07-34-536,1754924855,3504,2.63469E+12,44.86791418,-93.6310807
3505,2025-08-11-10-07-35-042,1754924855,3505,2.63519E+12,44.86791395,-93.63107491
3506,2025-08-11-10-07-35-549,1754924856,3506,2.6357E+12,44.86791393,-93.63106965
3507,2025-08-11-10-07-36-056,1754924856,3507,2.63621E+12,44.86791384,-93.631065
3508,2025-08-11-10-07-36-563,1754924857,3508,2.63671E+12,44.86791378,-93.63105987
3509,2025-08-11-10-07-37-070,1754924857,3509,2.63722E+12,44.86791384,-93.63105397
3510,2025-08-11-10-07-37-575,1754924858,3510,2.63772E+12,44.86791368,-93.63104679
3511,2025-08-11-10-07-38-082,1754924858,3511,2.63823E+12,44.86791358,-93.63104086
3512,2025-08-11-10-07-38-590,1754924859,3512,2.63874E+12,44.86791372,-93.63103591
3513,2025-08-11-10-07-39-095,1754924859,3513,2.63924E+12,44.8679136,-93.63103097
3514,2025-08-11-10-07-39-602,1754924860,3514,2.63975E+12,44.86791383,-93.63102513
3515,2025-08-11-10-07-40-109,1754924860,3515,2.64026E+12,44.86791391,-93.63101882
3516,2025-08-11-10-07-40-616,1754924861,3516,2.64076E+12,44.86791384,-93.6310128
3517,2025-08-11-10-07-41-123,1754924861,3517,2.64127E+12,44.86791417,-93.63100765
3518,2025-08-11-10-07-41-629,1754924862,3518,2.64178E+12,44.86791407,-93.63100319
3519,2025-08-11-10-07-42-134,1754924862,3519,2.64228E+12,44.86791409,-93.63099823
3520,2025-08-11-10-07-42-641,1754924863,3520,2.64279E+12,44.86791406,-93.63099319
3521,2025-08-11-10-07-43-147,1754924863,3521,2.6433E+12,44.86791401,-93.63098819
3522,2025-08-11-10-07-43-656,1754924864,3522,2.6438E+12,44.86791409,-93.63098325
3523,2025-08-11-10-07-44-161,1754924864,3523,2.64431E+12,44.86791419,-93.630978
3524,2025-08-11-10-07-44-669,1754924865,3524,2.64482E+12,44.86791404,-93.63097296
3525,2025-08-11-10-07-45-176,1754924865,3525,2.64532E+12,44.86791404,-93.63096759
3526,2025-08-11-10-07-45-680,1754924866,3526,2.64583E+12,44.86791417,-93.63096334
3527,2025-08-11-10-07-46-189,1754924866,3527,2.64634E+12,44.86791408,-93.63095905
3528,2025-08-11-10-07-46-694,1754924867,3528,2.64684E+12,44.86791411,-93.63095387
3529,2025-08-11-10-07-47-201,1754924867,3529,2.64735E+12,44.8679137,-93.63094759
3530,2025-08-11-10-07-47-707,1754924868,3530,2.64786E+12,44.86791365,-93.63094036
3531,2025-08-11-10-07-48-214,1754924868,3531,2.64836E+12,44.86791306,-93.63093301
3532,2025-08-11-10-07-48-722,1754924869,3532,2.64887E+12,44.86791232,-93.63092636
3533,2025-08-11-10-07-49-230,1754924869,3533,2.64938E+12,44.86791127,-93.63092003
3534,2025-08-11-10-07-49-734,1754924870,3534,2.64988E+12,44.86790981,-93.63091363
3535,2025-08-11-10-07-50-242,1754924870,3535,2.65039E+12,44.86790797,-93.63090648
3536,2025-08-11-10-07-50-748,1754924871,3536,2.6509E+12,44.86790619,-93.63089918
3537,2025-08-11-10-07-51-254,1754924871,3537,2.6514E+12,44.86790477,-93.63089179
3538,2025-08-11-10-07-51-760,1754924872,3538,2.65191E+12,44.86790407,-93.63088415
3539,2025-08-11-10-07-52-268,1754924872,3539,2.65242E+12,44.86790467,-93.63087661
3540,2025-08-11-10-07-52-771,1754924873,3540,2.65292E+12,44.86790586,-93.63086927
3541,2025-08-11-10-07-53-280,1754924873,3541,2.65343E+12,44.86790999,-93.63086143
3542,2025-08-11-10-07-53-788,1754924874,3542,2.65394E+12,44.86791384,-93.63085563
3543,2025-08-11-10-07-54-293,1754924874,3543,2.65444E+12,44.86791846,-93.63085132
3544,2025-08-11-10-07-54-800,1754924875,3544,2.65495E+12,44.86792443,-93.63084834
3545,2025-08-11-10-07-55-308,1754924875,3545,2.65546E+12,44.86793112,-93.63084723
3546,2025-08-11-10-07-55-812,1754924876,3546,2.65596E+12,44.86793779,-93.63084814
3547,2025-08-11-10-07-56-321,1754924876,3547,2.65647E+12,44.86794412,-93.63085186
3548,2025-08-11-10-07-56-826,1754924877,3548,2.65698E+12,44.86794963,-93.63085762
3549,2025-08-11-10-07-57-334,1754924877,3549,2.65748E+12,44.86795392,-93.63086461
3550,2025-08-11-10-07-57-840,1754924878,3550,2.65799E+12,44.86795648,-93.63087259
3551,2025-08-11-10-07-58-347,1754924878,3551,2.6585E+12,44.86795763,-93.63088098
3552,2025-08-11-10-07-58-853,1754924879,3552,2.659E+12,44.86795762,-93.63088842
3553,2025-08-11-10-07-59-360,1754924879,3553,2.65951E+12,44.86795659,-93.63089485
3554,2025-08-11-10-07-59-867,1754924880,3554,2.66002E+12,44.86795495,-93.63089998
3555,2025-08-11-10-08-00-373,1754924880,3555,2.66052E+12,44.86795255,-93.63090506
3556,2025-08-11-10-08-00-878,1754924881,3556,2.66103E+12,44.86795054,-93.63090915
3557,2025-08-11-10-08-01-388,1754924881,3557,2.66154E+12,44.86794852,-93.63091353
3558,2025-08-11-10-08-01-892,1754924882,3558,2.66204E+12,44.8679468,-93.63091867
3559,2025-08-11-10-08-02-399,1754924882,3559,2.66255E+12,44.86794529,-93.63092416
3560,2025-08-11-10-08-02-905,1754924883,3560,2.66306E+12,44.867944,-93.63093013
3561,2025-08-11-10-08-03-413,1754924883,3561,2.66356E+12,44.8679426,-93.63093661
3562,2025-08-11-10-08-03-918,1754924884,3562,2.66407E+12,44.86794169,-93.63094295
3563,2025-08-11-10-08-04-425,1754924884,3563,2.66458E+12,44.8679413,-93.63094912
3564,2025-08-11-10-08-04-932,1754924885,3564,2.66508E+12,44.86794112,-93.63095411
3565,2025-08-11-10-08-05-438,1754924885,3565,2.66559E+12,44.86794166,-93.63095946
3566,2025-08-11-10-08-05-946,1754924886,3566,2.6661E+12,44.86794128,-93.63096524
3567,2025-08-11-10-08-06-451,1754924886,3567,2.6666E+12,44.86794136,-93.6309697
3568,2025-08-11-10-08-06-958,1754924887,3568,2.66711E+12,44.86794122,-93.63097313
3569,2025-08-11-10-08-07-466,1754924887,3569,2.66762E+12,44.86794148,-93.63097541
3570,2025-08-11-10-08-07-972,1754924888,3570,2.66812E+12,44.86794163,-93.63097749
3571,2025-08-11-10-08-08-478,1754924888,3571,2.66863E+12,44.86794176,-93.63097947
3572,2025-08-11-10-08-08-985,1754924889,3572,2.66914E+12,44.86794183,-93.63098407
3573,2025-08-11-10-08-09-492,1754924889,3573,2.66964E+12,44.86794202,-93.63098951
3574,2025-08-11-10-08-09-997,1754924890,3574,2.67015E+12,44.86794205,-93.63099534
3575,2025-08-11-10-08-10-504,1754924891,3575,2.67065E+12,44.86794201,-93.63100034
3576,2025-08-11-10-08-11-018,1754924891,3576,2.67116E+12,44.86794189,-93.63100431
3577,2025-08-11-10-08-11-517,1754924892,3577,2.67167E+12,44.86794174,-93.63100685
3578,2025-08-11-10-08-12-031,1754924892,3578,2.67217E+12,44.86794172,-93.63100843
3579,2025-08-11-10-08-12-531,1754924893,3579,2.67268E+12,44.86794149,-93.63101051
3580,2025-08-11-10-08-13-037,1754924893,3580,2.67319E+12,44.86794136,-93.63101343
3581,2025-08-11-10-08-13-545,1754924894,3581,2.67369E+12,44.86794097,-93.63101701
3582,2025-08-11-10-08-14-052,1754924894,3582,2.6742E+12,44.86794115,-93.63102065
3583,2025-08-11-10-08-14-558,1754924895,3583,2.67471E+12,44.86794092,-93.63102404
3584,2025-08-11-10-08-15-069,1754924895,3584,2.67521E+12,44.86794081,-93.63102712
3585,2025-08-11-10-08-15-571,1754924896,3585,2.67572E+12,44.86794067,-93.63103028
3586,2025-08-11-10-08-16-078,1754924896,3586,2.67623E+12,44.86794044,-93.63103485
3587,2025-08-11-10-08-16-585,1754924897,3587,2.67673E+12,44.86794016,-93.63103932
3588,2025-08-11-10-08-17-090,1754924897,3588,2.67724E+12,44.86793995,-93.63104335
3589,2025-08-11-10-08-17-598,1754924898,3589,2.67775E+12,44.86794001,-93.63104606
3590,2025-08-11-10-08-18-105,1754924898,3590,2.67825E+12,44.86794006,-93.63104796
3591,2025-08-11-10-08-18-611,1754924899,3591,2.67876E+12,44.86794006,-93.63104929
3592,2025-08-11-10-08-19-118,1754924899,3592,2.67927E+12,44.86794006,-93.63105081
3593,2025-08-11-10-08-19-625,1754924900,3593,2.67977E+12,44.86794005,-93.63105275
3594,2025-08-11-10-08-20-131,1754924900,3594,2.68028E+12,44.86794003,-93.63105569
3595,2025-08-11-10-08-20-637,1754924901,3595,2.68079E+12,44.86794005,-93.63105958
3596,2025-08-11-10-08-21-145,1754924901,3596,2.68129E+12,44.86793993,-93.63106321
3597,2025-08-11-10-08-21-652,1754924902,3597,2.6818E+12,44.86793989,-93.63106696
3598,2025-08-11-10-08-22-158,1754924902,3598,2.68231E+12,44.86793991,-93.63107139
3599,2025-08-11-10-08-22-665,1754924903,3599,2.68281E+12,44.86793999,-93.63107629
3600,2025-08-11-10-08-23-171,1754924903,3600,2.68332E+12,44.86793981,-93.63108318
3601,2025-08-11-10-08-23-677,1754924904,3601,2.68383E+12,44.86793985,-93.63108942
3602,2025-08-11-10-08-24-185,1754924904,3602,2.68433E+12,44.86793943,-93.63109522
3603,2025-08-11-10-08-24-691,1754924905,3603,2.68484E+12,44.86793947,-93.63109849
3604,2025-08-11-10-08-25-199,1754924905,3604,2.68535E+12,44.86793958,-93.63109961
3605,2025-08-11-10-08-25-704,1754924906,3605,2.68585E+12,44.86793955,-93.63110042
3606,2025-08-11-10-08-26-214,1754924906,3606,2.68636E+12,44.86793955,-93.63110211
3607,2025-08-11-10-08-26-717,1754924907,3607,2.68687E+12,44.86793963,-93.63110478
3608,2025-08-11-10-08-27-224,1754924907,3608,2.68737E+12,44.86793952,-93.63110845
3609,2025-08-11-10-08-27-731,1754924908,3609,2.68788E+12,44.86793946,-93.63111272
3610,2025-08-11-10-08-28-238,1754924908,3610,2.68839E+12,44.86793957,-93.6311172
3611,2025-08-11-10-08-28-744,1754924909,3611,2.68889E+12,44.86793959,-93.63112146
3612,2025-08-11-10-08-29-251,1754924909,3612,2.6894E+12,44.86793977,-93.63112399
3613,2025-08-11-10-08-29-758,1754924910,3613,2.68991E+12,44.86793973,-93.63112495
3614,2025-08-11-10-08-30-266,1754924910,3614,2.69041E+12,44.86793974,-93.63112606
3615,2025-08-11-10-08-30-775,1754924911,3615,2.69092E+12,44.86793979,-93.63112901
3616,2025-08-11-10-08-31-277,1754924911,3616,2.69143E+12,44.86793962,-93.63113479
3617,2025-08-11-10-08-31-784,1754924912,3617,2.69193E+12,44.86793944,-93.6311401
3618,2025-08-11-10-08-32-293,1754924912,3618,2.69244E+12,44.86793951,-93.63114498
3619,2025-08-11-10-08-32-796,1754924913,3619,2.69295E+12,44.86793942,-93.6311485
3620,2025-08-11-10-08-33-304,1754924913,3620,2.69345E+12,44.86793947,-93.63115058
3621,2025-08-11-10-08-33-811,1754924914,3621,2.69396E+12,44.86793946,-93.63115165
3622,2025-08-11-10-08-34-317,1754924914,3622,2.69447E+12,44.86793947,-93.63115245
3623,2025-08-11-10-08-34-824,1754924915,3623,2.69497E+12,44.86793941,-93.63115389
3624,2025-08-11-10-08-35-330,1754924915,3624,2.69548E+12,44.86793935,-93.63115624
3625,2025-08-11-10-08-35-837,1754924916,3625,2.69599E+12,44.86793929,-93.63116071
3626,2025-08-11-10-08-36-343,1754924916,3626,2.69649E+12,44.86793915,-93.63116676
3627,2025-08-11-10-08-36-852,1754924917,3627,2.697E+12,44.867939,-93.63117304
3628,2025-08-11-10-08-37-357,1754924917,3628,2.69751E+12,44.86793898,-93.631178
3629,2025-08-11-10-08-37-864,1754924918,3629,2.69801E+12,44.86793909,-93.63118113
3630,2025-08-11-10-08-38-370,1754924918,3630,2.69852E+12,44.86793901,-93.63118272
3631,2025-08-11-10-08-38-875,1754924919,3631,2.69903E+12,44.86793902,-93.63118348
3632,2025-08-11-10-08-39-384,1754924919,3632,2.69953E+12,44.86793898,-93.63118473
3633,2025-08-11-10-08-39-890,1754924920,3633,2.70004E+12,44.86793902,-93.63118734
3634,2025-08-11-10-08-40-396,1754924920,3634,2.70055E+12,44.86793898,-93.63119129
3635,2025-08-11-10-08-40-904,1754924921,3635,2.70105E+12,44.86793896,-93.63119598
3636,2025-08-11-10-08-41-410,1754924921,3636,2.70156E+12,44.86793906,-93.63120163
3637,2025-08-11-10-08-41-917,1754924922,3637,2.70207E+12,44.86793909,-93.63120739
3638,2025-08-11-10-08-42-422,1754924922,3638,2.70257E+12,44.86793923,-93.63121326
3639,2025-08-11-10-08-42-934,1754924923,3639,2.70308E+12,44.86793923,-93.63121874
3640,2025-08-11-10-08-43-436,1754924923,3640,2.70359E+12,44.86793949,-93.63122274
3641,2025-08-11-10-08-43-944,1754924924,3641,2.70409E+12,44.86793955,-93.63122592
3642,2025-08-11-10-08-44-449,1754924924,3642,2.7046E+12,44.86793959,-93.63122921
3643,2025-08-11-10-08-44-955,1754924925,3643,2.70511E+12,44.86793964,-93.6312329
3644,2025-08-11-10-08-45-463,1754924925,3644,2.70561E+12,44.86793973,-93.63123722
3645,2025-08-11-10-08-45-969,1754924926,3645,2.70612E+12,44.86793982,-93.63124237
3646,2025-08-11-10-08-46-476,1754924926,3646,2.70663E+12,44.86793968,-93.6312493
3647,2025-08-11-10-08-46-982,1754924927,3647,2.70713E+12,44.8679399,-93.63125428
3648,2025-08-11-10-08-47-489,1754924927,3648,2.70764E+12,44.86793986,-93.63125856
3649,2025-08-11-10-08-47-996,1754924928,3649,2.70815E+12,44.86794002,-93.63126189
3650,2025-08-11-10-08-48-502,1754924929,3650,2.70865E+12,44.86794003,-93.63126532
3651,2025-08-11-10-08-49-009,1754924929,3651,2.70916E+12,44.86794006,-93.63126875
3652,2025-08-11-10-08-49-516,1754924930,3652,2.70967E+12,44.86794,-93.63127271
3653,2025-08-11-10-08-50-022,1754924930,3653,2.71017E+12,44.86794008,-93.63127707
3654,2025-08-11-10-08-50-528,1754924931,3654,2.71068E+12,44.86794023,-93.63128205
3655,2025-08-11-10-08-51-036,1754924931,3655,2.71119E+12,44.86794022,-93.6312871
3656,2025-08-11-10-08-51-542,1754924932,3656,2.71169E+12,44.86794006,-93.6312919
3657,2025-08-11-10-08-52-048,1754924932,3657,2.7122E+12,44.86794,-93.63129616
3658,2025-08-11-10-08-52-557,1754924933,3658,2.71271E+12,44.86794,-93.6312997
3659,2025-08-11-10-08-53-061,1754924933,3659,2.71321E+12,44.86794009,-93.63130285
3660,2025-08-11-10-08-53-568,1754924934,3660,2.71372E+12,44.86794,-93.63130599
3661,2025-08-11-10-08-54-074,1754924934,3661,2.71423E+12,44.86794009,-93.63130909
3662,2025-08-11-10-08-54-580,1754924935,3662,2.71473E+12,44.86794022,-93.63131352
3663,2025-08-11-10-08-55-089,1754924935,3663,2.71524E+12,44.8679401,-93.63131829
3664,2025-08-11-10-08-55-593,1754924936,3664,2.71575E+12,44.86793999,-93.63132361
3665,2025-08-11-10-08-56-102,1754924936,3665,2.71625E+12,44.86793976,-93.63132817
3666,2025-08-11-10-08-56-608,1754924937,3666,2.71676E+12,44.86793977,-93.63133195
3667,2025-08-11-10-08-57-117,1754924937,3667,2.71727E+12,44.86793981,-93.63133462
3668,2025-08-11-10-08-57-621,1754924938,3668,2.71777E+12,44.86793984,-93.63133642
3669,2025-08-11-10-08-58-129,1754924938,3669,2.71828E+12,44.86793992,-93.63133816
3670,2025-08-11-10-08-58-636,1754924939,3670,2.71879E+12,44.86793996,-93.63134107
3671,2025-08-11-10-08-59-141,1754924939,3671,2.71929E+12,44.86793991,-93.63134565
3672,2025-08-11-10-08-59-648,1754924940,3672,2.7198E+12,44.86794007,-93.6313503
3673,2025-08-11-10-09-00-155,1754924940,3673,2.72031E+12,44.86793992,-93.63135364
3674,2025-08-11-10-09-00-662,1754924941,3674,2.72081E+12,44.86793991,-93.63135613
3675,2025-08-11-10-09-01-167,1754924941,3675,2.72132E+12,44.86793977,-93.63135935
3676,2025-08-11-10-09-01-675,1754924942,3676,2.72183E+12,44.86793981,-93.63136444
3677,2025-08-11-10-09-02-182,1754924942,3677,2.72233E+12,44.86793976,-93.63136967
3678,2025-08-11-10-09-02-688,1754924943,3678,2.72284E+12,44.86793969,-93.63137489
3679,2025-08-11-10-09-03-195,1754924943,3679,2.72334E+12,44.86793982,-93.63137862
3680,2025-08-11-10-09-03-701,1754924944,3680,2.72385E+12,44.86793979,-93.63138008
3681,2025-08-11-10-09-04-208,1754924944,3681,2.72436E+12,44.86793981,-93.63138045
3682,2025-08-11-10-09-04-714,1754924945,3682,2.72486E+12,44.86793983,-93.63138113
3683,2025-08-11-10-09-05-220,1754924945,3683,2.72537E+12,44.86793983,-93.63138302
3684,2025-08-11-10-09-05-728,1754924946,3684,2.72588E+12,44.86793983,-93.63138619
3685,2025-08-11-10-09-06-234,1754924946,3685,2.72638E+12,44.86793981,-93.63139019
3686,2025-08-11-10-09-06-739,1754924947,3686,2.72689E+12,44.86793976,-93.63139443
3687,2025-08-11-10-09-07-248,1754924947,3687,2.7274E+12,44.86793978,-93.63139832
3688,2025-08-11-10-09-07-754,1754924948,3688,2.7279E+12,44.86793983,-93.63140237
3689,2025-08-11-10-09-08-261,1754924948,3689,2.72841E+12,44.86793992,-93.63140724
3690,2025-08-11-10-09-08-770,1754924949,3690,2.72892E+12,44.86794,-93.63141264
3691,2025-08-11-10-09-09-273,1754924949,3691,2.72942E+12,44.86794001,-93.63141834
3692,2025-08-11-10-09-09-780,1754924950,3692,2.72993E+12,44.86794012,-93.63142498
3693,2025-08-11-10-09-10-287,1754924950,3693,2.73044E+12,44.86794014,-93.6314299
3694,2025-08-11-10-09-10-794,1754924951,3694,2.73094E+12,44.86794005,-93.63143412
3695,2025-08-11-10-09-11-300,1754924951,3695,2.73145E+12,44.86794008,-93.63143782
3696,2025-08-11-10-09-11-807,1754924952,3696,2.73196E+12,44.86794005,-93.63144088
3697,2025-08-11-10-09-12-314,1754924952,3697,2.73246E+12,44.86793997,-93.63144339
3698,2025-08-11-10-09-12-819,1754924953,3698,2.73297E+12,44.86793993,-93.63144614
3699,2025-08-11-10-09-13-326,1754924953,3699,2.73348E+12,44.86793999,-93.63144963
3700,2025-08-11-10-09-13-834,1754924954,3700,2.73398E+12,44.86794007,-93.6314531
3701,2025-08-11-10-09-14-340,1754924954,3701,2.73449E+12,44.86794002,-93.63145695
3702,2025-08-11-10-09-14-847,1754924955,3702,2.735E+12,44.86793963,-93.63146146
3703,2025-08-11-10-09-15-354,1754924955,3703,2.7355E+12,44.86793969,-93.63146669
3704,2025-08-11-10-09-15-859,1754924956,3704,2.73601E+12,44.86793958,-93.63147267
3705,2025-08-11-10-09-16-366,1754924956,3705,2.73652E+12,44.86793945,-93.63147844
3706,2025-08-11-10-09-16-873,1754924957,3706,2.73702E+12,44.86793955,-93.63148299
3707,2025-08-11-10-09-17-380,1754924957,3707,2.73753E+12,44.86793958,-93.63148509
3708,2025-08-11-10-09-17-887,1754924958,3708,2.73804E+12,44.8679394,-93.63148717
3709,2025-08-11-10-09-18-392,1754924958,3709,2.73854E+12,44.86793937,-93.63148961
3710,2025-08-11-10-09-18-899,1754924959,3710,2.73905E+12,44.86793942,-93.63149241
3711,2025-08-11-10-09-19-405,1754924959,3711,2.73956E+12,44.86793931,-93.63149554
3712,2025-08-11-10-09-19-913,1754924960,3712,2.74006E+12,44.86793941,-93.63149869
3713,2025-08-11-10-09-20-419,1754924960,3713,2.74057E+12,44.86793939,-93.63150303
3714,2025-08-11-10-09-20-926,1754924961,3714,2.74108E+12,44.86793938,-93.63150837
3715,2025-08-11-10-09-21-433,1754924961,3715,2.74158E+12,44.86793926,-93.63151517
3716,2025-08-11-10-09-21-940,1754924962,3716,2.74209E+12,44.86793938,-93.63152189
3717,2025-08-11-10-09-22-448,1754924962,3717,2.7426E+12,44.86793915,-93.63152719
3718,2025-08-11-10-09-22-954,1754924963,3718,2.7431E+12,44.8679391,-93.63153024
3719,2025-08-11-10-09-23-460,1754924963,3719,2.74361E+12,44.86793913,-93.63153293
3720,2025-08-11-10-09-23-969,1754924964,3720,2.74412E+12,44.86793924,-93.63153643
3721,2025-08-11-10-09-24-473,1754924964,3721,2.74462E+12,44.86793913,-93.63154154
3722,2025-08-11-10-09-24-980,1754924965,3722,2.74513E+12,44.86793913,-93.63154708
3723,2025-08-11-10-09-25-486,1754924965,3723,2.74564E+12,44.86793916,-93.63155288
3724,2025-08-11-10-09-25-993,1754924966,3724,2.74614E+12,44.86793911,-93.63155798
3725,2025-08-11-10-09-26-499,1754924966,3725,2.74665E+12,44.86793917,-93.63156169
3726,2025-08-11-10-09-27-006,1754924967,3726,2.74716E+12,44.8679392,-93.6315645
3727,2025-08-11-10-09-27-514,1754924968,3727,2.74766E+12,44.86793917,-93.63156717
3728,2025-08-11-10-09-28-018,1754924968,3728,2.74817E+12,44.86793925,-93.63157005
3729,2025-08-11-10-09-28-527,1754924969,3729,2.74868E+12,44.86793937,-93.63157427
3730,2025-08-11-10-09-29-032,1754924969,3730,2.74918E+12,44.86793928,-93.63157976
3731,2025-08-11-10-09-29-541,1754924970,3731,2.74969E+12,44.86793933,-93.63158598
3732,2025-08-11-10-09-30-046,1754924970,3732,2.7502E+12,44.8679395,-93.63159234
3733,2025-08-11-10-09-30-554,1754924971,3733,2.7507E+12,44.86793945,-93.63159798
3734,2025-08-11-10-09-31-060,1754924971,3734,2.75121E+12,44.86793954,-93.63160296
3735,2025-08-11-10-09-31-566,1754924972,3735,2.75172E+12,44.86793946,-93.63160716
3736,2025-08-11-10-09-32-072,1754924972,3736,2.75222E+12,44.86793933,-93.63161065
3737,2025-08-11-10-09-32-580,1754924973,3737,2.75273E+12,44.8679394,-93.63161459
3738,2025-08-11-10-09-33-087,1754924973,3738,2.75324E+12,44.86793933,-93.63161821
3739,2025-08-11-10-09-33-594,1754924974,3739,2.75374E+12,44.86793955,-93.63162201
3740,2025-08-11-10-09-34-098,1754924974,3740,2.75425E+12,44.86793956,-93.63162622
3741,2025-08-11-10-09-34-606,1754924975,3741,2.75476E+12,44.86793943,-93.63163136
3742,2025-08-11-10-09-35-112,1754924975,3742,2.75526E+12,44.86793948,-93.6316371
3743,2025-08-11-10-09-35-619,1754924976,3743,2.75577E+12,44.86793952,-93.63164361
3744,2025-08-11-10-09-36-125,1754924976,3744,2.75628E+12,44.86793926,-93.63165011
3745,2025-08-11-10-09-36-633,1754924977,3745,2.75678E+12,44.86793949,-93.63165586
3746,2025-08-11-10-09-37-139,1754924977,3746,2.75729E+12,44.86793953,-93.63166029
3747,2025-08-11-10-09-37-646,1754924978,3747,2.7578E+12,44.8679395,-93.631663
3748,2025-08-11-10-09-38-153,1754924978,3748,2.7583E+12,44.86793952,-93.63166408
3749,2025-08-11-10-09-38-659,1754924979,3749,2.75881E+12,44.86793953,-93.6316657
3750,2025-08-11-10-09-39-165,1754924979,3750,2.75932E+12,44.86793972,-93.63166824
3751,2025-08-11-10-09-39-671,1754924980,3751,2.75982E+12,44.86793964,-93.63167171
3752,2025-08-11-10-09-40-178,1754924980,3752,2.76033E+12,44.86793943,-93.63167601
3753,2025-08-11-10-09-40-686,1754924981,3753,2.76084E+12,44.86793952,-93.63167982
3754,2025-08-11-10-09-41-192,1754924981,3754,2.76134E+12,44.86793956,-93.63168295
3755,2025-08-11-10-09-41-699,1754924982,3755,2.76185E+12,44.8679396,-93.6316861
3756,2025-08-11-10-09-42-205,1754924982,3756,2.76236E+12,44.86793973,-93.63168921
3757,2025-08-11-10-09-42-712,1754924983,3757,2.76286E+12,44.86793985,-93.63169214
3758,2025-08-11-10-09-43-219,1754924983,3758,2.76337E+12,44.86793985,-93.63169582
3759,2025-08-11-10-09-43-725,1754924984,3759,2.76388E+12,44.86793989,-93.63170026
3760,2025-08-11-10-09-44-232,1754924984,3760,2.76438E+12,44.86793973,-93.63170584
3761,2025-08-11-10-09-44-738,1754924985,3761,2.76489E+12,44.86793993,-93.63171118
3762,2025-08-11-10-09-45-246,1754924985,3762,2.7654E+12,44.86793993,-93.63171603
3763,2025-08-11-10-09-45-753,1754924986,3763,2.7659E+12,44.86793999,-93.6317212
3764,2025-08-11-10-09-46-259,1754924986,3764,2.76641E+12,44.86794004,-93.63172679
3765,2025-08-11-10-09-46-765,1754924987,3765,2.76692E+12,44.86793996,-93.63173261
3766,2025-08-11-10-09-47-271,1754924987,3766,2.76742E+12,44.86793991,-93.6317383
3767,2025-08-11-10-09-47-779,1754924988,3767,2.76793E+12,44.86794012,-93.63174404
3768,2025-08-11-10-09-48-281,1754924988,3768,2.76844E+12,44.86794002,-93.63174895
3769,2025-08-11-10-09-48-791,1754924989,3769,2.76894E+12,44.86794007,-93.63175483
3770,2025-08-11-10-09-49-298,1754924989,3770,2.76945E+12,44.8679401,-93.6317604
3771,2025-08-11-10-09-49-804,1754924990,3771,2.76996E+12,44.86794013,-93.63176589
3772,2025-08-11-10-09-50-312,1754924990,3772,2.77046E+12,44.8679402,-93.63177105
3773,2025-08-11-10-09-50-819,1754924991,3773,2.77097E+12,44.86794024,-93.63177558
3774,2025-08-11-10-09-51-326,1754924991,3774,2.77148E+12,44.86794015,-93.63177986
3775,2025-08-11-10-09-51-832,1754924992,3775,2.77198E+12,44.86794011,-93.63178444
3776,2025-08-11-10-09-52-339,1754924992,3776,2.77249E+12,44.86794019,-93.63178823
3777,2025-08-11-10-09-52-844,1754924993,3777,2.773E+12,44.8679402,-93.63179225
3778,2025-08-11-10-09-53-352,1754924993,3778,2.7735E+12,44.86794032,-93.63179735
3779,2025-08-11-10-09-53-857,1754924994,3779,2.77401E+12,44.86794032,-93.63180295
3780,2025-08-11-10-09-54-366,1754924994,3780,2.77452E+12,44.86794008,-93.63180821
3781,2025-08-11-10-09-54-871,1754924995,3781,2.77502E+12,44.86794015,-93.63181327
3782,2025-08-11-10-09-55-377,1754924995,3782,2.77553E+12,44.86794002,-93.63181863
3783,2025-08-11-10-09-55-884,1754924996,3783,2.77604E+12,44.86793998,-93.63182346
3784,2025-08-11-10-09-56-391,1754924996,3784,2.77654E+12,44.86794014,-93.63182938
3785,2025-08-11-10-09-56-899,1754924997,3785,2.77705E+12,44.86794017,-93.63183644
3786,2025-08-11-10-09-57-403,1754924997,3786,2.77756E+12,44.86794005,-93.63184345
3787,2025-08-11-10-09-57-910,1754924998,3787,2.77806E+12,44.86794004,-93.63184932
3788,2025-08-11-10-09-58-421,1754924998,3788,2.77857E+12,44.86794009,-93.631854
3789,2025-08-11-10-09-58-923,1754924999,3789,2.77907E+12,44.86793993,-93.6318575
3790,2025-08-11-10-09-59-432,1754924999,3790,2.77958E+12,44.86793998,-93.63185969
3791,2025-08-11-10-09-59-939,1754925000,3791,2.78009E+12,44.86794003,-93.63186184
3792,2025-08-11-10-10-00-443,1754925000,3792,2.78059E+12,44.86794005,-93.63186471
3793,2025-08-11-10-10-00-950,1754925001,3793,2.7811E+12,44.86794003,-93.63186912
3794,2025-08-11-10-10-01-457,1754925001,3794,2.78161E+12,44.86793989,-93.63187477
3795,2025-08-11-10-10-01-965,1754925002,3795,2.78211E+12,44.86793996,-93.63188073
3796,2025-08-11-10-10-02-470,1754925002,3796,2.78262E+12,44.86793987,-93.63188678
3797,2025-08-11-10-10-02-976,1754925003,3797,2.78313E+12,44.86793991,-93.63189343
3798,2025-08-11-10-10-03-487,1754925003,3798,2.78363E+12,44.86793986,-93.63189855
3799,2025-08-11-10-10-03-990,1754925004,3799,2.78414E+12,44.86794,-93.63190331
3800,2025-08-11-10-10-04-497,1754925004,3800,2.78465E+12,44.86794005,-93.63190822
3801,2025-08-11-10-10-05-000,1754925005,3801,2.78515E+12,44.86793996,-93.63191368
3802,2025-08-11-10-10-05-511,1754925006,3802,2.78566E+12,44.86793998,-93.63191945
3803,2025-08-11-10-10-06-017,1754925006,3803,2.78617E+12,44.86793984,-93.63192573
3804,2025-08-11-10-10-06-523,1754925007,3804,2.78667E+12,44.86794011,-93.63193153
3805,2025-08-11-10-10-07-030,1754925007,3805,2.78718E+12,44.86793998,-93.63193742
3806,2025-08-11-10-10-07-536,1754925008,3806,2.78769E+12,44.86793978,-93.63194325
3807,2025-08-11-10-10-08-043,1754925008,3807,2.78819E+12,44.86793979,-93.63194877
3808,2025-08-11-10-10-08-551,1754925009,3808,2.7887E+12,44.86793991,-93.63195457
3809,2025-08-11-10-10-09-056,1754925009,3809,2.78921E+12,44.86793988,-93.63195983
3810,2025-08-11-10-10-09-564,1754925010,3810,2.78971E+12,44.8679398,-93.63196485
3811,2025-08-11-10-10-10-069,1754925010,3811,2.79022E+12,44.86793984,-93.63196959
3812,2025-08-11-10-10-10-575,1754925011,3812,2.79073E+12,44.86793989,-93.63197567
3813,2025-08-11-10-10-11-081,1754925011,3813,2.79123E+12,44.86793977,-93.63198091
3814,2025-08-11-10-10-11-589,1754925012,3814,2.79174E+12,44.86793999,-93.6319862
3815,2025-08-11-10-10-12-096,1754925012,3815,2.79225E+12,44.86793994,-93.63199092
3816,2025-08-11-10-10-12-603,1754925013,3816,2.79275E+12,44.86793983,-93.63199533
3817,2025-08-11-10-10-13-109,1754925013,3817,2.79326E+12,44.86793997,-93.63200012
3818,2025-08-11-10-10-13-617,1754925014,3818,2.79377E+12,44.86793984,-93.63200511
3819,2025-08-11-10-10-14-122,1754925014,3819,2.79427E+12,44.86794008,-93.63201045
3820,2025-08-11-10-10-14-626,1754925015,3820,2.79478E+12,44.86794008,-93.63201646
3821,2025-08-11-10-10-15-137,1754925015,3821,2.79529E+12,44.86794,-93.63202189
3822,2025-08-11-10-10-15-642,1754925016,3822,2.79579E+12,44.8679401,-93.63202745
3823,2025-08-11-10-10-16-149,1754925016,3823,2.7963E+12,44.8679401,-93.6320335
3824,2025-08-11-10-10-16-656,1754925017,3824,2.79681E+12,44.86794012,-93.63203949
3825,2025-08-11-10-10-17-162,1754925017,3825,2.79731E+12,44.86794012,-93.63204568
3826,2025-08-11-10-10-17-669,1754925018,3826,2.79782E+12,44.86794001,-93.63205165
3827,2025-08-11-10-10-18-174,1754925018,3827,2.79833E+12,44.8679402,-93.63205867
3828,2025-08-11-10-10-18-683,1754925019,3828,2.79883E+12,44.86794008,-93.63206451
3829,2025-08-11-10-10-19-188,1754925019,3829,2.79934E+12,44.86793994,-93.63207051
3830,2025-08-11-10-10-19-697,1754925020,3830,2.79985E+12,44.86793997,-93.63207597
3831,2025-08-11-10-10-20-201,1754925020,3831,2.80035E+12,44.86793994,-93.63208084
3832,2025-08-11-10-10-20-708,1754925021,3832,2.80086E+12,44.86794003,-93.63208526
3833,2025-08-11-10-10-21-214,1754925021,3833,2.80137E+12,44.86793998,-93.63208954
3834,2025-08-11-10-10-21-722,1754925022,3834,2.80187E+12,44.86794012,-93.63209284
3835,2025-08-11-10-10-22-228,1754925022,3835,2.80238E+12,44.86794014,-93.63209552
3836,2025-08-11-10-10-22-738,1754925023,3836,2.80289E+12,44.86793999,-93.63209861
3837,2025-08-11-10-10-23-242,1754925023,3837,2.80339E+12,44.86794003,-93.63210187
3838,2025-08-11-10-10-23-749,1754925024,3838,2.8039E+12,44.86793996,-93.63210497
3839,2025-08-11-10-10-24-254,1754925024,3839,2.80441E+12,44.86794,-93.63210806
3840,2025-08-11-10-10-24-766,1754925025,3840,2.80491E+12,44.86794007,-93.63211088
3841,2025-08-11-10-10-25-271,1754925025,3841,2.80542E+12,44.86794,-93.63211425
3842,2025-08-11-10-10-25-779,1754925026,3842,2.80593E+12,44.86794023,-93.63211963
3843,2025-08-11-10-10-26-285,1754925026,3843,2.80643E+12,44.86794015,-93.63212463
3844,2025-08-11-10-10-26-787,1754925027,3844,2.80694E+12,44.86794007,-93.63213053
3845,2025-08-11-10-10-27-296,1754925027,3845,2.80745E+12,44.8679398,-93.63213639
3846,2025-08-11-10-10-27-801,1754925028,3846,2.80795E+12,44.86793977,-93.63214184
3847,2025-08-11-10-10-28-309,1754925028,3847,2.80846E+12,44.8679399,-93.63214672
3848,2025-08-11-10-10-28-814,1754925029,3848,2.80897E+12,44.86793982,-93.63215081
3849,2025-08-11-10-10-29-320,1754925029,3849,2.80947E+12,44.86793973,-93.6321544
3850,2025-08-11-10-10-29-828,1754925030,3850,2.80998E+12,44.86793978,-93.63215771
3851,2025-08-11-10-10-30-339,1754925030,3851,2.81049E+12,44.86793967,-93.63216013
3852,2025-08-11-10-10-30-846,1754925031,3852,2.81099E+12,44.86793961,-93.63216225
3853,2025-08-11-10-10-31-352,1754925031,3853,2.8115E+12,44.8679396,-93.63216546
3854,2025-08-11-10-10-31-854,1754925032,3854,2.81201E+12,44.86793958,-93.6321695
3855,2025-08-11-10-10-32-359,1754925032,3855,2.81251E+12,44.8679396,-93.63217437
3856,2025-08-11-10-10-32-868,1754925033,3856,2.81302E+12,44.86793943,-93.63218052
3857,2025-08-11-10-10-33-373,1754925033,3857,2.81353E+12,44.86793944,-93.63218887
3858,2025-08-11-10-10-33-881,1754925034,3858,2.81403E+12,44.86793946,-93.63219619
3859,2025-08-11-10-10-34-387,1754925034,3859,2.81454E+12,44.86793938,-93.63220277
3860,2025-08-11-10-10-34-892,1754925035,3860,2.81505E+12,44.8679394,-93.63220869
3861,2025-08-11-10-10-35-402,1754925035,3861,2.81555E+12,44.86793946,-93.63221342
3862,2025-08-11-10-10-35-907,1754925036,3862,2.81606E+12,44.86793938,-93.63221726
3863,2025-08-11-10-10-36-413,1754925036,3863,2.81657E+12,44.86793943,-93.63222072
3864,2025-08-11-10-10-36-922,1754925037,3864,2.81707E+12,44.86793948,-93.63222494
3865,2025-08-11-10-10-37-426,1754925037,3865,2.81758E+12,44.86793954,-93.63222969
3866,2025-08-11-10-10-37-934,1754925038,3866,2.81809E+12,44.86793949,-93.63223487
3867,2025-08-11-10-10-38-439,1754925038,3867,2.81859E+12,44.86793962,-93.63224075
3868,2025-08-11-10-10-38-947,1754925039,3868,2.8191E+12,44.86793969,-93.63224761
3869,2025-08-11-10-10-39-453,1754925039,3869,2.8196E+12,44.86793953,-93.63225428
3870,2025-08-11-10-10-39-960,1754925040,3870,2.82011E+12,44.86793981,-93.63226059
3871,2025-08-11-10-10-40-467,1754925040,3871,2.82062E+12,44.86793968,-93.63226497
3872,2025-08-11-10-10-40-973,1754925041,3872,2.82112E+12,44.86793957,-93.63226827
3873,2025-08-11-10-10-41-481,1754925041,3873,2.82163E+12,44.86793969,-93.63226997
3874,2025-08-11-10-10-41-986,1754925042,3874,2.82214E+12,44.86793971,-93.63227176
3875,2025-08-11-10-10-42-494,1754925042,3875,2.82264E+12,44.86793971,-93.6322746
3876,2025-08-11-10-10-42-999,1754925043,3876,2.82315E+12,44.86793964,-93.63227862
3877,2025-08-11-10-10-43-506,1754925044,3877,2.82366E+12,44.86793956,-93.63228275
3878,2025-08-11-10-10-44-013,1754925044,3878,2.82416E+12,44.86793978,-93.63228759
3879,2025-08-11-10-10-44-519,1754925045,3879,2.82467E+12,44.86793967,-93.63229319
3880,2025-08-11-10-10-45-027,1754925045,3880,2.82518E+12,44.86793982,-93.63229901
3881,2025-08-11-10-10-45-532,1754925046,3881,2.82568E+12,44.86793971,-93.63230394
3882,2025-08-11-10-10-46-039,1754925046,3882,2.82619E+12,44.86793966,-93.63230798
3883,2025-08-11-10-10-46-545,1754925047,3883,2.8267E+12,44.86793977,-93.63231142
3884,2025-08-11-10-10-47-052,1754925047,3884,2.8272E+12,44.86793973,-93.63231505
3885,2025-08-11-10-10-47-560,1754925048,3885,2.82771E+12,44.86793982,-93.63231849
3886,2025-08-11-10-10-48-067,1754925048,3886,2.82822E+12,44.8679399,-93.63232255
3887,2025-08-11-10-10-48-572,1754925049,3887,2.82872E+12,44.86793978,-93.63232815
3888,2025-08-11-10-10-49-079,1754925049,3888,2.82923E+12,44.86793988,-93.63233252
3889,2025-08-11-10-10-49-590,1754925050,3889,2.82974E+12,44.86793981,-93.63233675
3890,2025-08-11-10-10-50-093,1754925050,3890,2.83024E+12,44.86793986,-93.6323418
3891,2025-08-11-10-10-50-600,1754925051,3891,2.83075E+12,44.86793992,-93.63234697
3892,2025-08-11-10-10-51-110,1754925051,3892,2.83126E+12,44.86793997,-93.63235182
3893,2025-08-11-10-10-51-616,1754925052,3893,2.83176E+12,44.86793994,-93.63235727
3894,2025-08-11-10-10-52-119,1754925052,3894,2.83227E+12,44.86794018,-93.63236289
3895,2025-08-11-10-10-52-627,1754925053,3895,2.83278E+12,44.86794017,-93.63236867
3896,2025-08-11-10-10-53-133,1754925053,3896,2.83328E+12,44.86794059,-93.63237509
3897,2025-08-11-10-10-53-641,1754925054,3897,2.83379E+12,44.86794046,-93.63238119
3898,2025-08-11-10-10-54-144,1754925054,3898,2.8343E+12,44.86794049,-93.63238713
3899,2025-08-11-10-10-54-654,1754925055,3899,2.8348E+12,44.86794053,-93.63239285
3900,2025-08-11-10-10-55-160,1754925055,3900,2.83531E+12,44.86794062,-93.63239793
3901,2025-08-11-10-10-55-666,1754925056,3901,2.83582E+12,44.8679409,-93.63240245
3902,2025-08-11-10-10-56-172,1754925056,3902,2.83632E+12,44.86794082,-93.63240775
3903,2025-08-11-10-10-56-678,1754925057,3903,2.83683E+12,44.86794082,-93.63241225
3904,2025-08-11-10-10-57-186,1754925057,3904,2.83734E+12,44.86794074,-93.63241723
3905,2025-08-11-10-10-57-691,1754925058,3905,2.83784E+12,44.86794092,-93.63242294
3906,2025-08-11-10-10-58-199,1754925058,3906,2.83835E+12,44.86794093,-93.63242916
3907,2025-08-11-10-10-58-705,1754925059,3907,2.83886E+12,44.86794112,-93.6324356
3908,2025-08-11-10-10-59-211,1754925059,3908,2.83936E+12,44.86794112,-93.63244183
3909,2025-08-11-10-10-59-719,1754925060,3909,2.83987E+12,44.86794126,-93.63244837
3910,2025-08-11-10-11-00-226,1754925060,3910,2.84038E+12,44.86794084,-93.63245511
3911,2025-08-11-10-11-00-737,1754925061,3911,2.84088E+12,44.86794096,-93.63246282
3912,2025-08-11-10-11-01-240,1754925061,3912,2.84139E+12,44.86794097,-93.63247207
3913,2025-08-11-10-11-01-748,1754925062,3913,2.8419E+12,44.86793981,-93.63248312
3914,2025-08-11-10-11-02-253,1754925062,3914,2.8424E+12,44.86793717,-93.63249518
3915,2025-08-11-10-11-02-758,1754925063,3915,2.84291E+12,44.86793136,-93.63250481
3916,2025-08-11-10-11-03-266,1754925063,3916,2.84342E+12,44.86792373,-93.63251112
3917,2025-08-11-10-11-03-771,1754925064,3917,2.84392E+12,44.86791633,-93.63251236
3918,2025-08-11-10-11-04-277,1754925064,3918,2.84443E+12,44.8679103,-93.63251169
3919,2025-08-11-10-11-04-784,1754925065,3919,2.84494E+12,44.86790875,-93.63251138
3920,2025-08-11-10-11-05-290,1754925065,3920,2.84544E+12,44.86790887,-93.63251145
3921,2025-08-11-10-11-05-797,1754925066,3921,2.84595E+12,44.86790948,-93.63251149
3922,2025-08-11-10-11-06-304,1754925066,3922,2.84646E+12,44.86791173,-93.63251161
3923,2025-08-11-10-11-06-811,1754925067,3923,2.84696E+12,44.86791601,-93.63251131
3924,2025-08-11-10-11-07-318,1754925067,3924,2.84747E+12,44.86792067,-93.6325101
3925,2025-08-11-10-11-07-824,1754925068,3925,2.84798E+12,44.86792615,-93.63250859
3926,2025-08-11-10-11-08-331,1754925068,3926,2.84848E+12,44.86793286,-93.63250728
3927,2025-08-11-10-11-08-838,1754925069,3927,2.84899E+12,44.86794136,-93.63250679
3928,2025-08-11-10-11-09-345,1754925069,3928,2.8495E+12,44.86795052,-93.63250576
3929,2025-08-11-10-11-09-852,1754925070,3929,2.85E+12,44.86795946,-93.63250601
3930,2025-08-11-10-11-10-357,1754925070,3930,2.85051E+12,44.86796582,-93.63250678
3931,2025-08-11-10-11-10-864,1754925071,3931,2.85102E+12,44.86796967,-93.63250796
3932,2025-08-11-10-11-11-371,1754925071,3932,2.85152E+12,44.86797146,-93.63250835
3933,2025-08-11-10-11-11-878,1754925072,3933,2.85203E+12,44.86797185,-93.63250852
3934,2025-08-11-10-11-12-385,1754925072,3934,2.85254E+12,44.86797187,-93.63250857
3935,2025-08-11-10-11-12-891,1754925073,3935,2.85304E+12,44.86797192,-93.6325086
3936,2025-08-11-10-11-13-397,1754925073,3936,2.85355E+12,44.86797133,-93.63250838
3937,2025-08-11-10-11-13-904,1754925074,3937,2.85406E+12,44.86797045,-93.6325081
3938,2025-08-11-10-11-14-409,1754925074,3938,2.85456E+12,44.86796874,-93.63250763
3939,2025-08-11-10-11-14-917,1754925075,3939,2.85507E+12,44.86796521,-93.63250613
3940,2025-08-11-10-11-15-422,1754925075,3940,2.85558E+12,44.8679598,-93.63250307
3941,2025-08-11-10-11-15-931,1754925076,3941,2.85608E+12,44.86795384,-93.63249818
3942,2025-08-11-10-11-16-437,1754925076,3942,2.85659E+12,44.86795029,-93.632492
3943,2025-08-11-10-11-16-943,1754925077,3943,2.8571E+12,44.86794799,-93.63248703
3944,2025-08-11-10-11-17-451,1754925077,3944,2.8576E+12,44.86794642,-93.63248288
3945,2025-08-11-10-11-17-956,1754925078,3945,2.85811E+12,44.86794544,-93.63247976
3946,2025-08-11-10-11-18-463,1754925078,3946,2.85862E+12,44.86794467,-93.63247619
3947,2025-08-11-10-11-18-969,1754925079,3947,2.85912E+12,44.86794386,-93.63247024
3948,2025-08-11-10-11-19-476,1754925079,3948,2.85963E+12,44.86794263,-93.63246112
3949,2025-08-11-10-11-19-984,1754925080,3949,2.86014E+12,44.86794203,-93.63245426
3950,2025-08-11-10-11-20-490,1754925080,3950,2.86064E+12,44.86794145,-93.6324489
3951,2025-08-11-10-11-20-997,1754925081,3951,2.86115E+12,44.86794131,-93.63244488
3952,2025-08-11-10-11-21-502,1754925082,3952,2.86165E+12,44.86794105,-93.63244143
3953,2025-08-11-10-11-22-009,1754925082,3953,2.86216E+12,44.86794086,-93.63243843
3954,2025-08-11-10-11-22-519,1754925083,3954,2.86267E+12,44.86794076,-93.63243569
3955,2025-08-11-10-11-23-027,1754925083,3955,2.86317E+12,44.86794073,-93.63243298
3956,2025-08-11-10-11-23-534,1754925084,3956,2.86368E+12,44.86794064,-93.6324306
3957,2025-08-11-10-11-24-035,1754925084,3957,2.86419E+12,44.86794069,-93.63242875
3958,2025-08-11-10-11-24-547,1754925085,3958,2.86469E+12,44.86794074,-93.63242718
3959,2025-08-11-10-11-25-049,1754925085,3959,2.8652E+12,44.86794077,-93.63242596
3960,2025-08-11-10-11-25-555,1754925086,3960,2.86571E+12,44.86794072,-93.63242483
3961,2025-08-11-10-11-26-062,1754925086,3961,2.86621E+12,44.86794063,-93.63242302
3962,2025-08-11-10-11-26-568,1754925087,3962,2.86672E+12,44.86794047,-93.63242031
3963,2025-08-11-10-11-27-076,1754925087,3963,2.86723E+12,44.86794033,-93.63241649
3964,2025-08-11-10-11-27-582,1754925088,3964,2.86773E+12,44.86794019,-93.63241293
3965,2025-08-11-10-11-28-089,1754925088,3965,2.86824E+12,44.86794022,-93.63240862
3966,2025-08-11-10-11-28-595,1754925089,3966,2.86875E+12,44.86794002,-93.63240364
3967,2025-08-11-10-11-29-101,1754925089,3967,2.86925E+12,44.86793985,-93.63239848
3968,2025-08-11-10-11-29-609,1754925090,3968,2.86976E+12,44.86793979,-93.63239364
3969,2025-08-11-10-11-30-117,1754925090,3969,2.87027E+12,44.8679397,-93.63238972
3970,2025-08-11-10-11-30-622,1754925091,3970,2.87077E+12,44.86793968,-93.63238671
3971,2025-08-11-10-11-31-128,1754925091,3971,2.87128E+12,44.86793961,-93.63238451
3972,2025-08-11-10-11-31-637,1754925092,3972,2.87179E+12,44.86793963,-93.63238211
3973,2025-08-11-10-11-32-143,1754925092,3973,2.87229E+12,44.86793971,-93.63237848
3974,2025-08-11-10-11-32-651,1754925093,3974,2.8728E+12,44.86793952,-93.63237451
3975,2025-08-11-10-11-33-155,1754925093,3975,2.87331E+12,44.86793944,-93.63237075
3976,2025-08-11-10-11-33-660,1754925094,3976,2.87381E+12,44.86793951,-93.63236727
3977,2025-08-11-10-11-34-168,1754925094,3977,2.87432E+12,44.86793939,-93.6323643
3978,2025-08-11-10-11-34-676,1754925095,3978,2.87483E+12,44.86793935,-93.6323612
3979,2025-08-11-10-11-35-182,1754925095,3979,2.87533E+12,44.86793936,-93.63235804
3980,2025-08-11-10-11-35-686,1754925096,3980,2.87584E+12,44.86793936,-93.63235575
3981,2025-08-11-10-11-36-194,1754925096,3981,2.87635E+12,44.86793933,-93.6323521
3982,2025-08-11-10-11-36-701,1754925097,3982,2.87685E+12,44.86793937,-93.63234729
3983,2025-08-11-10-11-37-207,1754925097,3983,2.87736E+12,44.86793932,-93.63234294
3984,2025-08-11-10-11-37-715,1754925098,3984,2.87787E+12,44.86793939,-93.63233898
3985,2025-08-11-10-11-38-221,1754925098,3985,2.87837E+12,44.86793923,-93.63233492
3986,2025-08-11-10-11-38-726,1754925099,3986,2.87888E+12,44.86793944,-93.63233081
3987,2025-08-11-10-11-39-234,1754925099,3987,2.87939E+12,44.86793931,-93.63232729
3988,2025-08-11-10-11-39-739,1754925100,3988,2.87989E+12,44.8679392,-93.63232409
3989,2025-08-11-10-11-40-247,1754925100,3989,2.8804E+12,44.86793916,-93.63232031
3990,2025-08-11-10-11-40-754,1754925101,3990,2.88091E+12,44.86793924,-93.63231669
3991,2025-08-11-10-11-41-261,1754925101,3991,2.88141E+12,44.86793927,-93.63231317
3992,2025-08-11-10-11-41-771,1754925102,3992,2.88192E+12,44.86793917,-93.63230965
3993,2025-08-11-10-11-42-273,1754925102,3993,2.88243E+12,44.86793929,-93.63230476
3994,2025-08-11-10-11-42-780,1754925103,3994,2.88293E+12,44.86793933,-93.63230026
3995,2025-08-11-10-11-43-287,1754925103,3995,2.88344E+12,44.86793896,-93.63229575
3996,2025-08-11-10-11-43-794,1754925104,3996,2.88394E+12,44.86793916,-93.63229163
3997,2025-08-11-10-11-44-300,1754925104,3997,2.88445E+12,44.8679389,-93.63228803
3998,2025-08-11-10-11-44-806,1754925105,3998,2.88496E+12,44.86793892,-93.63228436
3999,2025-08-11-10-11-45-313,1754925105,3999,2.88546E+12,44.86793893,-93.6322802
4000,2025-08-11-10-11-45-818,1754925106,4000,2.88597E+12,44.86793921,-93.63227575
4001,2025-08-11-10-11-46-327,1754925106,4001,2.88648E+12,44.86793924,-93.63227093
4002,2025-08-11-10-11-46-832,1754925107,4002,2.88698E+12,44.86793909,-93.63226585
4003,2025-08-11-10-11-47-340,1754925107,4003,2.88749E+12,44.86793926,-93.63226091
4004,2025-08-11-10-11-47-846,1754925108,4004,2.888E+12,44.86793915,-93.63225676
4005,2025-08-11-10-11-48-352,1754925108,4005,2.8885E+12,44.86793926,-93.63225289
4006,2025-08-11-10-11-48-860,1754925109,4006,2.88901E+12,44.86793927,-93.6322491
4007,2025-08-11-10-11-49-365,1754925109,4007,2.88952E+12,44.86793926,-93.63224584
4008,2025-08-11-10-11-49-873,1754925110,4008,2.89002E+12,44.86793928,-93.63224204
4009,2025-08-11-10-11-50-378,1754925110,4009,2.89053E+12,44.86793925,-93.63223838
4010,2025-08-11-10-11-50-884,1754925111,4010,2.89104E+12,44.86793935,-93.63223435
4011,2025-08-11-10-11-51-394,1754925111,4011,2.89154E+12,44.86793936,-93.63222991
4012,2025-08-11-10-11-51-901,1754925112,4012,2.89205E+12,44.86793927,-93.63222611
4013,2025-08-11-10-11-52-406,1754925112,4013,2.89256E+12,44.86793927,-93.6322225
4014,2025-08-11-10-11-52-911,1754925113,4014,2.89306E+12,44.8679393,-93.63221875
4015,2025-08-11-10-11-53-420,1754925113,4015,2.89357E+12,44.86793938,-93.63221549
4016,2025-08-11-10-11-53-925,1754925114,4016,2.89408E+12,44.86793936,-93.63221189
4017,2025-08-11-10-11-54-431,1754925114,4017,2.89458E+12,44.86793934,-93.63220822
4018,2025-08-11-10-11-54-938,1754925115,4018,2.89509E+12,44.86793925,-93.63220514
4019,2025-08-11-10-11-55-445,1754925115,4019,2.8956E+12,44.86793932,-93.63220139
4020,2025-08-11-10-11-55-951,1754925116,4020,2.8961E+12,44.86793926,-93.63219751
4021,2025-08-11-10-11-56-457,1754925116,4021,2.89661E+12,44.86793922,-93.63219362
4022,2025-08-11-10-11-56-965,1754925117,4022,2.89712E+12,44.86793951,-93.63218899
4023,2025-08-11-10-11-57-471,1754925117,4023,2.89762E+12,44.86793941,-93.63218348
4024,2025-08-11-10-11-57-979,1754925118,4024,2.89813E+12,44.86793975,-93.63217662
4025,2025-08-11-10-11-58-485,1754925118,4025,2.89864E+12,44.86793959,-93.63217116
4026,2025-08-11-10-11-58-990,1754925119,4026,2.89914E+12,44.86793963,-93.63216642
4027,2025-08-11-10-11-59-496,1754925119,4027,2.89965E+12,44.86793976,-93.63216193
4028,2025-08-11-10-12-00-004,1754925120,4028,2.90016E+12,44.8679397,-93.63215805
4029,2025-08-11-10-12-00-511,1754925121,4029,2.90066E+12,44.86793971,-93.63215478
4030,2025-08-11-10-12-01-018,1754925121,4030,2.90117E+12,44.86793979,-93.63215183
4031,2025-08-11-10-12-01-524,1754925122,4031,2.90168E+12,44.86793972,-93.63214874
4032,2025-08-11-10-12-02-030,1754925122,4032,2.90218E+12,44.86793968,-93.63214555
4033,2025-08-11-10-12-02-537,1754925123,4033,2.90269E+12,44.86793964,-93.63214142
4034,2025-08-11-10-12-03-043,1754925123,4034,2.9032E+12,44.86793983,-93.6321366
4035,2025-08-11-10-12-03-550,1754925124,4035,2.9037E+12,44.86793974,-93.63213131
4036,2025-08-11-10-12-04-056,1754925124,4036,2.90421E+12,44.86793981,-93.63212652
4037,2025-08-11-10-12-04-567,1754925125,4037,2.90472E+12,44.86793968,-93.63212173
4038,2025-08-11-10-12-05-074,1754925125,4038,2.90522E+12,44.86793963,-93.63211735
4039,2025-08-11-10-12-05-578,1754925126,4039,2.90573E+12,44.86793954,-93.63211263
4040,2025-08-11-10-12-06-087,1754925126,4040,2.90624E+12,44.86793967,-93.63210873
4041,2025-08-11-10-12-06-594,1754925127,4041,2.90674E+12,44.8679397,-93.63210479
4042,2025-08-11-10-12-07-097,1754925127,4042,2.90725E+12,44.86793974,-93.63210047
4043,2025-08-11-10-12-07-602,1754925128,4043,2.90776E+12,44.86793977,-93.63209554
4044,2025-08-11-10-12-08-110,1754925128,4044,2.90826E+12,44.86793966,-93.63208993
4045,2025-08-11-10-12-08-621,1754925129,4045,2.90877E+12,44.86793956,-93.63208426
4046,2025-08-11-10-12-09-126,1754925129,4046,2.90928E+12,44.86793969,-93.63207825
4047,2025-08-11-10-12-09-629,1754925130,4047,2.90978E+12,44.8679397,-93.63207235
4048,2025-08-11-10-12-10-135,1754925130,4048,2.91029E+12,44.8679396,-93.63206716
4049,2025-08-11-10-12-10-644,1754925131,4049,2.9108E+12,44.86793947,-93.63206235
4050,2025-08-11-10-12-11-150,1754925131,4050,2.9113E+12,44.86793946,-93.63205845
4051,2025-08-11-10-12-11-661,1754925132,4051,2.91181E+12,44.86793951,-93.63205455
4052,2025-08-11-10-12-12-166,1754925132,4052,2.91232E+12,44.86793947,-93.63205022
4053,2025-08-11-10-12-12-670,1754925133,4053,2.91282E+12,44.86793949,-93.63204495
4054,2025-08-11-10-12-13-180,1754925133,4054,2.91333E+12,44.86793953,-93.63204041
4055,2025-08-11-10-12-13-683,1754925134,4055,2.91384E+12,44.86793935,-93.6320356
4056,2025-08-11-10-12-14-194,1754925134,4056,2.91434E+12,44.86793921,-93.63203069
4057,2025-08-11-10-12-14-700,1754925135,4057,2.91485E+12,44.86793921,-93.63202586
4058,2025-08-11-10-12-15-206,1754925135,4058,2.91536E+12,44.86793917,-93.63202024
4059,2025-08-11-10-12-15-713,1754925136,4059,2.91586E+12,44.86793912,-93.6320152
4060,2025-08-11-10-12-16-217,1754925136,4060,2.91637E+12,44.86793917,-93.63201108
4061,2025-08-11-10-12-16-726,1754925137,4061,2.91687E+12,44.86793909,-93.63200803
4062,2025-08-11-10-12-17-230,1754925137,4062,2.91738E+12,44.8679391,-93.63200562
4063,2025-08-11-10-12-17-738,1754925138,4063,2.91789E+12,44.86793903,-93.63200382
4064,2025-08-11-10-12-18-243,1754925138,4064,2.91839E+12,44.86793896,-93.63200266
4065,2025-08-11-10-12-18-750,1754925139,4065,2.9189E+12,44.86793894,-93.63200144
4066,2025-08-11-10-12-19-255,1754925139,4066,2.91941E+12,44.86793895,-93.63199942
4067,2025-08-11-10-12-19-763,1754925140,4067,2.91991E+12,44.86793894,-93.63199592
4068,2025-08-11-10-12-20-269,1754925140,4068,2.92042E+12,44.86793906,-93.63198999
4069,2025-08-11-10-12-20-776,1754925141,4069,2.92093E+12,44.86793878,-93.63198492
4070,2025-08-11-10-12-21-282,1754925141,4070,2.92143E+12,44.86793886,-93.6319805
4071,2025-08-11-10-12-21-790,1754925142,4071,2.92194E+12,44.86793887,-93.63197715
4072,2025-08-11-10-12-22-297,1754925142,4072,2.92245E+12,44.86793882,-93.63197451
4073,2025-08-11-10-12-22-803,1754925143,4073,2.92295E+12,44.86793875,-93.63197246
4074,2025-08-11-10-12-23-308,1754925143,4074,2.92346E+12,44.86793876,-93.63196921
4075,2025-08-11-10-12-23-815,1754925144,4075,2.92397E+12,44.86793865,-93.63196503
4076,2025-08-11-10-12-24-326,1754925144,4076,2.92447E+12,44.86793881,-93.63196044
4077,2025-08-11-10-12-24-829,1754925145,4077,2.92498E+12,44.86793856,-93.63195627
4078,2025-08-11-10-12-25-336,1754925145,4078,2.92549E+12,44.86793866,-93.63195283
4079,2025-08-11-10-12-25-841,1754925146,4079,2.92599E+12,44.86793864,-93.63194948
4080,2025-08-11-10-12-26-348,1754925146,4080,2.9265E+12,44.86793873,-93.63194555
4081,2025-08-11-10-12-26-854,1754925147,4081,2.92701E+12,44.8679387,-93.63194055
4082,2025-08-11-10-12-27-361,1754925147,4082,2.92751E+12,44.86793878,-93.63193467
4083,2025-08-11-10-12-27-869,1754925148,4083,2.92802E+12,44.86793892,-93.63192792
4084,2025-08-11-10-12-28-375,1754925148,4084,2.92853E+12,44.86793892,-93.63192051
4085,2025-08-11-10-12-28-881,1754925149,4085,2.92903E+12,44.86793924,-93.63191501
4086,2025-08-11-10-12-29-387,1754925149,4086,2.92954E+12,44.86793909,-93.63191023
4087,2025-08-11-10-12-29-895,1754925150,4087,2.93005E+12,44.86793918,-93.63190577
4088,2025-08-11-10-12-30-401,1754925150,4088,2.93055E+12,44.86793919,-93.63190136
4089,2025-08-11-10-12-30-909,1754925151,4089,2.93106E+12,44.86793914,-93.631896
4090,2025-08-11-10-12-31-414,1754925151,4090,2.93157E+12,44.86793914,-93.63189011
4091,2025-08-11-10-12-31-920,1754925152,4091,2.93207E+12,44.86793905,-93.6318845
4092,2025-08-11-10-12-32-427,1754925152,4092,2.93258E+12,44.86793909,-93.63187933
4093,2025-08-11-10-12-32-934,1754925153,4093,2.93309E+12,44.86793909,-93.6318751
4094,2025-08-11-10-12-33-442,1754925153,4094,2.93359E+12,44.86793904,-93.63187156
4095,2025-08-11-10-12-33-947,1754925154,4095,2.9341E+12,44.86793893,-93.63186792
4096,2025-08-11-10-12-34-453,1754925154,4096,2.93461E+12,44.86793891,-93.63186333
4097,2025-08-11-10-12-34-960,1754925155,4097,2.93511E+12,44.86793885,-93.63185737
4098,2025-08-11-10-12-35-467,1754925155,4098,2.93562E+12,44.86793876,-93.63184931
4099,2025-08-11-10-12-35-977,1754925156,4099,2.93613E+12,44.86793851,-93.63184231
4100,2025-08-11-10-12-36-481,1754925156,4100,2.93663E+12,44.86793842,-93.63183605
4101,2025-08-11-10-12-36-989,1754925157,4101,2.93714E+12,44.86793856,-93.63183046
4102,2025-08-11-10-12-37-494,1754925157,4102,2.93765E+12,44.86793851,-93.63182574
4103,2025-08-11-10-12-38-001,1754925158,4103,2.93815E+12,44.86793851,-93.63182158
4104,2025-08-11-10-12-38-507,1754925159,4104,2.93866E+12,44.86793852,-93.63181778
4105,2025-08-11-10-12-39-013,1754925159,4105,2.93917E+12,44.86793862,-93.6318134
4106,2025-08-11-10-12-39-520,1754925160,4106,2.93967E+12,44.86793858,-93.63180802
4107,2025-08-11-10-12-40-028,1754925160,4107,2.94018E+12,44.86793884,-93.63180164
4108,2025-08-11-10-12-40-535,1754925161,4108,2.94069E+12,44.86793875,-93.63179517
4109,2025-08-11-10-12-41-041,1754925161,4109,2.94119E+12,44.86793892,-93.63178841
4110,2025-08-11-10-12-41-548,1754925162,4110,2.9417E+12,44.86793882,-93.63178229
4111,2025-08-11-10-12-42-053,1754925162,4111,2.94221E+12,44.8679389,-93.63177674
4112,2025-08-11-10-12-42-562,1754925163,4112,2.94271E+12,44.86793913,-93.63177126
4113,2025-08-11-10-12-43-067,1754925163,4113,2.94322E+12,44.86793906,-93.63176669
4114,2025-08-11-10-12-43-573,1754925164,4114,2.94373E+12,44.86793898,-93.63176135
4115,2025-08-11-10-12-44-080,1754925164,4115,2.94423E+12,44.867939,-93.63175653
4116,2025-08-11-10-12-44-586,1754925165,4116,2.94474E+12,44.86793889,-93.63175157
4117,2025-08-11-10-12-45-094,1754925165,4117,2.94525E+12,44.86793895,-93.63174622
4118,2025-08-11-10-12-45-599,1754925166,4118,2.94575E+12,44.86793874,-93.63173994
4119,2025-08-11-10-12-46-107,1754925166,4119,2.94626E+12,44.86793873,-93.63173341
4120,2025-08-11-10-12-46-613,1754925167,4120,2.94677E+12,44.86793873,-93.6317267
4121,2025-08-11-10-12-47-120,1754925167,4121,2.94727E+12,44.86793863,-93.63172064
4122,2025-08-11-10-12-47-626,1754925168,4122,2.94778E+12,44.86793845,-93.63171539
4123,2025-08-11-10-12-48-134,1754925168,4123,2.94829E+12,44.86793867,-93.6317099
4124,2025-08-11-10-12-48-641,1754925169,4124,2.94879E+12,44.8679386,-93.63170498
4125,2025-08-11-10-12-49-145,1754925169,4125,2.9493E+12,44.86793852,-93.63170022
4126,2025-08-11-10-12-49-653,1754925170,4126,2.94981E+12,44.8679385,-93.63169547
4127,2025-08-11-10-12-50-160,1754925170,4127,2.95031E+12,44.86793833,-93.63168998
4128,2025-08-11-10-12-50-666,1754925171,4128,2.95082E+12,44.86793843,-93.63168293
4129,2025-08-11-10-12-51-174,1754925171,4129,2.95133E+12,44.86793845,-93.63167695
4130,2025-08-11-10-12-51-680,1754925172,4130,2.95183E+12,44.86793836,-93.6316716
4131,2025-08-11-10-12-52-184,1754925172,4131,2.95234E+12,44.86793848,-93.63166619
4132,2025-08-11-10-12-52-692,1754925173,4132,2.95285E+12,44.86793822,-93.63166081
4133,2025-08-11-10-12-53-198,1754925173,4133,2.95335E+12,44.86793824,-93.63165532
4134,2025-08-11-10-12-53-706,1754925174,4134,2.95386E+12,44.86793829,-93.63164981
4135,2025-08-11-10-12-54-213,1754925174,4135,2.95436E+12,44.86793842,-93.63164338
4136,2025-08-11-10-12-54-721,1754925175,4136,2.95487E+12,44.86793832,-93.63163659
4137,2025-08-11-10-12-55-225,1754925175,4137,2.95538E+12,44.86793848,-93.63162998
4138,2025-08-11-10-12-55-734,1754925176,4138,2.95588E+12,44.86793827,-93.63162353
4139,2025-08-11-10-12-56-240,1754925176,4139,2.95639E+12,44.86793848,-93.63161694
4140,2025-08-11-10-12-56-745,1754925177,4140,2.9569E+12,44.8679384,-93.6316111
4141,2025-08-11-10-12-57-253,1754925177,4141,2.9574E+12,44.86793845,-93.63160595
4142,2025-08-11-10-12-57-754,1754925178,4142,2.95791E+12,44.86793844,-93.6316013
4143,2025-08-11-10-12-58-266,1754925178,4143,2.95842E+12,44.86793835,-93.63159662
4144,2025-08-11-10-12-58-770,1754925179,4144,2.95892E+12,44.86793843,-93.63159032
4145,2025-08-11-10-12-59-278,1754925179,4145,2.95943E+12,44.86793836,-93.63158519
4146,2025-08-11-10-12-59-784,1754925180,4146,2.95994E+12,44.86793845,-93.63158036
4147,2025-08-11-10-13-00-291,1754925180,4147,2.96044E+12,44.86793805,-93.6315756
4148,2025-08-11-10-13-00-799,1754925181,4148,2.96095E+12,44.86793827,-93.63157095
4149,2025-08-11-10-13-01-304,1754925181,4149,2.96146E+12,44.86793808,-93.63156616
4150,2025-08-11-10-13-01-811,1754925182,4150,2.96196E+12,44.86793814,-93.63156077
4151,2025-08-11-10-13-02-318,1754925182,4151,2.96247E+12,44.8679382,-93.63155536
4152,2025-08-11-10-13-02-825,1754925183,4152,2.96298E+12,44.86793815,-93.63154995
4153,2025-08-11-10-13-03-331,1754925183,4153,2.96348E+12,44.86793815,-93.63154396
4154,2025-08-11-10-13-03-837,1754925184,4154,2.96399E+12,44.8679382,-93.63153754
4155,2025-08-11-10-13-04-345,1754925184,4155,2.9645E+12,44.8679382,-93.63153097
4156,2025-08-11-10-13-04-850,1754925185,4156,2.965E+12,44.86793844,-93.63152395
4157,2025-08-11-10-13-05-356,1754925185,4157,2.96551E+12,44.86793834,-93.63151694
4158,2025-08-11-10-13-05-865,1754925186,4158,2.96602E+12,44.86793841,-93.63151002
4159,2025-08-11-10-13-06-369,1754925186,4159,2.96652E+12,44.86793831,-93.63150254
4160,2025-08-11-10-13-06-876,1754925187,4160,2.96703E+12,44.86793842,-93.63149619
4161,2025-08-11-10-13-07-387,1754925187,4161,2.96754E+12,44.86793818,-93.63149007
4162,2025-08-11-10-13-07-889,1754925188,4162,2.96804E+12,44.86793841,-93.63148405
4163,2025-08-11-10-13-08-399,1754925188,4163,2.96855E+12,44.86793846,-93.63147791
4164,2025-08-11-10-13-08-908,1754925189,4164,2.96906E+12,44.86793829,-93.63147207
4165,2025-08-11-10-13-09-414,1754925189,4165,2.96956E+12,44.86793849,-93.63146627
4166,2025-08-11-10-13-09-916,1754925190,4166,2.97007E+12,44.86793858,-93.6314605
4167,2025-08-11-10-13-10-429,1754925190,4167,2.97058E+12,44.86793865,-93.63145498
4168,2025-08-11-10-13-10-933,1754925191,4168,2.97108E+12,44.8679388,-93.63144881
4169,2025-08-11-10-13-11-435,1754925191,4169,2.97159E+12,44.86793879,-93.63144252
4170,2025-08-11-10-13-11-943,1754925192,4170,2.9721E+12,44.86793879,-93.63143623
4171,2025-08-11-10-13-12-449,1754925192,4171,2.9726E+12,44.86793889,-93.6314301
4172,2025-08-11-10-13-12-956,1754925193,4172,2.97311E+12,44.86793901,-93.63142419
4173,2025-08-11-10-13-13-466,1754925193,4173,2.97362E+12,44.86793892,-93.63141803
4174,2025-08-11-10-13-13-973,1754925194,4174,2.97412E+12,44.86793901,-93.6314121
4175,2025-08-11-10-13-14-479,1754925194,4175,2.97463E+12,44.86793897,-93.63140473
4176,2025-08-11-10-13-14-987,1754925195,4176,2.97514E+12,44.86793892,-93.63139895
4177,2025-08-11-10-13-15-488,1754925195,4177,2.97564E+12,44.86793894,-93.63139331
4178,2025-08-11-10-13-15-996,1754925196,4178,2.97615E+12,44.86793895,-93.63138794
4179,2025-08-11-10-13-16-503,1754925197,4179,2.97666E+12,44.86793886,-93.63138268
4180,2025-08-11-10-13-17-012,1754925197,4180,2.97716E+12,44.86793873,-93.63137709
4181,2025-08-11-10-13-17-516,1754925198,4181,2.97767E+12,44.86793868,-93.63137202
4182,2025-08-11-10-13-18-021,1754925198,4182,2.97817E+12,44.86793867,-93.63136711
4183,2025-08-11-10-13-18-528,1754925199,4183,2.97868E+12,44.86793867,-93.63136216
4184,2025-08-11-10-13-19-035,1754925199,4184,2.97919E+12,44.86793858,-93.63135678
4185,2025-08-11-10-13-19-541,1754925200,4185,2.97969E+12,44.86793851,-93.63135102
4186,2025-08-11-10-13-20-050,1754925200,4186,2.9802E+12,44.86793839,-93.63134554
4187,2025-08-11-10-13-20-554,1754925201,4187,2.98071E+12,44.86793834,-93.63134022
4188,2025-08-11-10-13-21-063,1754925201,4188,2.98121E+12,44.86793835,-93.63133477
4189,2025-08-11-10-13-21-568,1754925202,4189,2.98172E+12,44.86793836,-93.6313284
4190,2025-08-11-10-13-22-075,1754925202,4190,2.98223E+12,44.86793834,-93.63132276
4191,2025-08-11-10-13-22-586,1754925203,4191,2.98273E+12,44.8679381,-93.63131726
4192,2025-08-11-10-13-23-091,1754925203,4192,2.98324E+12,44.86793811,-93.63131198
4193,2025-08-11-10-13-23-598,1754925204,4193,2.98375E+12,44.86793824,-93.63130658
4194,2025-08-11-10-13-24-102,1754925204,4194,2.98425E+12,44.86793827,-93.6313011
4195,2025-08-11-10-13-24-611,1754925205,4195,2.98476E+12,44.86793855,-93.63129545
4196,2025-08-11-10-13-25-114,1754925205,4196,2.98527E+12,44.86793862,-93.63128982
4197,2025-08-11-10-13-25-620,1754925206,4197,2.98577E+12,44.86793864,-93.63128462
4198,2025-08-11-10-13-26-130,1754925206,4198,2.98628E+12,44.86793875,-93.63127991
4199,2025-08-11-10-13-26-634,1754925207,4199,2.98679E+12,44.86793887,-93.63127525
4200,2025-08-11-10-13-27-140,1754925207,4200,2.98729E+12,44.86793893,-93.63127094
4201,2025-08-11-10-13-27-647,1754925208,4201,2.9878E+12,44.86793895,-93.6312666
4202,2025-08-11-10-13-28-154,1754925208,4202,2.98831E+12,44.86793894,-93.63126159
4203,2025-08-11-10-13-28-660,1754925209,4203,2.98881E+12,44.86793879,-93.63125648
4204,2025-08-11-10-13-29-168,1754925209,4204,2.98932E+12,44.86793887,-93.63125132
4205,2025-08-11-10-13-29-675,1754925210,4205,2.98983E+12,44.86793891,-93.63124512
4206,2025-08-11-10-13-30-181,1754925210,4206,2.99033E+12,44.86793885,-93.63124006
4207,2025-08-11-10-13-30-687,1754925211,4207,2.99084E+12,44.86793882,-93.63123457
4208,2025-08-11-10-13-31-197,1754925211,4208,2.99135E+12,44.86793873,-93.63122879
4209,2025-08-11-10-13-31-700,1754925212,4209,2.99185E+12,44.86793862,-93.63122308
4210,2025-08-11-10-13-32-210,1754925212,4210,2.99236E+12,44.86793862,-93.63121726
4211,2025-08-11-10-13-32-713,1754925213,4211,2.99287E+12,44.86793857,-93.63121168
4212,2025-08-11-10-13-33-221,1754925213,4212,2.99337E+12,44.86793855,-93.63120622
4213,2025-08-11-10-13-33-727,1754925214,4213,2.99388E+12,44.86793851,-93.6312007
4214,2025-08-11-10-13-34-234,1754925214,4214,2.99439E+12,44.8679385,-93.6311956
4215,2025-08-11-10-13-34-739,1754925215,4215,2.99489E+12,44.86793847,-93.63119026
4216,2025-08-11-10-13-35-247,1754925215,4216,2.9954E+12,44.86793856,-93.63118491
4217,2025-08-11-10-13-35-753,1754925216,4217,2.99591E+12,44.86793845,-93.63117954
4218,2025-08-11-10-13-36-260,1754925216,4218,2.99641E+12,44.86793847,-93.63117433
4219,2025-08-11-10-13-36-766,1754925217,4219,2.99692E+12,44.86793854,-93.63116864
4220,2025-08-11-10-13-37-274,1754925217,4220,2.99743E+12,44.86793847,-93.63116425
4221,2025-08-11-10-13-37-783,1754925218,4221,2.99793E+12,44.86793853,-93.63115936
4222,2025-08-11-10-13-38-287,1754925218,4222,2.99844E+12,44.86793839,-93.63115377
4223,2025-08-11-10-13-38-796,1754925219,4223,2.99895E+12,44.86793834,-93.63114793
4224,2025-08-11-10-13-39-300,1754925219,4224,2.99945E+12,44.86793849,-93.63114193
4225,2025-08-11-10-13-39-810,1754925220,4225,2.99996E+12,44.86793835,-93.63113626
4226,2025-08-11-10-13-40-312,1754925220,4226,3.00047E+12,44.86793829,-93.63113076
4227,2025-08-11-10-13-40-819,1754925221,4227,3.00097E+12,44.86793819,-93.63112428
4228,2025-08-11-10-13-41-326,1754925221,4228,3.00148E+12,44.86793824,-93.6311179
4229,2025-08-11-10-13-41-837,1754925222,4229,3.00199E+12,44.86793846,-93.63111159
4230,2025-08-11-10-13-42-343,1754925222,4230,3.00249E+12,44.8679384,-93.63110526
4231,2025-08-11-10-13-42-846,1754925223,4231,3.003E+12,44.86793836,-93.63109897
4232,2025-08-11-10-13-43-352,1754925223,4232,3.00351E+12,44.86793839,-93.63109263
4233,2025-08-11-10-13-43-858,1754925224,4233,3.00401E+12,44.86793845,-93.63108713
4234,2025-08-11-10-13-44-366,1754925224,4234,3.00452E+12,44.8679385,-93.6310816
4235,2025-08-11-10-13-44-877,1754925225,4235,3.00503E+12,44.86793841,-93.63107487
4236,2025-08-11-10-13-45-379,1754925225,4236,3.00553E+12,44.86793834,-93.63106918
4237,2025-08-11-10-13-45-885,1754925226,4237,3.00604E+12,44.86793845,-93.63106388
4238,2025-08-11-10-13-46-391,1754925226,4238,3.00655E+12,44.86793849,-93.63105864
4239,2025-08-11-10-13-46-899,1754925227,4239,3.00705E+12,44.86793839,-93.63105316
4240,2025-08-11-10-13-47-406,1754925227,4240,3.00756E+12,44.86793844,-93.63104734
4241,2025-08-11-10-13-47-912,1754925228,4241,3.00807E+12,44.86793848,-93.63104153
4242,2025-08-11-10-13-48-419,1754925228,4242,3.00857E+12,44.86793832,-93.63103616
4243,2025-08-11-10-13-48-930,1754925229,4243,3.00908E+12,44.86793854,-93.63103093
4244,2025-08-11-10-13-49-436,1754925229,4244,3.00958E+12,44.86793831,-93.63102562
4245,2025-08-11-10-13-49-939,1754925230,4245,3.01009E+12,44.86793842,-93.63101969
4246,2025-08-11-10-13-50-444,1754925230,4246,3.0106E+12,44.86793819,-93.63101325
4247,2025-08-11-10-13-50-951,1754925231,4247,3.0111E+12,44.86793812,-93.63100727
4248,2025-08-11-10-13-51-457,1754925231,4248,3.01161E+12,44.86793827,-93.63100197
4249,2025-08-11-10-13-51-964,1754925232,4249,3.01212E+12,44.86793833,-93.6309969
4250,2025-08-11-10-13-52-472,1754925232,4250,3.01262E+12,44.86793842,-93.63099094
4251,2025-08-11-10-13-52-977,1754925233,4251,3.01313E+12,44.86793849,-93.63098595
4252,2025-08-11-10-13-53-485,1754925233,4252,3.01364E+12,44.86793852,-93.63098089
4253,2025-08-11-10-13-53-991,1754925234,4253,3.01414E+12,44.8679385,-93.63097551
4254,2025-08-11-10-13-54-498,1754925234,4254,3.01465E+12,44.86793879,-93.63097027
4255,2025-08-11-10-13-55-004,1754925235,4255,3.01516E+12,44.86793889,-93.63096581
4256,2025-08-11-10-13-55-510,1754925236,4256,3.01566E+12,44.86793909,-93.63096246
4257,2025-08-11-10-13-56-018,1754925236,4257,3.01617E+12,44.86793921,-93.63095932
4258,2025-08-11-10-13-56-529,1754925237,4258,3.01668E+12,44.86793925,-93.63095529
4259,2025-08-11-10-13-57-031,1754925237,4259,3.01718E+12,44.86793897,-93.63095053
4260,2025-08-11-10-13-57-541,1754925238,4260,3.01769E+12,44.86793877,-93.63094451
4261,2025-08-11-10-13-58-046,1754925238,4261,3.0182E+12,44.86793904,-93.63093732
4262,2025-08-11-10-13-58-554,1754925239,4262,3.0187E+12,44.86793867,-93.63093042
4263,2025-08-11-10-13-59-060,1754925239,4263,3.01921E+12,44.86793756,-93.63092443
4264,2025-08-11-10-13-59-564,1754925240,4264,3.01972E+12,44.86793558,-93.63091797
4265,2025-08-11-10-14-00-069,1754925240,4265,3.02022E+12,44.86793426,-93.63091325
4266,2025-08-11-10-14-00-576,1754925241,4266,3.02073E+12,44.8679312,-93.63090632
4267,2025-08-11-10-14-01-085,1754925241,4267,3.02124E+12,44.86792812,-93.63089802
4268,2025-08-11-10-14-01-591,1754925242,4268,3.02174E+12,44.86792555,-93.63088804
4269,2025-08-11-10-14-02-097,1754925242,4269,3.02225E+12,44.8679245,-93.6308774
4270,2025-08-11-10-14-02-602,1754925243,4270,3.02276E+12,44.86792595,-93.63086647
4271,2025-08-11-10-14-03-108,1754925243,4271,3.02326E+12,44.86792981,-93.63085705
4272,2025-08-11-10-14-03-617,1754925244,4272,3.02377E+12,44.86793523,-93.63084942
4273,2025-08-11-10-14-04-122,1754925244,4273,3.02428E+12,44.86794195,-93.63084451
4274,2025-08-11-10-14-04-628,1754925245,4274,3.02478E+12,44.86794916,-93.63084214
4275,2025-08-11-10-14-05-135,1754925245,4275,3.02529E+12,44.86795662,-93.63084301
4276,2025-08-11-10-14-05-643,1754925246,4276,3.0258E+12,44.86796352,-93.63084609
4277,2025-08-11-10-14-06-149,1754925246,4277,3.0263E+12,44.86796929,-93.63085176
4278,2025-08-11-10-14-06-656,1754925247,4278,3.02681E+12,44.86797374,-93.63085876
4279,2025-08-11-10-14-07-163,1754925247,4279,3.02732E+12,44.86797701,-93.63086823
4280,2025-08-11-10-14-07-668,1754925248,4280,3.02782E+12,44.8679785,-93.63088106
4281,2025-08-11-10-14-08-175,1754925248,4281,3.02833E+12,44.86797728,-93.63089129
4282,2025-08-11-10-14-08-682,1754925249,4282,3.02884E+12,44.86797492,-93.63090059
4283,2025-08-11-10-14-09-188,1754925249,4283,3.02934E+12,44.86797221,-93.6309086
4284,2025-08-11-10-14-09-696,1754925250,4284,3.02985E+12,44.86797021,-93.6309151
4285,2025-08-11-10-14-10-201,1754925250,4285,3.03036E+12,44.86796902,-93.63092023
4286,2025-08-11-10-14-10-708,1754925251,4286,3.03086E+12,44.86796872,-93.63092323
4287,2025-08-11-10-14-11-214,1754925251,4287,3.03137E+12,44.86796833,-93.63092576
4288,2025-08-11-10-14-11-721,1754925252,4288,3.03187E+12,44.86796779,-93.6309298
4289,2025-08-11-10-14-12-226,1754925252,4289,3.03238E+12,44.86796695,-93.63093508
4290,2025-08-11-10-14-12-735,1754925253,4290,3.03289E+12,44.86796625,-93.63093963
4291,2025-08-11-10-14-13-241,1754925253,4291,3.03339E+12,44.86796583,-93.63094232
4292,2025-08-11-10-14-13-748,1754925254,4292,3.0339E+12,44.86796572,-93.63094423
4293,2025-08-11-10-14-14-255,1754925254,4293,3.03441E+12,44.86796557,-93.63094732
4294,2025-08-11-10-14-14-760,1754925255,4294,3.03491E+12,44.86796543,-93.63095223
4295,2025-08-11-10-14-15-267,1754925255,4295,3.03542E+12,44.86796551,-93.63095944
4296,2025-08-11-10-14-15-773,1754925256,4296,3.03593E+12,44.86796525,-93.63096806
4297,2025-08-11-10-14-16-279,1754925256,4297,3.03643E+12,44.86796522,-93.63097243
4298,2025-08-11-10-14-16-789,1754925257,4298,3.03694E+12,44.86796516,-93.63097404
4299,2025-08-11-10-14-17-292,1754925257,4299,3.03745E+12,44.86796512,-93.63097497
4300,2025-08-11-10-14-17-802,1754925258,4300,3.03795E+12,44.86796517,-93.63097663
4301,2025-08-11-10-14-18-306,1754925258,4301,3.03846E+12,44.86796521,-93.63097851
4302,2025-08-11-10-14-18-814,1754925259,4302,3.03897E+12,44.86796506,-93.63098145
4303,2025-08-11-10-14-19-320,1754925259,4303,3.03947E+12,44.86796498,-93.63098547
4304,2025-08-11-10-14-19-825,1754925260,4304,3.03998E+12,44.86796514,-93.63098918
4305,2025-08-11-10-14-20-332,1754925260,4305,3.04049E+12,44.86796501,-93.63099211
4306,2025-08-11-10-14-20-840,1754925261,4306,3.04099E+12,44.86796497,-93.63099394
4307,2025-08-11-10-14-21-346,1754925261,4307,3.0415E+12,44.86796493,-93.63099529
4308,2025-08-11-10-14-21-853,1754925262,4308,3.04201E+12,44.86796484,-93.63099691
4309,2025-08-11-10-14-22-360,1754925262,4309,3.04251E+12,44.86796473,-93.63099943
4310,2025-08-11-10-14-22-866,1754925263,4310,3.04302E+12,44.86796421,-93.63100527
4311,2025-08-11-10-14-23-378,1754925263,4311,3.04353E+12,44.86796396,-93.63101022
4312,2025-08-11-10-14-23-879,1754925264,4312,3.04403E+12,44.86796357,-93.63101431
4313,2025-08-11-10-14-24-390,1754925264,4313,3.04454E+12,44.86796351,-93.63101695
4314,2025-08-11-10-14-24-892,1754925265,4314,3.04505E+12,44.86796338,-93.63101918
4315,2025-08-11-10-14-25-400,1754925265,4315,3.04555E+12,44.86796346,-93.631022
4316,2025-08-11-10-14-25-905,1754925266,4316,3.04606E+12,44.86796356,-93.63102569
4317,2025-08-11-10-14-26-416,1754925266,4317,3.04657E+12,44.86796353,-93.63102996
4318,2025-08-11-10-14-26-923,1754925267,4318,3.04707E+12,44.8679636,-93.63103541
4319,2025-08-11-10-14-27-426,1754925267,4319,3.04758E+12,44.86796362,-93.63104138
4320,2025-08-11-10-14-27-936,1754925268,4320,3.04809E+12,44.8679636,-93.63104652
4321,2025-08-11-10-14-28-442,1754925268,4321,3.04859E+12,44.8679637,-93.63105017
4322,2025-08-11-10-14-28-947,1754925269,4322,3.0491E+12,44.86796383,-93.63105333
4323,2025-08-11-10-14-29-457,1754925269,4323,3.04961E+12,44.86796377,-93.6310563
4324,2025-08-11-10-14-29-962,1754925270,4324,3.05011E+12,44.86796371,-93.63105939
4325,2025-08-11-10-14-30-465,1754925270,4325,3.05062E+12,44.86796383,-93.63106308
4326,2025-08-11-10-14-30-972,1754925271,4326,3.05112E+12,44.86796385,-93.63106811
4327,2025-08-11-10-14-31-476,1754925271,4327,3.05163E+12,44.86796385,-93.63107359
4328,2025-08-11-10-14-31-988,1754925272,4328,3.05214E+12,44.86796387,-93.63107887
4329,2025-08-11-10-14-32-494,1754925272,4329,3.05264E+12,44.86796394,-93.63108303
4330,2025-08-11-10-14-33-001,1754925273,4330,3.05315E+12,44.86796385,-93.63108665
4331,2025-08-11-10-14-33-508,1754925274,4331,3.05366E+12,44.86796388,-93.63109086
4332,2025-08-11-10-14-34-014,1754925274,4332,3.05416E+12,44.86796385,-93.63109618
4333,2025-08-11-10-14-34-522,1754925275,4333,3.05467E+12,44.86796407,-93.63110129
4334,2025-08-11-10-14-35-025,1754925275,4334,3.05518E+12,44.86796394,-93.63110594
4335,2025-08-11-10-14-35-531,1754925276,4335,3.05568E+12,44.86796383,-93.63110945
4336,2025-08-11-10-14-36-039,1754925276,4336,3.05619E+12,44.86796386,-93.63111235
4337,2025-08-11-10-14-36-544,1754925277,4337,3.0567E+12,44.86796382,-93.63111502
4338,2025-08-11-10-14-37-050,1754925277,4338,3.0572E+12,44.86796364,-93.63111896
4339,2025-08-11-10-14-37-557,1754925278,4339,3.05771E+12,44.86796362,-93.63112409
4340,2025-08-11-10-14-38-065,1754925278,4340,3.05822E+12,44.86796346,-93.63112914
4341,2025-08-11-10-14-38-570,1754925279,4341,3.05872E+12,44.86796321,-93.63113443
4342,2025-08-11-10-14-39-076,1754925279,4342,3.05923E+12,44.86796299,-93.63113885
4343,2025-08-11-10-14-39-584,1754925280,4343,3.05974E+12,44.86796309,-93.63114312
4344,2025-08-11-10-14-40-090,1754925280,4344,3.06024E+12,44.86796315,-93.63114758
4345,2025-08-11-10-14-40-597,1754925281,4345,3.06075E+12,44.86796341,-93.63115207
4346,2025-08-11-10-14-41-104,1754925281,4346,3.06126E+12,44.86796347,-93.63115661
4347,2025-08-11-10-14-41-608,1754925282,4347,3.06176E+12,44.86796361,-93.63116109
4348,2025-08-11-10-14-42-117,1754925282,4348,3.06227E+12,44.8679636,-93.63116514
4349,2025-08-11-10-14-42-624,1754925283,4349,3.06278E+12,44.86796365,-93.63116833
4350,2025-08-11-10-14-43-131,1754925283,4350,3.06328E+12,44.86796375,-93.63117133
4351,2025-08-11-10-14-43-636,1754925284,4351,3.06379E+12,44.86796397,-93.63117435
4352,2025-08-11-10-14-44-144,1754925284,4352,3.0643E+12,44.867964,-93.63117735
4353,2025-08-11-10-14-44-649,1754925285,4353,3.0648E+12,44.86796397,-93.631181
4354,2025-08-11-10-14-45-156,1754925285,4354,3.06531E+12,44.86796389,-93.63118552
4355,2025-08-11-10-14-45-663,1754925286,4355,3.06582E+12,44.86796388,-93.63119067
4356,2025-08-11-10-14-46-169,1754925286,4356,3.06632E+12,44.86796394,-93.63119577
4357,2025-08-11-10-14-46-678,1754925287,4357,3.06683E+12,44.86796404,-93.63119928
4358,2025-08-11-10-14-47-182,1754925287,4358,3.06734E+12,44.86796412,-93.63120203
4359,2025-08-11-10-14-47-689,1754925288,4359,3.06784E+12,44.86796416,-93.63120475
4360,2025-08-11-10-14-48-197,1754925288,4360,3.06835E+12,44.86796411,-93.63120834
4361,2025-08-11-10-14-48-702,1754925289,4361,3.06886E+12,44.86796399,-93.63121293
4362,2025-08-11-10-14-49-213,1754925289,4362,3.06936E+12,44.8679641,-93.63121726
4363,2025-08-11-10-14-49-719,1754925290,4363,3.06987E+12,44.86796402,-93.63122063
4364,2025-08-11-10-14-50-224,1754925290,4364,3.07038E+12,44.86796406,-93.63122291
4365,2025-08-11-10-14-50-729,1754925291,4365,3.07088E+12,44.86796415,-93.63122509
4366,2025-08-11-10-14-51-239,1754925291,4366,3.07139E+12,44.86796425,-93.63122825
4367,2025-08-11-10-14-51-742,1754925292,4367,3.0719E+12,44.86796435,-93.63123271
4368,2025-08-11-10-14-52-249,1754925292,4368,3.0724E+12,44.86796431,-93.631238
4369,2025-08-11-10-14-52-755,1754925293,4369,3.07291E+12,44.86796438,-93.63124331
4370,2025-08-11-10-14-53-260,1754925293,4370,3.07342E+12,44.86796426,-93.63124874
4371,2025-08-11-10-14-53-768,1754925294,4371,3.07392E+12,44.86796452,-93.63125308
4372,2025-08-11-10-14-54-275,1754925294,4372,3.07443E+12,44.86796454,-93.63125748
4373,2025-08-11-10-14-54-782,1754925295,4373,3.07494E+12,44.86796463,-93.63126213
4374,2025-08-11-10-14-55-287,1754925295,4374,3.07544E+12,44.86796473,-93.63126683
4375,2025-08-11-10-14-55-793,1754925296,4375,3.07595E+12,44.86796493,-93.63127164
4376,2025-08-11-10-14-56-301,1754925296,4376,3.07646E+12,44.86796486,-93.63127653
4377,2025-08-11-10-14-56-808,1754925297,4377,3.07696E+12,44.86796489,-93.63128158
4378,2025-08-11-10-14-57-316,1754925297,4378,3.07747E+12,44.8679647,-93.63128687
4379,2025-08-11-10-14-57-820,1754925298,4379,3.07798E+12,44.86796479,-93.63129225
4380,2025-08-11-10-14-58-331,1754925298,4380,3.07848E+12,44.86796482,-93.63129727
4381,2025-08-11-10-14-58-839,1754925299,4381,3.07899E+12,44.86796487,-93.63130215
4382,2025-08-11-10-14-59-347,1754925299,4382,3.07949E+12,44.86796492,-93.63130702
4383,2025-08-11-10-14-59-848,1754925300,4383,3.08E+12,44.86796489,-93.63131195
4384,2025-08-11-10-15-00-354,1754925300,4384,3.08051E+12,44.86796481,-93.63131627
4385,2025-08-11-10-15-00-861,1754925301,4385,3.08101E+12,44.8679648,-93.63132098
4386,2025-08-11-10-15-01-368,1754925301,4386,3.08152E+12,44.86796468,-93.63132444
4387,2025-08-11-10-15-01-874,1754925302,4387,3.08203E+12,44.86796462,-93.63132795
4388,2025-08-11-10-15-02-381,1754925302,4388,3.08253E+12,44.86796465,-93.63133132
4389,2025-08-11-10-15-02-887,1754925303,4389,3.08304E+12,44.86796457,-93.63133428
4390,2025-08-11-10-15-03-398,1754925303,4390,3.08355E+12,44.86796449,-93.63133736
4391,2025-08-11-10-15-03-902,1754925304,4391,3.08405E+12,44.86796454,-93.63134013
4392,2025-08-11-10-15-04-406,1754925304,4392,3.08456E+12,44.86796455,-93.6313423
4393,2025-08-11-10-15-04-914,1754925305,4393,3.08507E+12,44.86796447,-93.63134427
4394,2025-08-11-10-15-05-424,1754925305,4394,3.08557E+12,44.86796437,-93.63134722
4395,2025-08-11-10-15-05-933,1754925306,4395,3.08608E+12,44.86796444,-93.63135191
4396,2025-08-11-10-15-06-433,1754925306,4396,3.08659E+12,44.86796449,-93.6313563
4397,2025-08-11-10-15-06-940,1754925307,4397,3.08709E+12,44.86796456,-93.63136058
4398,2025-08-11-10-15-07-446,1754925307,4398,3.0876E+12,44.86796449,-93.63136445
4399,2025-08-11-10-15-07-953,1754925308,4399,3.08811E+12,44.86796442,-93.6313674
4400,2025-08-11-10-15-08-460,1754925308,4400,3.08861E+12,44.86796455,-93.63136976
4401,2025-08-11-10-15-08-965,1754925309,4401,3.08912E+12,44.86796454,-93.63137144
4402,2025-08-11-10-15-09-474,1754925309,4402,3.08963E+12,44.8679644,-93.63137511
4403,2025-08-11-10-15-09-979,1754925310,4403,3.09013E+12,44.86796451,-93.63138003
4404,2025-08-11-10-15-10-486,1754925310,4404,3.09064E+12,44.86796437,-93.63138504
4405,2025-08-11-10-15-10-992,1754925311,4405,3.09115E+12,44.86796446,-93.63138917
4406,2025-08-11-10-15-11-498,1754925311,4406,3.09165E+12,44.86796444,-93.63139171
4407,2025-08-11-10-15-12-006,1754925312,4407,3.09216E+12,44.86796433,-93.63139251
4408,2025-08-11-10-15-12-511,1754925313,4408,3.09267E+12,44.86796427,-93.63139343
4409,2025-08-11-10-15-13-019,1754925313,4409,3.09317E+12,44.86796422,-93.63139526
4410,2025-08-11-10-15-13-527,1754925314,4410,3.09368E+12,44.86796426,-93.63139842
4411,2025-08-11-10-15-14-031,1754925314,4411,3.09419E+12,44.86796413,-93.63140294
4412,2025-08-11-10-15-14-539,1754925315,4412,3.09469E+12,44.86796417,-93.63140826
4413,2025-08-11-10-15-15-044,1754925315,4413,3.0952E+12,44.86796389,-93.63141386
4414,2025-08-11-10-15-15-553,1754925316,4414,3.09571E+12,44.8679639,-93.63141858
4415,2025-08-11-10-15-16-057,1754925316,4415,3.09621E+12,44.86796402,-93.6314223
4416,2025-08-11-10-15-16-565,1754925317,4416,3.09672E+12,44.86796406,-93.63142461
4417,2025-08-11-10-15-17-071,1754925317,4417,3.09723E+12,44.86796405,-93.63142471
4418,2025-08-11-10-15-17-577,1754925318,4418,3.09773E+12,44.86796406,-93.63142497
4419,2025-08-11-10-15-18-084,1754925318,4419,3.09824E+12,44.86796407,-93.63142679
4420,2025-08-11-10-15-18-590,1754925319,4420,3.09875E+12,44.86796392,-93.63143047
4421,2025-08-11-10-15-19-098,1754925319,4421,3.09925E+12,44.86796381,-93.63143525
4422,2025-08-11-10-15-19-604,1754925320,4422,3.09976E+12,44.86796367,-93.63144079
4423,2025-08-11-10-15-20-111,1754925320,4423,3.10027E+12,44.86796378,-93.63144659
4424,2025-08-11-10-15-20-618,1754925321,4424,3.10077E+12,44.86796393,-93.63145156
4425,2025-08-11-10-15-21-125,1754925321,4425,3.10128E+12,44.86796383,-93.63145539
4426,2025-08-11-10-15-21-630,1754925322,4426,3.10179E+12,44.86796393,-93.63145837
4427,2025-08-11-10-15-22-137,1754925322,4427,3.10229E+12,44.86796385,-93.63146147
4428,2025-08-11-10-15-22-645,1754925323,4428,3.1028E+12,44.86796385,-93.63146533
4429,2025-08-11-10-15-23-150,1754925323,4429,3.10331E+12,44.86796366,-93.63146974
4430,2025-08-11-10-15-23-657,1754925324,4430,3.10381E+12,44.86796377,-93.6314751
4431,2025-08-11-10-15-24-164,1754925324,4431,3.10432E+12,44.86796374,-93.63148198
4432,2025-08-11-10-15-24-670,1754925325,4432,3.10483E+12,44.86796384,-93.63148719
4433,2025-08-11-10-15-25-178,1754925325,4433,3.10533E+12,44.86796376,-93.63149104
4434,2025-08-11-10-15-25-683,1754925326,4434,3.10584E+12,44.86796379,-93.63149387
4435,2025-08-11-10-15-26-191,1754925326,4435,3.10634E+12,44.86796387,-93.63149675
4436,2025-08-11-10-15-26-696,1754925327,4436,3.10685E+12,44.86796387,-93.63150051
4437,2025-08-11-10-15-27-201,1754925327,4437,3.10736E+12,44.8679639,-93.63150545
4438,2025-08-11-10-15-27-712,1754925328,4438,3.10786E+12,44.86796375,-93.63151149
4439,2025-08-11-10-15-28-216,1754925328,4439,3.10837E+12,44.86796367,-93.63151775
4440,2025-08-11-10-15-28-725,1754925329,4440,3.10888E+12,44.86796367,-93.63152327
4441,2025-08-11-10-15-29-231,1754925329,4441,3.10938E+12,44.86796379,-93.63152801
4442,2025-08-11-10-15-29-736,1754925330,4442,3.10989E+12,44.86796376,-93.63153179
4443,2025-08-11-10-15-30-243,1754925330,4443,3.1104E+12,44.86796372,-93.63153493
4444,2025-08-11-10-15-30-748,1754925331,4444,3.1109E+12,44.86796376,-93.63153807
4445,2025-08-11-10-15-31-257,1754925331,4445,3.11141E+12,44.86796369,-93.63154166
4446,2025-08-11-10-15-31-764,1754925332,4446,3.11192E+12,44.86796363,-93.63154639
4447,2025-08-11-10-15-32-271,1754925332,4447,3.11242E+12,44.86796357,-93.63155333
4448,2025-08-11-10-15-32-776,1754925333,4448,3.11293E+12,44.86796356,-93.63155976
4449,2025-08-11-10-15-33-283,1754925333,4449,3.11344E+12,44.86796361,-93.63156663
4450,2025-08-11-10-15-33-790,1754925334,4450,3.11394E+12,44.86796342,-93.63157354
4451,2025-08-11-10-15-34-296,1754925334,4451,3.11445E+12,44.86796337,-93.63158009
4452,2025-08-11-10-15-34-803,1754925335,4452,3.11496E+12,44.86796347,-93.63158573
4453,2025-08-11-10-15-35-310,1754925335,4453,3.11546E+12,44.86796341,-93.63158977
4454,2025-08-11-10-15-35-817,1754925336,4454,3.11597E+12,44.86796346,-93.63159306
4455,2025-08-11-10-15-36-323,1754925336,4455,3.11648E+12,44.86796339,-93.63159606
4456,2025-08-11-10-15-36-829,1754925337,4456,3.11698E+12,44.86796335,-93.63159847
4457,2025-08-11-10-15-37-337,1754925337,4457,3.11749E+12,44.86796328,-93.63160155
4458,2025-08-11-10-15-37-842,1754925338,4458,3.118E+12,44.86796331,-93.63160513
4459,2025-08-11-10-15-38-352,1754925338,4459,3.1185E+12,44.86796328,-93.63160887
4460,2025-08-11-10-15-38-856,1754925339,4460,3.11901E+12,44.86796332,-93.63161231
4461,2025-08-11-10-15-39-362,1754925339,4461,3.11952E+12,44.8679634,-93.6316157
4462,2025-08-11-10-15-39-875,1754925340,4462,3.12002E+12,44.86796337,-93.63161916
4463,2025-08-11-10-15-40-380,1754925340,4463,3.12053E+12,44.86796336,-93.63162272
4464,2025-08-11-10-15-40-882,1754925341,4464,3.12104E+12,44.86796324,-93.63162655
4465,2025-08-11-10-15-41-387,1754925341,4465,3.12154E+12,44.86796335,-93.63163086
4466,2025-08-11-10-15-41-895,1754925342,4466,3.12205E+12,44.86796348,-93.6316351
4467,2025-08-11-10-15-42-402,1754925342,4467,3.12256E+12,44.86796346,-93.63163914
4468,2025-08-11-10-15-42-908,1754925343,4468,3.12306E+12,44.86796357,-93.63164248
4469,2025-08-11-10-15-43-416,1754925343,4469,3.12357E+12,44.86796362,-93.63164527
4470,2025-08-11-10-15-43-922,1754925344,4470,3.12408E+12,44.86796354,-93.63164714
4471,2025-08-11-10-15-44-428,1754925344,4471,3.12458E+12,44.86796355,-93.63164924
4472,2025-08-11-10-15-44-934,1754925345,4472,3.12509E+12,44.86796353,-93.63165192
4473,2025-08-11-10-15-45-442,1754925345,4473,3.1256E+12,44.86796351,-93.63165462
4474,2025-08-11-10-15-45-947,1754925346,4474,3.1261E+12,44.86796357,-93.63165731
4475,2025-08-11-10-15-46-457,1754925346,4475,3.12661E+12,44.86796365,-93.63166045
4476,2025-08-11-10-15-46-962,1754925347,4476,3.12712E+12,44.86796368,-93.63166361
4477,2025-08-11-10-15-47-469,1754925347,4477,3.12762E+12,44.86796378,-93.63166768
4478,2025-08-11-10-15-47-974,1754925348,4478,3.12813E+12,44.86796394,-93.63167165
4479,2025-08-11-10-15-48-481,1754925348,4479,3.12864E+12,44.86796379,-93.63167536
4480,2025-08-11-10-15-48-988,1754925349,4480,3.12914E+12,44.86796385,-93.63167851
4481,2025-08-11-10-15-49-495,1754925349,4481,3.12965E+12,44.86796385,-93.63168133
4482,2025-08-11-10-15-50-001,1754925350,4482,3.13016E+12,44.86796393,-93.63168388
4483,2025-08-11-10-15-50-508,1754925351,4483,3.13066E+12,44.86796389,-93.63168611
4484,2025-08-11-10-15-51-015,1754925351,4484,3.13117E+12,44.86796381,-93.63168823
4485,2025-08-11-10-15-51-522,1754925352,4485,3.13168E+12,44.86796392,-93.63169117
4486,2025-08-11-10-15-52-028,1754925352,4486,3.13218E+12,44.86796383,-93.63169495
4487,2025-08-11-10-15-52-534,1754925353,4487,3.13269E+12,44.867964,-93.63169926
4488,2025-08-11-10-15-53-042,1754925353,4488,3.1332E+12,44.86796388,-93.63170335
4489,2025-08-11-10-15-53-544,1754925354,4489,3.1337E+12,44.86796398,-93.63170699
4490,2025-08-11-10-15-54-055,1754925354,4490,3.13421E+12,44.86796404,-93.63171041
4491,2025-08-11-10-15-54-560,1754925355,4491,3.13472E+12,44.86796422,-93.63171391
4492,2025-08-11-10-15-55-068,1754925355,4492,3.13522E+12,44.86796396,-93.63171727
4493,2025-08-11-10-15-55-574,1754925356,4493,3.13573E+12,44.86796414,-93.63172137
4494,2025-08-11-10-15-56-080,1754925356,4494,3.13624E+12,44.8679641,-93.63172519
4495,2025-08-11-10-15-56-588,1754925357,4495,3.13674E+12,44.86796402,-93.63172895
4496,2025-08-11-10-15-57-098,1754925357,4496,3.13725E+12,44.86796411,-93.63173274
4497,2025-08-11-10-15-57-600,1754925358,4497,3.13776E+12,44.86796426,-93.63173671
4498,2025-08-11-10-15-58-105,1754925358,4498,3.13826E+12,44.86796428,-93.63174039
4499,2025-08-11-10-15-58-615,1754925359,4499,3.13877E+12,44.86796422,-93.63174416
4500,2025-08-11-10-15-59-121,1754925359,4500,3.13928E+12,44.86796415,-93.63174704
4501,2025-08-11-10-15-59-631,1754925360,4501,3.13978E+12,44.86796421,-93.63174976
4502,2025-08-11-10-16-00-133,1754925360,4502,3.14029E+12,44.86796416,-93.6317525
4503,2025-08-11-10-16-00-640,1754925361,4503,3.1408E+12,44.86796431,-93.63175537
4504,2025-08-11-10-16-01-147,1754925361,4504,3.1413E+12,44.86796444,-93.63175921
4505,2025-08-11-10-16-01-652,1754925362,4505,3.14181E+12,44.86796443,-93.63176394
4506,2025-08-11-10-16-02-159,1754925362,4506,3.14231E+12,44.86796452,-93.63176922
4507,2025-08-11-10-16-02-666,1754925363,4507,3.14282E+12,44.86796445,-93.63177511
4508,2025-08-11-10-16-03-172,1754925363,4508,3.14333E+12,44.86796442,-93.63178178
4509,2025-08-11-10-16-03-679,1754925364,4509,3.14383E+12,44.86796457,-93.63178666
4510,2025-08-11-10-16-04-188,1754925364,4510,3.14434E+12,44.86796445,-93.63179123
4511,2025-08-11-10-16-04-693,1754925365,4511,3.14485E+12,44.86796432,-93.63179483
4512,2025-08-11-10-16-05-200,1754925365,4512,3.14535E+12,44.86796456,-93.63179752
4513,2025-08-11-10-16-05-707,1754925366,4513,3.14586E+12,44.86796459,-93.63180028
4514,2025-08-11-10-16-06-212,1754925366,4514,3.14637E+12,44.86796456,-93.63180316
4515,2025-08-11-10-16-06-718,1754925367,4515,3.14687E+12,44.86796459,-93.63180599
4516,2025-08-11-10-16-07-227,1754925367,4516,3.14738E+12,44.86796459,-93.63180804
4517,2025-08-11-10-16-07-733,1754925368,4517,3.14789E+12,44.86796454,-93.63180979
4518,2025-08-11-10-16-08-238,1754925368,4518,3.14839E+12,44.86796451,-93.63181277
4519,2025-08-11-10-16-08-745,1754925369,4519,3.1489E+12,44.86796445,-93.63181689
4520,2025-08-11-10-16-09-252,1754925369,4520,3.14941E+12,44.86796441,-93.63182148
4521,2025-08-11-10-16-09-763,1754925370,4521,3.14991E+12,44.86796471,-93.63182583
4522,2025-08-11-10-16-10-265,1754925370,4522,3.15042E+12,44.86796465,-93.63182974
4523,2025-08-11-10-16-10-771,1754925371,4523,3.15093E+12,44.86796462,-93.63183373
4524,2025-08-11-10-16-11-278,1754925371,4524,3.15143E+12,44.8679646,-93.63183676
4525,2025-08-11-10-16-11-785,1754925372,4525,3.15194E+12,44.86796463,-93.63183961
4526,2025-08-11-10-16-12-293,1754925372,4526,3.15245E+12,44.86796468,-93.63184346
4527,2025-08-11-10-16-12-799,1754925373,4527,3.15295E+12,44.86796474,-93.63184814
4528,2025-08-11-10-16-13-306,1754925373,4528,3.15346E+12,44.86796482,-93.6318531
4529,2025-08-11-10-16-13-812,1754925374,4529,3.15397E+12,44.86796468,-93.63185808
4530,2025-08-11-10-16-14-320,1754925374,4530,3.15447E+12,44.86796469,-93.63186277
4531,2025-08-11-10-16-14-825,1754925375,4531,3.15498E+12,44.86796465,-93.63186709
4532,2025-08-11-10-16-15-336,1754925375,4532,3.15549E+12,44.86796465,-93.63187163
4533,2025-08-11-10-16-15-842,1754925376,4533,3.15599E+12,44.86796469,-93.63187575
4534,2025-08-11-10-16-16-346,1754925376,4534,3.1565E+12,44.86796466,-93.63187964
4535,2025-08-11-10-16-16-853,1754925377,4535,3.15701E+12,44.86796465,-93.63188391
4536,2025-08-11-10-16-17-359,1754925377,4536,3.15751E+12,44.86796478,-93.63188818
4537,2025-08-11-10-16-17-865,1754925378,4537,3.15802E+12,44.86796477,-93.63189328
4538,2025-08-11-10-16-18-372,1754925378,4538,3.15853E+12,44.86796466,-93.63189775
4539,2025-08-11-10-16-18-877,1754925379,4539,3.15903E+12,44.86796475,-93.63190267
4540,2025-08-11-10-16-19-385,1754925379,4540,3.15954E+12,44.86796485,-93.63190751
4541,2025-08-11-10-16-19-888,1754925380,4541,3.16005E+12,44.86796467,-93.63191269
4542,2025-08-11-10-16-20-397,1754925380,4542,3.16055E+12,44.86796472,-93.6319181
4543,2025-08-11-10-16-20-903,1754925381,4543,3.16106E+12,44.86796472,-93.63192384
4544,2025-08-11-10-16-21-412,1754925381,4544,3.16157E+12,44.86796466,-93.63192963
4545,2025-08-11-10-16-21-917,1754925382,4545,3.16207E+12,44.86796479,-93.63193456
4546,2025-08-11-10-16-22-424,1754925382,4546,3.16258E+12,44.86796457,-93.63193896
4547,2025-08-11-10-16-22-934,1754925383,4547,3.16309E+12,44.86796454,-93.63194239
4548,2025-08-11-10-16-23-438,1754925383,4548,3.16359E+12,44.86796447,-93.63194653
4549,2025-08-11-10-16-23-945,1754925384,4549,3.1641E+12,44.86796448,-93.63195181
4550,2025-08-11-10-16-24-450,1754925384,4550,3.16461E+12,44.86796445,-93.63195778
4551,2025-08-11-10-16-24-957,1754925385,4551,3.16511E+12,44.86796448,-93.63196343
4552,2025-08-11-10-16-25-464,1754925385,4552,3.16562E+12,44.86796435,-93.63197036
4553,2025-08-11-10-16-25-971,1754925386,4553,3.16613E+12,44.86796425,-93.63197555
4554,2025-08-11-10-16-26-478,1754925386,4554,3.16663E+12,44.86796437,-93.63198086
4555,2025-08-11-10-16-26-983,1754925387,4555,3.16714E+12,44.86796433,-93.6319857
4556,2025-08-11-10-16-27-492,1754925387,4556,3.16765E+12,44.86796442,-93.63199023
4557,2025-08-11-10-16-27-998,1754925388,4557,3.16815E+12,44.86796455,-93.63199443
4558,2025-08-11-10-16-28-504,1754925389,4558,3.16866E+12,44.86796452,-93.63199829
4559,2025-08-11-10-16-29-009,1754925389,4559,3.16917E+12,44.86796454,-93.6320024
4560,2025-08-11-10-16-29-515,1754925390,4560,3.16967E+12,44.86796455,-93.63200654
4561,2025-08-11-10-16-30-027,1754925390,4561,3.17018E+12,44.86796447,-93.63201083
4562,2025-08-11-10-16-30-529,1754925391,4562,3.17068E+12,44.86796432,-93.63201474
4563,2025-08-11-10-16-31-037,1754925391,4563,3.17119E+12,44.86796462,-93.63201877
4564,2025-08-11-10-16-31-546,1754925392,4564,3.1717E+12,44.86796471,-93.632023
4565,2025-08-11-10-16-32-053,1754925392,4565,3.1722E+12,44.86796454,-93.6320269
4566,2025-08-11-10-16-32-557,1754925393,4566,3.17271E+12,44.86796483,-93.63203088
4567,2025-08-11-10-16-33-062,1754925393,4567,3.17322E+12,44.86796467,-93.63203526
4568,2025-08-11-10-16-33-572,1754925394,4568,3.17372E+12,44.86796468,-93.63204051
4569,2025-08-11-10-16-34-076,1754925394,4569,3.17423E+12,44.86796475,-93.6320444
4570,2025-08-11-10-16-34-583,1754925395,4570,3.17474E+12,44.86796474,-93.63204833
4571,2025-08-11-10-16-35-090,1754925395,4571,3.17524E+12,44.86796467,-93.63205223
4572,2025-08-11-10-16-35-595,1754925396,4572,3.17575E+12,44.86796484,-93.63205587
4573,2025-08-11-10-16-36-104,1754925396,4573,3.17626E+12,44.86796492,-93.63205884
4574,2025-08-11-10-16-36-608,1754925397,4574,3.17676E+12,44.86796478,-93.63206194
4575,2025-08-11-10-16-37-116,1754925397,4575,3.17727E+12,44.86796477,-93.63206604
4576,2025-08-11-10-16-37-623,1754925398,4576,3.17778E+12,44.86796496,-93.63207088
4577,2025-08-11-10-16-38-134,1754925398,4577,3.17828E+12,44.86796477,-93.63207547
4578,2025-08-11-10-16-38-635,1754925399,4578,3.17879E+12,44.86796469,-93.63208052
4579,2025-08-11-10-16-39-140,1754925399,4579,3.1793E+12,44.86796485,-93.63208538
4580,2025-08-11-10-16-39-649,1754925400,4580,3.1798E+12,44.86796469,-93.63208999
4581,2025-08-11-10-16-40-154,1754925400,4581,3.18031E+12,44.86796471,-93.63209455
4582,2025-08-11-10-16-40-660,1754925401,4582,3.18082E+12,44.86796484,-93.63209903
4583,2025-08-11-10-16-41-167,1754925401,4583,3.18132E+12,44.86796472,-93.63210378
4584,2025-08-11-10-16-41-675,1754925402,4584,3.18183E+12,44.86796464,-93.63210716
4585,2025-08-11-10-16-42-182,1754925402,4585,3.18234E+12,44.8679647,-93.63211033
4586,2025-08-11-10-16-42-687,1754925403,4586,3.18284E+12,44.86796468,-93.63211318
4587,2025-08-11-10-16-43-193,1754925403,4587,3.18335E+12,44.86796453,-93.63211641
4588,2025-08-11-10-16-43-700,1754925404,4588,3.18386E+12,44.86796461,-93.63212
4589,2025-08-11-10-16-44-206,1754925404,4589,3.18436E+12,44.8679646,-93.63212433
4590,2025-08-11-10-16-44-712,1754925405,4590,3.18487E+12,44.86796468,-93.63212895
4591,2025-08-11-10-16-45-219,1754925405,4591,3.18538E+12,44.86796457,-93.63213364
4592,2025-08-11-10-16-45-726,1754925406,4592,3.18588E+12,44.86796472,-93.63213823
4593,2025-08-11-10-16-46-229,1754925406,4593,3.18639E+12,44.86796458,-93.63214244
4594,2025-08-11-10-16-46-740,1754925407,4594,3.18689E+12,44.86796452,-93.63214664
4595,2025-08-11-10-16-47-245,1754925407,4595,3.1874E+12,44.86796452,-93.63215032
4596,2025-08-11-10-16-47-753,1754925408,4596,3.18791E+12,44.86796444,-93.63215387
4597,2025-08-11-10-16-48-260,1754925408,4597,3.18841E+12,44.86796445,-93.63215652
4598,2025-08-11-10-16-48-766,1754925409,4598,3.18892E+12,44.86796444,-93.6321582
4599,2025-08-11-10-16-49-273,1754925409,4599,3.18943E+12,44.86796429,-93.63215987
4600,2025-08-11-10-16-49-778,1754925410,4600,3.18993E+12,44.8679642,-93.63216289
4601,2025-08-11-10-16-50-289,1754925410,4601,3.19044E+12,44.86796423,-93.63216663
4602,2025-08-11-10-16-50-794,1754925411,4602,3.19095E+12,44.86796422,-93.63217107
4603,2025-08-11-10-16-51-298,1754925411,4603,3.19145E+12,44.86796444,-93.63217696
4604,2025-08-11-10-16-51-805,1754925412,4604,3.19196E+12,44.86796446,-93.63218371
4605,2025-08-11-10-16-52-316,1754925412,4605,3.19247E+12,44.86796422,-93.63219061
4606,2025-08-11-10-16-52-818,1754925413,4606,3.19297E+12,44.86796401,-93.63219675
4607,2025-08-11-10-16-53-326,1754925413,4607,3.19348E+12,44.86796419,-93.63220139
4608,2025-08-11-10-16-53-831,1754925414,4608,3.19399E+12,44.86796432,-93.63220536
4609,2025-08-11-10-16-54-338,1754925414,4609,3.19449E+12,44.86796417,-93.63220883
4610,2025-08-11-10-16-54-844,1754925415,4610,3.195E+12,44.86796431,-93.63221179
4611,2025-08-11-10-16-55-351,1754925415,4611,3.19551E+12,44.86796427,-93.63221451
4612,2025-08-11-10-16-55-858,1754925416,4612,3.19601E+12,44.86796427,-93.63221803
4613,2025-08-11-10-16-56-364,1754925416,4613,3.19652E+12,44.86796404,-93.6322219
4614,2025-08-11-10-16-56-870,1754925417,4614,3.19703E+12,44.86796401,-93.63222787
4615,2025-08-11-10-16-57-375,1754925417,4615,3.19753E+12,44.86796406,-93.63223233
4616,2025-08-11-10-16-57-884,1754925418,4616,3.19804E+12,44.86796378,-93.63223571
4617,2025-08-11-10-16-58-391,1754925418,4617,3.19855E+12,44.86796377,-93.63223845
4618,2025-08-11-10-16-58-898,1754925419,4618,3.19905E+12,44.86796387,-93.63223999
4619,2025-08-11-10-16-59-404,1754925419,4619,3.19956E+12,44.8679639,-93.63224058
4620,2025-08-11-10-16-59-915,1754925420,4620,3.20007E+12,44.86796394,-93.63224161
4621,2025-08-11-10-17-00-417,1754925420,4621,3.20057E+12,44.86796392,-93.63224404
4622,2025-08-11-10-17-00-923,1754925421,4622,3.20108E+12,44.86796399,-93.63224784
4623,2025-08-11-10-17-01-430,1754925421,4623,3.20159E+12,44.86796403,-93.63225191
4624,2025-08-11-10-17-01-937,1754925422,4624,3.20209E+12,44.86796411,-93.63225648
4625,2025-08-11-10-17-02-443,1754925422,4625,3.2026E+12,44.86796404,-93.63226099
4626,2025-08-11-10-17-02-950,1754925423,4626,3.20311E+12,44.86796413,-93.63226493
4627,2025-08-11-10-17-03-455,1754925423,4627,3.20361E+12,44.8679642,-93.63226876
4628,2025-08-11-10-17-03-963,1754925424,4628,3.20412E+12,44.86796402,-93.63227339
4629,2025-08-11-10-17-04-469,1754925424,4629,3.20463E+12,44.8679641,-93.63227719
4630,2025-08-11-10-17-04-978,1754925425,4630,3.20513E+12,44.86796412,-93.63228175
4631,2025-08-11-10-17-05-484,1754925425,4631,3.20564E+12,44.86796395,-93.63228658
4632,2025-08-11-10-17-05-991,1754925426,4632,3.20615E+12,44.86796399,-93.63229208
4633,2025-08-11-10-17-06-497,1754925426,4633,3.20665E+12,44.86796406,-93.63229713
4634,2025-08-11-10-17-07-002,1754925427,4634,3.20716E+12,44.86796386,-93.63230245
4635,2025-08-11-10-17-07-508,1754925428,4635,3.20766E+12,44.86796392,-93.63230738
4636,2025-08-11-10-17-08-016,1754925428,4636,3.20817E+12,44.86796371,-93.63231301
4637,2025-08-11-10-17-08-524,1754925429,4637,3.20868E+12,44.86796386,-93.6323182
4638,2025-08-11-10-17-09-030,1754925429,4638,3.20918E+12,44.86796378,-93.63232334
4639,2025-08-11-10-17-09-536,1754925430,4639,3.20969E+12,44.867964,-93.63232791
4640,2025-08-11-10-17-10-042,1754925430,4640,3.2102E+12,44.86796384,-93.632332
4641,2025-08-11-10-17-10-549,1754925431,4641,3.2107E+12,44.8679639,-93.6323357
4642,2025-08-11-10-17-11-056,1754925431,4642,3.21121E+12,44.86796388,-93.63234012
4643,2025-08-11-10-17-11-562,1754925432,4643,3.21172E+12,44.86796388,-93.63234476
4644,2025-08-11-10-17-12-068,1754925432,4644,3.21222E+12,44.86796388,-93.63234957
4645,2025-08-11-10-17-12-573,1754925433,4645,3.21273E+12,44.86796398,-93.63235575
4646,2025-08-11-10-17-13-082,1754925433,4646,3.21324E+12,44.86796407,-93.63236185
4647,2025-08-11-10-17-13-590,1754925434,4647,3.21374E+12,44.86796401,-93.6323689
4648,2025-08-11-10-17-14-095,1754925434,4648,3.21425E+12,44.8679638,-93.63237617
4649,2025-08-11-10-17-14-601,1754925435,4649,3.21476E+12,44.86796421,-93.63238258
4650,2025-08-11-10-17-15-107,1754925435,4650,3.21526E+12,44.86796423,-93.63238759
4651,2025-08-11-10-17-15-615,1754925436,4651,3.21577E+12,44.86796432,-93.63239094
4652,2025-08-11-10-17-16-122,1754925436,4652,3.21628E+12,44.86796425,-93.63239409
4653,2025-08-11-10-17-16-628,1754925437,4653,3.21678E+12,44.86796445,-93.63239696
4654,2025-08-11-10-17-17-136,1754925437,4654,3.21729E+12,44.86796434,-93.63239987
4655,2025-08-11-10-17-17-642,1754925438,4655,3.2178E+12,44.86796425,-93.63240395
4656,2025-08-11-10-17-18-150,1754925438,4656,3.2183E+12,44.86796438,-93.6324092
4657,2025-08-11-10-17-18-655,1754925439,4657,3.21881E+12,44.86796462,-93.63241526
4658,2025-08-11-10-17-19-160,1754925439,4658,3.21932E+12,44.86796472,-93.63242267
4659,2025-08-11-10-17-19-667,1754925440,4659,3.21982E+12,44.86796481,-93.63243185
4660,2025-08-11-10-17-20-176,1754925440,4660,3.22033E+12,44.86796492,-93.63243912
4661,2025-08-11-10-17-20-682,1754925441,4661,3.22084E+12,44.86796505,-93.63244561
4662,2025-08-11-10-17-21-187,1754925441,4662,3.22134E+12,44.86796514,-93.63245193
4663,2025-08-11-10-17-21-695,1754925442,4663,3.22185E+12,44.86796507,-93.63245814
4664,2025-08-11-10-17-22-201,1754925442,4664,3.22236E+12,44.86796513,-93.63246524
4665,2025-08-11-10-17-22-708,1754925443,4665,3.22286E+12,44.86796445,-93.63247445
4666,2025-08-11-10-17-23-214,1754925443,4666,3.22337E+12,44.8679623,-93.63248405
4667,2025-08-11-10-17-23-720,1754925444,4667,3.22388E+12,44.86795837,-93.63249348
4668,2025-08-11-10-17-24-228,1754925444,4668,3.22438E+12,44.86795232,-93.63250005
4669,2025-08-11-10-17-24-735,1754925445,4669,3.22489E+12,44.86794565,-93.63250331
4670,2025-08-11-10-17-25-242,1754925445,4670,3.2254E+12,44.86794065,-93.63250401
4671,2025-08-11-10-17-25-748,1754925446,4671,3.2259E+12,44.86793804,-93.63250399
4672,2025-08-11-10-17-26-254,1754925446,4672,3.22641E+12,44.86793756,-93.63250391
4673,2025-08-11-10-17-26-761,1754925447,4673,3.22692E+12,44.86793793,-93.63250397
4674,2025-08-11-10-17-27-265,1754925447,4674,3.22742E+12,44.86793878,-93.63250392
4675,2025-08-11-10-17-27-774,1754925448,4675,3.22793E+12,44.86794168,-93.63250318
4676,2025-08-11-10-17-28-284,1754925448,4676,3.22844E+12,44.86794735,-93.63250112
4677,2025-08-11-10-17-28-787,1754925449,4677,3.22894E+12,44.8679536,-93.63249837
4678,2025-08-11-10-17-29-294,1754925449,4678,3.22945E+12,44.8679609,-93.63249575
4679,2025-08-11-10-17-29-800,1754925450,4679,3.22996E+12,44.86796904,-93.63249399
4680,2025-08-11-10-17-30-308,1754925450,4680,3.23046E+12,44.86797792,-93.63249271
4681,2025-08-11-10-17-30-812,1754925451,4681,3.23097E+12,44.86798696,-93.63249129
4682,2025-08-11-10-17-31-320,1754925451,4682,3.23147E+12,44.86799381,-93.63249087
4683,2025-08-11-10-17-31-826,1754925452,4683,3.23198E+12,44.86799864,-93.6324912
4684,2025-08-11-10-17-32-332,1754925452,4684,3.23249E+12,44.86800123,-93.63249118
4685,2025-08-11-10-17-32-839,1754925453,4685,3.23299E+12,44.86800304,-93.63249135
4686,2025-08-11-10-17-33-345,1754925453,4686,3.2335E+12,44.86800364,-93.6324914
4687,2025-08-11-10-17-33-854,1754925454,4687,3.23401E+12,44.86800354,-93.63249143
4688,2025-08-11-10-17-34-359,1754925454,4688,3.23451E+12,44.86800357,-93.63249141
4689,2025-08-11-10-17-34-866,1754925455,4689,3.23502E+12,44.86800375,-93.63249143
4690,2025-08-11-10-17-35-372,1754925455,4690,3.23553E+12,44.86800396,-93.63249143
4691,2025-08-11-10-17-35-878,1754925456,4691,3.23603E+12,44.86800398,-93.63249146
4692,2025-08-11-10-17-36-385,1754925456,4692,3.23654E+12,44.86800394,-93.63249146
4693,2025-08-11-10-17-36-891,1754925457,4693,3.23705E+12,44.86800363,-93.63249138
4694,2025-08-11-10-17-37-398,1754925457,4694,3.23755E+12,44.86800266,-93.63249131
4695,2025-08-11-10-17-37-905,1754925458,4695,3.23806E+12,44.86800159,-93.6324912
4696,2025-08-11-10-17-38-412,1754925458,4696,3.23857E+12,44.8680005,-93.63249115
4697,2025-08-11-10-17-38-916,1754925459,4697,3.23907E+12,44.86799914,-93.63249105
4698,2025-08-11-10-17-39-424,1754925459,4698,3.23958E+12,44.86799722,-93.63249084
4699,2025-08-11-10-17-39-932,1754925460,4699,3.24009E+12,44.86799467,-93.63249012
4700,2025-08-11-10-17-40-438,1754925460,4700,3.24059E+12,44.86799116,-93.63248918
4701,2025-08-11-10-17-40-945,1754925461,4701,3.2411E+12,44.86798685,-93.63248745
4702,2025-08-11-10-17-41-452,1754925461,4702,3.24161E+12,44.86798195,-93.63248463
4703,2025-08-11-10-17-41-959,1754925462,4703,3.24211E+12,44.86797753,-93.63247993
4704,2025-08-11-10-17-42-463,1754925462,4704,3.24262E+12,44.86797426,-93.63247341
4705,2025-08-11-10-17-42-970,1754925463,4705,3.24313E+12,44.86797273,-93.63246928
4706,2025-08-11-10-17-43-478,1754925463,4706,3.24363E+12,44.86797181,-93.63246694
4707,2025-08-11-10-17-43-984,1754925464,4707,3.24414E+12,44.86797154,-93.63246601
4708,2025-08-11-10-17-44-491,1754925464,4708,3.24465E+12,44.86797115,-93.63246508
4709,2025-08-11-10-17-44-998,1754925465,4709,3.24515E+12,44.8679706,-93.63246314
4710,2025-08-11-10-17-45-503,1754925466,4710,3.24566E+12,44.86797004,-93.63246003
4711,2025-08-11-10-17-46-009,1754925466,4711,3.24617E+12,44.86796907,-93.6324561
4712,2025-08-11-10-17-46-517,1754925467,4712,3.24667E+12,44.86796846,-93.63245057
4713,2025-08-11-10-17-47-023,1754925467,4713,3.24718E+12,44.86796742,-93.6324441
4714,2025-08-11-10-17-47-530,1754925468,4714,3.24769E+12,44.8679666,-93.63243818
4715,2025-08-11-10-17-48-036,1754925468,4715,3.24819E+12,44.86796649,-93.63243408
4716,2025-08-11-10-17-48-542,1754925469,4716,3.2487E+12,44.86796613,-93.63243081
4717,2025-08-11-10-17-49-049,1754925469,4717,3.24921E+12,44.86796607,-93.63242792
4718,2025-08-11-10-17-49-557,1754925470,4718,3.24971E+12,44.86796587,-93.63242603
4719,2025-08-11-10-17-50-062,1754925470,4719,3.25022E+12,44.86796583,-93.63242558
4720,2025-08-11-10-17-50-570,1754925471,4720,3.25073E+12,44.86796585,-93.63242557
4721,2025-08-11-10-17-51-076,1754925471,4721,3.25123E+12,44.86796576,-93.63242465
4722,2025-08-11-10-17-51-583,1754925472,4722,3.25174E+12,44.86796555,-93.63242174
4723,2025-08-11-10-17-52-089,1754925472,4723,3.25225E+12,44.86796524,-93.63241744
4724,2025-08-11-10-17-52-596,1754925473,4724,3.25275E+12,44.86796477,-93.63241215
4725,2025-08-11-10-17-53-104,1754925473,4725,3.25326E+12,44.86796451,-93.63240726
4726,2025-08-11-10-17-53-609,1754925474,4726,3.25376E+12,44.8679644,-93.63240303
4727,2025-08-11-10-17-54-115,1754925474,4727,3.25427E+12,44.86796424,-93.63239958
4728,2025-08-11-10-17-54-623,1754925475,4728,3.25478E+12,44.86796424,-93.63239678
4729,2025-08-11-10-17-55-128,1754925475,4729,3.25528E+12,44.86796414,-93.63239455
4730,2025-08-11-10-17-55-635,1754925476,4730,3.25579E+12,44.86796397,-93.63239132
4731,2025-08-11-10-17-56-141,1754925476,4731,3.2563E+12,44.8679638,-93.63238674
4732,2025-08-11-10-17-56-648,1754925477,4732,3.2568E+12,44.8679637,-93.63238189
4733,2025-08-11-10-17-57-155,1754925477,4733,3.25731E+12,44.86796385,-93.63237742
4734,2025-08-11-10-17-57-661,1754925478,4734,3.25782E+12,44.86796374,-93.63237363
4735,2025-08-11-10-17-58-168,1754925478,4735,3.25832E+12,44.86796365,-93.63236979
4736,2025-08-11-10-17-58-675,1754925479,4736,3.25883E+12,44.86796365,-93.63236804
4737,2025-08-11-10-17-59-181,1754925479,4737,3.25934E+12,44.86796367,-93.63236675
4738,2025-08-11-10-17-59-686,1754925480,4738,3.25984E+12,44.86796358,-93.6323647
4739,2025-08-11-10-18-00-193,1754925480,4739,3.26035E+12,44.86796366,-93.63236086
4740,2025-08-11-10-18-00-703,1754925481,4740,3.26086E+12,44.86796374,-93.63235621
4741,2025-08-11-10-18-01-206,1754925481,4741,3.26136E+12,44.86796364,-93.63235169
4742,2025-08-11-10-18-01-714,1754925482,4742,3.26187E+12,44.86796383,-93.63234744
4743,2025-08-11-10-18-02-222,1754925482,4743,3.26238E+12,44.86796379,-93.63234347
4744,2025-08-11-10-18-02-728,1754925483,4744,3.26288E+12,44.86796375,-93.63234013
4745,2025-08-11-10-18-03-233,1754925483,4745,3.26339E+12,44.86796375,-93.63233677
4746,2025-08-11-10-18-03-740,1754925484,4746,3.2639E+12,44.86796378,-93.63233323
4747,2025-08-11-10-18-04-247,1754925484,4747,3.2644E+12,44.86796364,-93.63232994
4748,2025-08-11-10-18-04-753,1754925485,4748,3.26491E+12,44.86796359,-93.63232655
4749,2025-08-11-10-18-05-259,1754925485,4749,3.26542E+12,44.86796347,-93.63232132
4750,2025-08-11-10-18-05-765,1754925486,4750,3.26592E+12,44.86796356,-93.63231574
4751,2025-08-11-10-18-06-273,1754925486,4751,3.26643E+12,44.86796357,-93.6323101
4752,2025-08-11-10-18-06-780,1754925487,4752,3.26694E+12,44.8679637,-93.63230403
4753,2025-08-11-10-18-07-287,1754925487,4753,3.26744E+12,44.86796332,-93.6322989
4754,2025-08-11-10-18-07-793,1754925488,4754,3.26795E+12,44.86796343,-93.63229388
4755,2025-08-11-10-18-08-303,1754925488,4755,3.26846E+12,44.86796321,-93.63228995
4756,2025-08-11-10-18-08-806,1754925489,4756,3.26896E+12,44.86796338,-93.63228628
4757,2025-08-11-10-18-09-313,1754925489,4757,3.26947E+12,44.86796325,-93.63228299
4758,2025-08-11-10-18-09-820,1754925490,4758,3.26998E+12,44.86796329,-93.63228
4759,2025-08-11-10-18-10-329,1754925490,4759,3.27048E+12,44.86796336,-93.63227675
4760,2025-08-11-10-18-10-831,1754925491,4760,3.27099E+12,44.86796336,-93.63227345
4761,2025-08-11-10-18-11-339,1754925491,4761,3.27149E+12,44.86796329,-93.63226978
4762,2025-08-11-10-18-11-844,1754925492,4762,3.272E+12,44.86796337,-93.63226589
4763,2025-08-11-10-18-12-353,1754925492,4763,3.27251E+12,44.86796328,-93.63226204
4764,2025-08-11-10-18-12-858,1754925493,4764,3.27301E+12,44.86796316,-93.63225862
4765,2025-08-11-10-18-13-365,1754925493,4765,3.27352E+12,44.86796307,-93.63225493
4766,2025-08-11-10-18-13-871,1754925494,4766,3.27403E+12,44.86796298,-93.63225177
4767,2025-08-11-10-18-14-378,1754925494,4767,3.27453E+12,44.86796301,-93.63224861
4768,2025-08-11-10-18-14-885,1754925495,4768,3.27504E+12,44.86796302,-93.63224519
4769,2025-08-11-10-18-15-390,1754925495,4769,3.27555E+12,44.86796304,-93.63224076
4770,2025-08-11-10-18-15-902,1754925496,4770,3.27605E+12,44.86796329,-93.6322354
4771,2025-08-11-10-18-16-405,1754925496,4771,3.27656E+12,44.86796305,-93.63222981
4772,2025-08-11-10-18-16-914,1754925497,4772,3.27707E+12,44.867963,-93.63222536
4773,2025-08-11-10-18-17-417,1754925497,4773,3.27757E+12,44.86796307,-93.63222113
4774,2025-08-11-10-18-17-923,1754925498,4774,3.27808E+12,44.86796302,-93.63221763
4775,2025-08-11-10-18-18-432,1754925498,4775,3.27859E+12,44.86796315,-93.6322138
4776,2025-08-11-10-18-18-937,1754925499,4776,3.27909E+12,44.86796329,-93.63221009
4777,2025-08-11-10-18-19-448,1754925499,4777,3.2796E+12,44.86796327,-93.63220661
4778,2025-08-11-10-18-19-954,1754925500,4778,3.28011E+12,44.86796333,-93.63220317
4779,2025-08-11-10-18-20-456,1754925500,4779,3.28061E+12,44.8679634,-93.63219955
4780,2025-08-11-10-18-20-963,1754925501,4780,3.28112E+12,44.86796362,-93.63219588
4781,2025-08-11-10-18-21-469,1754925501,4781,3.28163E+12,44.8679637,-93.63219288
4782,2025-08-11-10-18-21-976,1754925502,4782,3.28213E+12,44.86796368,-93.63219015
4783,2025-08-11-10-18-22-482,1754925502,4783,3.28264E+12,44.86796377,-93.63218754
4784,2025-08-11-10-18-22-990,1754925503,4784,3.28315E+12,44.86796367,-93.63218497
4785,2025-08-11-10-18-23-496,1754925503,4785,3.28365E+12,44.86796371,-93.63218291
4786,2025-08-11-10-18-24-001,1754925504,4786,3.28416E+12,44.86796363,-93.63218124
4787,2025-08-11-10-18-24-511,1754925505,4787,3.28467E+12,44.86796353,-93.63217985
4788,2025-08-11-10-18-25-015,1754925505,4788,3.28517E+12,44.86796347,-93.63217878
4789,2025-08-11-10-18-25-521,1754925506,4789,3.28568E+12,44.86796332,-93.63217693
4790,2025-08-11-10-18-26-029,1754925506,4790,3.28619E+12,44.86796324,-93.63217391
4791,2025-08-11-10-18-26-534,1754925507,4791,3.28669E+12,44.8679632,-93.63217039
4792,2025-08-11-10-18-27-043,1754925507,4792,3.2872E+12,44.8679633,-93.63216646
4793,2025-08-11-10-18-27-548,1754925508,4793,3.28771E+12,44.8679633,-93.63216269
4794,2025-08-11-10-18-28-055,1754925508,4794,3.28821E+12,44.86796342,-93.63215856
4795,2025-08-11-10-18-28-561,1754925509,4795,3.28872E+12,44.86796329,-93.63215423
4796,2025-08-11-10-18-29-072,1754925509,4796,3.28922E+12,44.86796324,-93.63215097
4797,2025-08-11-10-18-29-574,1754925510,4797,3.28973E+12,44.86796311,-93.63214771
4798,2025-08-11-10-18-30-081,1754925510,4798,3.29024E+12,44.86796307,-93.63214451
4799,2025-08-11-10-18-30-590,1754925511,4799,3.29074E+12,44.8679632,-93.63214077
4800,2025-08-11-10-18-31-095,1754925511,4800,3.29125E+12,44.86796322,-93.63213627
4801,2025-08-11-10-18-31-601,1754925512,4801,3.29176E+12,44.86796317,-93.63213123
4802,2025-08-11-10-18-32-108,1754925512,4802,3.29226E+12,44.86796285,-93.63212576
4803,2025-08-11-10-18-32-615,1754925513,4803,3.29277E+12,44.86796298,-93.63212042
4804,2025-08-11-10-18-33-120,1754925513,4804,3.29328E+12,44.86796298,-93.63211555
4805,2025-08-11-10-18-33-630,1754925514,4805,3.29378E+12,44.86796294,-93.6321109
4806,2025-08-11-10-18-34-136,1754925514,4806,3.29429E+12,44.86796293,-93.63210669
4807,2025-08-11-10-18-34-640,1754925515,4807,3.2948E+12,44.86796287,-93.63210298
4808,2025-08-11-10-18-35-147,1754925515,4808,3.2953E+12,44.86796276,-93.6321
4809,2025-08-11-10-18-35-654,1754925516,4809,3.29581E+12,44.86796283,-93.63209682
4810,2025-08-11-10-18-36-160,1754925516,4810,3.29632E+12,44.86796283,-93.63209195
4811,2025-08-11-10-18-36-667,1754925517,4811,3.29682E+12,44.86796304,-93.63208731
4812,2025-08-11-10-18-37-174,1754925517,4812,3.29733E+12,44.86796304,-93.63208146
4813,2025-08-11-10-18-37-681,1754925518,4813,3.29784E+12,44.86796309,-93.63207498
4814,2025-08-11-10-18-38-187,1754925518,4814,3.29834E+12,44.86796324,-93.63206786
4815,2025-08-11-10-18-38-694,1754925519,4815,3.29885E+12,44.86796343,-93.63206072
4816,2025-08-11-10-18-39-202,1754925519,4816,3.29936E+12,44.86796346,-93.63205352
4817,2025-08-11-10-18-39-708,1754925520,4817,3.29986E+12,44.86796352,-93.63204655
4818,2025-08-11-10-18-40-214,1754925520,4818,3.30037E+12,44.86796355,-93.63203964
4819,2025-08-11-10-18-40-720,1754925521,4819,3.30088E+12,44.86796366,-93.63203313
4820,2025-08-11-10-18-41-228,1754925521,4820,3.30138E+12,44.86796381,-93.6320269
4821,2025-08-11-10-18-41-734,1754925522,4821,3.30189E+12,44.86796356,-93.63202147
4822,2025-08-11-10-18-42-240,1754925522,4822,3.3024E+12,44.86796377,-93.63201649
4823,2025-08-11-10-18-42-747,1754925523,4823,3.3029E+12,44.86796371,-93.63201232
4824,2025-08-11-10-18-43-252,1754925523,4824,3.30341E+12,44.86796382,-93.6320092
4825,2025-08-11-10-18-43-760,1754925524,4825,3.30392E+12,44.86796361,-93.63200536
4826,2025-08-11-10-18-44-267,1754925524,4826,3.30442E+12,44.86796367,-93.6319991
4827,2025-08-11-10-18-44-774,1754925525,4827,3.30493E+12,44.86796337,-93.63199327
4828,2025-08-11-10-18-45-280,1754925525,4828,3.30544E+12,44.86796355,-93.63198802
4829,2025-08-11-10-18-45-786,1754925526,4829,3.30594E+12,44.86796355,-93.63198332
4830,2025-08-11-10-18-46-294,1754925526,4830,3.30645E+12,44.86796345,-93.6319797
4831,2025-08-11-10-18-46-799,1754925527,4831,3.30696E+12,44.86796351,-93.63197542
4832,2025-08-11-10-18-47-306,1754925527,4832,3.30746E+12,44.86796352,-93.63197032
4833,2025-08-11-10-18-47-813,1754925528,4833,3.30797E+12,44.8679633,-93.63196453
4834,2025-08-11-10-18-48-321,1754925528,4834,3.30848E+12,44.86796328,-93.63195868
4835,2025-08-11-10-18-48-827,1754925529,4835,3.30898E+12,44.8679632,-93.63195342
4836,2025-08-11-10-18-49-333,1754925529,4836,3.30949E+12,44.86796312,-93.63194879
4837,2025-08-11-10-18-49-841,1754925530,4837,3.31E+12,44.86796324,-93.63194429
4838,2025-08-11-10-18-50-345,1754925530,4838,3.3105E+12,44.8679632,-93.63193964
4839,2025-08-11-10-18-50-853,1754925531,4839,3.31101E+12,44.86796311,-93.63193544
4840,2025-08-11-10-18-51-359,1754925531,4840,3.31152E+12,44.86796318,-93.63193027
4841,2025-08-11-10-18-51-865,1754925532,4841,3.31202E+12,44.86796322,-93.63192637
4842,2025-08-11-10-18-52-373,1754925532,4842,3.31253E+12,44.86796311,-93.63192006
4843,2025-08-11-10-18-52-879,1754925533,4843,3.31304E+12,44.86796311,-93.63191435
4844,2025-08-11-10-18-53-388,1754925533,4844,3.31354E+12,44.86796299,-93.63190796
4845,2025-08-11-10-18-53-893,1754925534,4845,3.31405E+12,44.867963,-93.63190137
4846,2025-08-11-10-18-54-398,1754925534,4846,3.31456E+12,44.86796303,-93.63189501
4847,2025-08-11-10-18-54-905,1754925535,4847,3.31506E+12,44.86796301,-93.63188904
4848,2025-08-11-10-18-55-411,1754925535,4848,3.31557E+12,44.86796293,-93.63188358
4849,2025-08-11-10-18-55-919,1754925536,4849,3.31607E+12,44.86796305,-93.63187835
4850,2025-08-11-10-18-56-425,1754925536,4850,3.31658E+12,44.86796289,-93.63187297
4851,2025-08-11-10-18-56-931,1754925537,4851,3.31709E+12,44.86796309,-93.63186695
4852,2025-08-11-10-18-57-438,1754925537,4852,3.31759E+12,44.86796299,-93.63186067
4853,2025-08-11-10-18-57-945,1754925538,4853,3.3181E+12,44.86796301,-93.63185454
4854,2025-08-11-10-18-58-452,1754925538,4854,3.31861E+12,44.86796315,-93.63184844
4855,2025-08-11-10-18-58-959,1754925539,4855,3.31911E+12,44.86796305,-93.63184263
4856,2025-08-11-10-18-59-465,1754925539,4856,3.31962E+12,44.86796315,-93.63183582
4857,2025-08-11-10-18-59-973,1754925540,4857,3.32013E+12,44.86796302,-93.63183081
4858,2025-08-11-10-19-00-478,1754925540,4858,3.32063E+12,44.86796301,-93.63182645
4859,2025-08-11-10-19-00-985,1754925541,4859,3.32114E+12,44.86796293,-93.63182226
4860,2025-08-11-10-19-01-491,1754925541,4860,3.32165E+12,44.86796289,-93.63181745
4861,2025-08-11-10-19-01-998,1754925542,4861,3.32215E+12,44.86796298,-93.63181174
4862,2025-08-11-10-19-02-503,1754925543,4862,3.32266E+12,44.86796282,-93.63180525
4863,2025-08-11-10-19-03-012,1754925543,4863,3.32317E+12,44.86796263,-93.63179919
4864,2025-08-11-10-19-03-516,1754925544,4864,3.32367E+12,44.86796273,-93.63179309
4865,2025-08-11-10-19-04-024,1754925544,4865,3.32418E+12,44.86796274,-93.63178712
4866,2025-08-11-10-19-04-530,1754925545,4866,3.32469E+12,44.86796282,-93.63178065
4867,2025-08-11-10-19-05-037,1754925545,4867,3.32519E+12,44.86796277,-93.63177415
4868,2025-08-11-10-19-05-545,1754925546,4868,3.3257E+12,44.86796266,-93.63176777
4869,2025-08-11-10-19-06-050,1754925546,4869,3.32621E+12,44.86796241,-93.6317616
4870,2025-08-11-10-19-06-557,1754925547,4870,3.32671E+12,44.86796234,-93.63175553
4871,2025-08-11-10-19-07-063,1754925547,4871,3.32722E+12,44.86796235,-93.63174911
4872,2025-08-11-10-19-07-576,1754925548,4872,3.32773E+12,44.86796219,-93.63174172
4873,2025-08-11-10-19-08-075,1754925548,4873,3.32823E+12,44.8679621,-93.63173565
4874,2025-08-11-10-19-08-583,1754925549,4874,3.32874E+12,44.86796216,-93.63172986
4875,2025-08-11-10-19-09-090,1754925549,4875,3.32925E+12,44.86796222,-93.63172449
4876,2025-08-11-10-19-09-596,1754925550,4876,3.32975E+12,44.86796232,-93.6317194
4877,2025-08-11-10-19-10-104,1754925550,4877,3.33026E+12,44.86796225,-93.63171432
4878,2025-08-11-10-19-10-614,1754925551,4878,3.33077E+12,44.86796219,-93.63170931
4879,2025-08-11-10-19-11-116,1754925551,4879,3.33127E+12,44.86796228,-93.63170367
4880,2025-08-11-10-19-11-623,1754925552,4880,3.33178E+12,44.86796224,-93.63169824
4881,2025-08-11-10-19-12-129,1754925552,4881,3.33229E+12,44.86796218,-93.63169286
4882,2025-08-11-10-19-12-637,1754925553,4882,3.33279E+12,44.86796216,-93.63168709
4883,2025-08-11-10-19-13-142,1754925553,4883,3.3333E+12,44.86796229,-93.63168094
4884,2025-08-11-10-19-13-649,1754925554,4884,3.33381E+12,44.86796223,-93.63167384
4885,2025-08-11-10-19-14-157,1754925554,4885,3.33431E+12,44.86796217,-93.63166668
4886,2025-08-11-10-19-14-662,1754925555,4886,3.33482E+12,44.86796228,-93.63165961
4887,2025-08-11-10-19-15-169,1754925555,4887,3.33533E+12,44.86796259,-93.63165184
4888,2025-08-11-10-19-15-676,1754925556,4888,3.33583E+12,44.8679627,-93.6316458
4889,2025-08-11-10-19-16-182,1754925556,4889,3.33634E+12,44.86796266,-93.63164011
4890,2025-08-11-10-19-16-690,1754925557,4890,3.33685E+12,44.86796284,-93.63163469
4891,2025-08-11-10-19-17-196,1754925557,4891,3.33735E+12,44.86796286,-93.63162994
4892,2025-08-11-10-19-17-702,1754925558,4892,3.33786E+12,44.86796296,-93.63162543
4893,2025-08-11-10-19-18-208,1754925558,4893,3.33837E+12,44.86796311,-93.63162135
4894,2025-08-11-10-19-18-717,1754925559,4894,3.33887E+12,44.86796311,-93.63161698
4895,2025-08-11-10-19-19-222,1754925559,4895,3.33938E+12,44.86796325,-93.63161204
4896,2025-08-11-10-19-19-729,1754925560,4896,3.33989E+12,44.86796327,-93.6316067
4897,2025-08-11-10-19-20-234,1754925560,4897,3.34039E+12,44.86796342,-93.63160093
4898,2025-08-11-10-19-20-742,1754925561,4898,3.3409E+12,44.86796341,-93.63159508
4899,2025-08-11-10-19-21-250,1754925561,4899,3.34141E+12,44.86796361,-93.63158925
4900,2025-08-11-10-19-21-754,1754925562,4900,3.34191E+12,44.86796351,-93.63158343
4901,2025-08-11-10-19-22-262,1754925562,4901,3.34242E+12,44.86796356,-93.63157633
4902,2025-08-11-10-19-22-767,1754925563,4902,3.34293E+12,44.86796359,-93.63157055
4903,2025-08-11-10-19-23-275,1754925563,4903,3.34343E+12,44.86796355,-93.63156473
4904,2025-08-11-10-19-23-782,1754925564,4904,3.34394E+12,44.8679634,-93.63155855
4905,2025-08-11-10-19-24-289,1754925564,4905,3.34444E+12,44.86796353,-93.63155229
4906,2025-08-11-10-19-24-795,1754925565,4906,3.34495E+12,44.86796353,-93.63154571
4907,2025-08-11-10-19-25-300,1754925565,4907,3.34546E+12,44.86796362,-93.63153874
4908,2025-08-11-10-19-25-808,1754925566,4908,3.34596E+12,44.86796378,-93.63153124
4909,2025-08-11-10-19-26-313,1754925566,4909,3.34647E+12,44.8679637,-93.63152337
4910,2025-08-11-10-19-26-821,1754925567,4910,3.34698E+12,44.86796398,-93.63151497
4911,2025-08-11-10-19-27-328,1754925567,4911,3.34748E+12,44.86796408,-93.63150655
4912,2025-08-11-10-19-27-834,1754925568,4912,3.34799E+12,44.86796395,-93.63149844
4913,2025-08-11-10-19-28-341,1754925568,4913,3.3485E+12,44.86796413,-93.63149066
4914,2025-08-11-10-19-28-846,1754925569,4914,3.349E+12,44.86796402,-93.63148359
4915,2025-08-11-10-19-29-353,1754925569,4915,3.34951E+12,44.86796422,-93.63147696
4916,2025-08-11-10-19-29-860,1754925570,4916,3.35002E+12,44.86796417,-93.63146952
4917,2025-08-11-10-19-30-368,1754925570,4917,3.35052E+12,44.86796428,-93.63146349
4918,2025-08-11-10-19-30-874,1754925571,4918,3.35103E+12,44.86796426,-93.63145783
4919,2025-08-11-10-19-31-379,1754925571,4919,3.35154E+12,44.86796422,-93.63145231
4920,2025-08-11-10-19-31-888,1754925572,4920,3.35204E+12,44.86796425,-93.6314464
4921,2025-08-11-10-19-32-394,1754925572,4921,3.35255E+12,44.86796436,-93.63144093
4922,2025-08-11-10-19-32-900,1754925573,4922,3.35306E+12,44.86796447,-93.63143528
4923,2025-08-11-10-19-33-406,1754925573,4923,3.35356E+12,44.8679645,-93.63142981
4924,2025-08-11-10-19-33-913,1754925574,4924,3.35407E+12,44.86796453,-93.63142404
4925,2025-08-11-10-19-34-420,1754925574,4925,3.35458E+12,44.86796449,-93.63141801
4926,2025-08-11-10-19-34-925,1754925575,4926,3.35508E+12,44.86796452,-93.6314118
4927,2025-08-11-10-19-35-433,1754925575,4927,3.35559E+12,44.86796466,-93.63140594
4928,2025-08-11-10-19-35-940,1754925576,4928,3.3561E+12,44.86796463,-93.63139994
4929,2025-08-11-10-19-36-445,1754925576,4929,3.3566E+12,44.86796468,-93.63139369
4930,2025-08-11-10-19-36-953,1754925577,4930,3.35711E+12,44.86796466,-93.63138754
4931,2025-08-11-10-19-37-459,1754925577,4931,3.35762E+12,44.86796467,-93.63138135
4932,2025-08-11-10-19-37-969,1754925578,4932,3.35812E+12,44.86796457,-93.63137472
4933,2025-08-11-10-19-38-471,1754925578,4933,3.35863E+12,44.86796456,-93.6313692
4934,2025-08-11-10-19-38-978,1754925579,4934,3.35914E+12,44.86796441,-93.63136388
4935,2025-08-11-10-19-39-486,1754925579,4935,3.35964E+12,44.86796433,-93.63135927
4936,2025-08-11-10-19-39-992,1754925580,4936,3.36015E+12,44.86796426,-93.63135486
4937,2025-08-11-10-19-40-498,1754925580,4937,3.36066E+12,44.86796406,-93.63135097
4938,2025-08-11-10-19-41-006,1754925581,4938,3.36116E+12,44.86796405,-93.63134718
4939,2025-08-11-10-19-41-513,1754925582,4939,3.36167E+12,44.86796371,-93.63134336
4940,2025-08-11-10-19-42-018,1754925582,4940,3.36218E+12,44.86796388,-93.63133919
4941,2025-08-11-10-19-42-524,1754925583,4941,3.36268E+12,44.86796388,-93.63133538
4942,2025-08-11-10-19-43-032,1754925583,4942,3.36319E+12,44.86796381,-93.63133162
4943,2025-08-11-10-19-43-538,1754925584,4943,3.36369E+12,44.86796386,-93.63132793
4944,2025-08-11-10-19-44-044,1754925584,4944,3.3642E+12,44.8679638,-93.63132385
4945,2025-08-11-10-19-44-556,1754925585,4945,3.36471E+12,44.86796399,-93.63131955
4946,2025-08-11-10-19-45-058,1754925585,4946,3.36521E+12,44.86796383,-93.63131454
4947,2025-08-11-10-19-45-567,1754925586,4947,3.36572E+12,44.86796374,-93.63131033
4948,2025-08-11-10-19-46-076,1754925586,4948,3.36623E+12,44.86796368,-93.63130601
4949,2025-08-11-10-19-46-579,1754925587,4949,3.36673E+12,44.86796375,-93.63130192
4950,2025-08-11-10-19-47-083,1754925587,4950,3.36724E+12,44.86796392,-93.631298
4951,2025-08-11-10-19-47-591,1754925588,4951,3.36775E+12,44.86796383,-93.63129377
4952,2025-08-11-10-19-48-097,1754925588,4952,3.36825E+12,44.86796381,-93.6312897
4953,2025-08-11-10-19-48-604,1754925589,4953,3.36876E+12,44.86796379,-93.6312856
4954,2025-08-11-10-19-49-110,1754925589,4954,3.36927E+12,44.86796379,-93.63128087
4955,2025-08-11-10-19-49-618,1754925590,4955,3.36977E+12,44.86796387,-93.63127614
4956,2025-08-11-10-19-50-123,1754925590,4956,3.37028E+12,44.86796382,-93.63127109
4957,2025-08-11-10-19-50-629,1754925591,4957,3.37079E+12,44.86796364,-93.63126625
4958,2025-08-11-10-19-51-136,1754925591,4958,3.37129E+12,44.86796364,-93.63126159
4959,2025-08-11-10-19-51-644,1754925592,4959,3.3718E+12,44.86796353,-93.63125744
4960,2025-08-11-10-19-52-149,1754925592,4960,3.37231E+12,44.86796352,-93.63125319
4961,2025-08-11-10-19-52-659,1754925593,4961,3.37281E+12,44.86796357,-93.6312478
4962,2025-08-11-10-19-53-164,1754925593,4962,3.37332E+12,44.86796347,-93.63124311
4963,2025-08-11-10-19-53-669,1754925594,4963,3.37383E+12,44.86796348,-93.63123869
4964,2025-08-11-10-19-54-175,1754925594,4964,3.37433E+12,44.86796321,-93.6312345
4965,2025-08-11-10-19-54-682,1754925595,4965,3.37484E+12,44.86796308,-93.63123009
4966,2025-08-11-10-19-55-189,1754925595,4966,3.37535E+12,44.86796313,-93.6312253
4967,2025-08-11-10-19-55-694,1754925596,4967,3.37585E+12,44.86796318,-93.63122021
4968,2025-08-11-10-19-56-201,1754925596,4968,3.37636E+12,44.86796325,-93.63121486
4969,2025-08-11-10-19-56-708,1754925597,4969,3.37687E+12,44.86796336,-93.63120974
4970,2025-08-11-10-19-57-215,1754925597,4970,3.37737E+12,44.86796328,-93.63120412
4971,2025-08-11-10-19-57-720,1754925598,4971,3.37788E+12,44.86796334,-93.63119819
4972,2025-08-11-10-19-58-227,1754925598,4972,3.37839E+12,44.86796359,-93.63119186
4973,2025-08-11-10-19-58-735,1754925599,4973,3.37889E+12,44.86796361,-93.6311857
4974,2025-08-11-10-19-59-241,1754925599,4974,3.3794E+12,44.86796366,-93.63117976
4975,2025-08-11-10-19-59-748,1754925600,4975,3.3799E+12,44.86796354,-93.63117411
4976,2025-08-11-10-20-00-252,1754925600,4976,3.38041E+12,44.86796362,-93.63116878
4977,2025-08-11-10-20-00-760,1754925601,4977,3.38092E+12,44.86796365,-93.63116222
4978,2025-08-11-10-20-01-269,1754925601,4978,3.38142E+12,44.86796361,-93.63115707
4979,2025-08-11-10-20-01-774,1754925602,4979,3.38193E+12,44.86796352,-93.6311517
4980,2025-08-11-10-20-02-280,1754925602,4980,3.38244E+12,44.8679635,-93.63114632
4981,2025-08-11-10-20-02-787,1754925603,4981,3.38294E+12,44.86796347,-93.63114106
4982,2025-08-11-10-20-03-300,1754925603,4982,3.38345E+12,44.86796353,-93.63113583
4983,2025-08-11-10-20-03-800,1754925604,4983,3.38396E+12,44.86796347,-93.63113053
4984,2025-08-11-10-20-04-306,1754925604,4984,3.38446E+12,44.86796328,-93.63112541
4985,2025-08-11-10-20-04-813,1754925605,4985,3.38497E+12,44.86796332,-93.63112075
4986,2025-08-11-10-20-05-319,1754925605,4986,3.38548E+12,44.86796326,-93.63111604
4987,2025-08-11-10-20-05-828,1754925606,4987,3.38598E+12,44.86796338,-93.6311109
4988,2025-08-11-10-20-06-333,1754925606,4988,3.38649E+12,44.8679635,-93.63110569
4989,2025-08-11-10-20-06-840,1754925607,4989,3.387E+12,44.86796341,-93.6310998
4990,2025-08-11-10-20-07-346,1754925607,4990,3.3875E+12,44.86796357,-93.63109412
4991,2025-08-11-10-20-07-853,1754925608,4991,3.38801E+12,44.86796361,-93.63108907
4992,2025-08-11-10-20-08-360,1754925608,4992,3.38852E+12,44.86796359,-93.63108241
4993,2025-08-11-10-20-08-865,1754925609,4993,3.38902E+12,44.86796351,-93.63107648
4994,2025-08-11-10-20-09-376,1754925609,4994,3.38953E+12,44.86796324,-93.63107062
4995,2025-08-11-10-20-09-878,1754925610,4995,3.39004E+12,44.86796331,-93.63106459
4996,2025-08-11-10-20-10-385,1754925610,4996,3.39054E+12,44.86796344,-93.63105841
4997,2025-08-11-10-20-10-891,1754925611,4997,3.39105E+12,44.86796329,-93.63105208
4998,2025-08-11-10-20-11-399,1754925611,4998,3.39156E+12,44.86796328,-93.6310454
4999,2025-08-11-10-20-11-907,1754925612,4999,3.39206E+12,44.86796331,-93.63103919
5000,2025-08-11-10-20-12-412,1754925612,5000,3.39257E+12,44.86796326,-93.63103282
5001,2025-08-11-10-20-12-918,1754925613,5001,3.39308E+12,44.86796306,-93.63102581
5002,2025-08-11-10-20-13-426,1754925613,5002,3.39358E+12,44.86796334,-93.63101852
5003,2025-08-11-10-20-13-932,1754925614,5003,3.39409E+12,44.86796331,-93.63101184
5004,2025-08-11-10-20-14-439,1754925614,5004,3.3946E+12,44.86796333,-93.63100572
5005,2025-08-11-10-20-14-945,1754925615,5005,3.3951E+12,44.86796327,-93.63100005
5006,2025-08-11-10-20-15-452,1754925615,5006,3.39561E+12,44.86796346,-93.63099449
5007,2025-08-11-10-20-15-955,1754925616,5007,3.39612E+12,44.86796376,-93.63098941
5008,2025-08-11-10-20-16-464,1754925616,5008,3.39662E+12,44.86796412,-93.63098434
5009,2025-08-11-10-20-16-970,1754925617,5009,3.39713E+12,44.86796422,-93.63097962
5010,2025-08-11-10-20-17-478,1754925617,5010,3.39764E+12,44.86796434,-93.63097528
5011,2025-08-11-10-20-17-985,1754925618,5011,3.39814E+12,44.86796425,-93.63097093
5012,2025-08-11-10-20-18-490,1754925618,5012,3.39865E+12,44.86796424,-93.63096736
5013,2025-08-11-10-20-18-998,1754925619,5013,3.39916E+12,44.86796411,-93.63096375
5014,2025-08-11-10-20-19-505,1754925620,5014,3.39966E+12,44.86796415,-93.63095986
5015,2025-08-11-10-20-20-011,1754925620,5015,3.40017E+12,44.86796417,-93.63095565
5016,2025-08-11-10-20-20-518,1754925621,5016,3.40067E+12,44.86796388,-93.63095032
5017,2025-08-11-10-20-21-024,1754925621,5017,3.40118E+12,44.86796362,-93.6309442
5018,2025-08-11-10-20-21-530,1754925622,5018,3.40169E+12,44.86796304,-93.63093797
5019,2025-08-11-10-20-22-037,1754925622,5019,3.40219E+12,44.86796204,-93.63093247
5020,2025-08-11-10-20-22-545,1754925623,5020,3.4027E+12,44.86796039,-93.63092551
5021,2025-08-11-10-20-23-050,1754925623,5021,3.40321E+12,44.86795757,-93.63091784
5022,2025-08-11-10-20-23-556,1754925624,5022,3.40371E+12,44.86795461,-93.63090931
5023,2025-08-11-10-20-24-063,1754925624,5023,3.40422E+12,44.86795203,-93.63090035
5024,2025-08-11-10-20-24-569,1754925625,5024,3.40473E+12,44.86795051,-93.63088784
5025,2025-08-11-10-20-25-078,1754925625,5025,3.40523E+12,44.86795202,-93.63087742
5026,2025-08-11-10-20-25-583,1754925626,5026,3.40574E+12,44.86795592,-93.63086761
5027,2025-08-11-10-20-26-089,1754925626,5027,3.40625E+12,44.86796199,-93.63085982
5028,2025-08-11-10-20-26-596,1754925627,5028,3.40675E+12,44.86796983,-93.63085519
5029,2025-08-11-10-20-27-104,1754925627,5029,3.40726E+12,44.86797824,-93.63085317
5030,2025-08-11-10-20-27-610,1754925628,5030,3.40777E+12,44.86798626,-93.63085549
5031,2025-08-11-10-20-28-116,1754925628,5031,3.40827E+12,44.86799334,-93.63086053
5032,2025-08-11-10-20-28-624,1754925629,5032,3.40878E+12,44.8679986,-93.63086721
5033,2025-08-11-10-20-29-130,1754925629,5033,3.40929E+12,44.86800212,-93.63087516
5034,2025-08-11-10-20-29-637,1754925630,5034,3.40979E+12,44.86800392,-93.63088365
5035,2025-08-11-10-20-30-143,1754925630,5035,3.4103E+12,44.86800427,-93.63089166
5036,2025-08-11-10-20-30-648,1754925631,5036,3.41081E+12,44.86800356,-93.63089875
5037,2025-08-11-10-20-31-155,1754925631,5037,3.41131E+12,44.86800151,-93.63090597
5038,2025-08-11-10-20-31-661,1754925632,5038,3.41182E+12,44.86799914,-93.63091184
5039,2025-08-11-10-20-32-169,1754925632,5039,3.41233E+12,44.86799669,-93.6309179
5040,2025-08-11-10-20-32-675,1754925633,5040,3.41283E+12,44.86799483,-93.63092467
5041,2025-08-11-10-20-33-183,1754925633,5041,3.41334E+12,44.86799296,-93.63093137
5042,2025-08-11-10-20-33-690,1754925634,5042,3.41385E+12,44.86799138,-93.63093834
5043,2025-08-11-10-20-34-195,1754925634,5043,3.41435E+12,44.86799045,-93.63094506
5044,2025-08-11-10-20-34-702,1754925635,5044,3.41486E+12,44.86799054,-93.63095089
5045,2025-08-11-10-20-35-207,1754925635,5045,3.41537E+12,44.86799083,-93.63095617
5046,2025-08-11-10-20-35-713,1754925636,5046,3.41587E+12,44.86799043,-93.63096181
5047,2025-08-11-10-20-36-221,1754925636,5047,3.41638E+12,44.86799006,-93.63096752
5048,2025-08-11-10-20-36-728,1754925637,5048,3.41689E+12,44.86799038,-93.6309716
5049,2025-08-11-10-20-37-234,1754925637,5049,3.41739E+12,44.86799041,-93.63097379
5050,2025-08-11-10-20-37-742,1754925638,5050,3.4179E+12,44.86799038,-93.63097533
5051,2025-08-11-10-20-38-247,1754925638,5051,3.41841E+12,44.86799032,-93.63097861
5052,2025-08-11-10-20-38-755,1754925639,5052,3.41891E+12,44.86799041,-93.63098312
5053,2025-08-11-10-20-39-261,1754925639,5053,3.41942E+12,44.86799027,-93.63098875
5054,2025-08-11-10-20-39-768,1754925640,5054,3.41993E+12,44.86799048,-93.63099251
5055,2025-08-11-10-20-40-274,1754925640,5055,3.42043E+12,44.86799065,-93.6309952
5056,2025-08-11-10-20-40-781,1754925641,5056,3.42094E+12,44.86799063,-93.63099774
5057,2025-08-11-10-20-41-287,1754925641,5057,3.42144E+12,44.86799057,-93.63100223
5058,2025-08-11-10-20-41-793,1754925642,5058,3.42195E+12,44.86799047,-93.63100742
5059,2025-08-11-10-20-42-301,1754925642,5059,3.42246E+12,44.86799015,-93.63101223
5060,2025-08-11-10-20-42-807,1754925643,5060,3.42296E+12,44.86799037,-93.63101638
5061,2025-08-11-10-20-43-314,1754925643,5061,3.42347E+12,44.86799008,-93.63102171
5062,2025-08-11-10-20-43-821,1754925644,5062,3.42398E+12,44.86799003,-93.63102758
5063,2025-08-11-10-20-44-327,1754925644,5063,3.42448E+12,44.86798973,-93.63103319
5064,2025-08-11-10-20-44-834,1754925645,5064,3.42499E+12,44.86798957,-93.63103796
5065,2025-08-11-10-20-45-339,1754925645,5065,3.4255E+12,44.86798965,-93.6310416
5066,2025-08-11-10-20-45-846,1754925646,5066,3.426E+12,44.86798964,-93.63104307
5067,2025-08-11-10-20-46-354,1754925646,5067,3.42651E+12,44.86798967,-93.6310449
5068,2025-08-11-10-20-46-859,1754925647,5068,3.42702E+12,44.86798964,-93.63104826
5069,2025-08-11-10-20-47-366,1754925647,5069,3.42752E+12,44.86798967,-93.63105058
5070,2025-08-11-10-20-47-875,1754925648,5070,3.42803E+12,44.86798968,-93.6310528
5071,2025-08-11-10-20-48-380,1754925648,5071,3.42854E+12,44.86798983,-93.63105593
5072,2025-08-11-10-20-48-886,1754925649,5072,3.42904E+12,44.86798966,-93.63105948
5073,2025-08-11-10-20-49-394,1754925649,5073,3.42955E+12,44.86798972,-93.63106266
5074,2025-08-11-10-20-49-899,1754925650,5074,3.43006E+12,44.86798963,-93.63106543
5075,2025-08-11-10-20-50-406,1754925650,5075,3.43056E+12,44.86798975,-93.63106938
5076,2025-08-11-10-20-50-913,1754925651,5076,3.43107E+12,44.86798962,-93.6310735
5077,2025-08-11-10-20-51-418,1754925651,5077,3.43158E+12,44.86798962,-93.63107687
5078,2025-08-11-10-20-51-926,1754925652,5078,3.43208E+12,44.86798962,-93.6310796
5079,2025-08-11-10-20-52-432,1754925652,5079,3.43259E+12,44.86798981,-93.63108291
5080,2025-08-11-10-20-52-940,1754925653,5080,3.4331E+12,44.86798984,-93.63108749
5081,2025-08-11-10-20-53-444,1754925653,5081,3.4336E+12,44.86798976,-93.63109286
5082,2025-08-11-10-20-53-953,1754925654,5082,3.43411E+12,44.86798969,-93.63109866
5083,2025-08-11-10-20-54-458,1754925654,5083,3.43462E+12,44.86798958,-93.63110398
5084,2025-08-11-10-20-54-965,1754925655,5084,3.43512E+12,44.86798979,-93.63110594
5085,2025-08-11-10-20-55-470,1754925655,5085,3.43563E+12,44.86798976,-93.6311066
5086,2025-08-11-10-20-55-978,1754925656,5086,3.43614E+12,44.86798977,-93.63110711
5087,2025-08-11-10-20-56-485,1754925656,5087,3.43664E+12,44.8679897,-93.63110834
5088,2025-08-11-10-20-56-991,1754925657,5088,3.43715E+12,44.86798972,-93.63111048
5089,2025-08-11-10-20-57-500,1754925658,5089,3.43766E+12,44.86798993,-93.63111444
5090,2025-08-11-10-20-58-004,1754925658,5090,3.43816E+12,44.86798999,-93.63111867
5091,2025-08-11-10-20-58-512,1754925659,5091,3.43867E+12,44.8679899,-93.63112193
5092,2025-08-11-10-20-59-018,1754925659,5092,3.43918E+12,44.86798978,-93.63112472
5093,2025-08-11-10-20-59-525,1754925660,5093,3.43968E+12,44.86798977,-93.63112879
5094,2025-08-11-10-21-00-032,1754925660,5094,3.44019E+12,44.86798986,-93.63113257
5095,2025-08-11-10-21-00-538,1754925661,5095,3.4407E+12,44.86798996,-93.63113547
5096,2025-08-11-10-21-01-046,1754925661,5096,3.4412E+12,44.86798976,-93.63113854
5097,2025-08-11-10-21-01-550,1754925662,5097,3.44171E+12,44.86798981,-93.63114175
5098,2025-08-11-10-21-02-057,1754925662,5098,3.44222E+12,44.86798977,-93.63114496
5099,2025-08-11-10-21-02-565,1754925663,5099,3.44272E+12,44.86798975,-93.63114871
5100,2025-08-11-10-21-03-071,1754925663,5100,3.44323E+12,44.86798976,-93.63115234
5101,2025-08-11-10-21-03-582,1754925664,5101,3.44374E+12,44.86798973,-93.63115622
5102,2025-08-11-10-21-04-086,1754925664,5102,3.44424E+12,44.86798986,-93.63116038
5103,2025-08-11-10-21-04-590,1754925665,5103,3.44475E+12,44.86798975,-93.63116486
5104,2025-08-11-10-21-05-099,1754925665,5104,3.44526E+12,44.86798969,-93.63116881
5105,2025-08-11-10-21-05-606,1754925666,5105,3.44576E+12,44.86798961,-93.63117237
5106,2025-08-11-10-21-06-110,1754925666,5106,3.44627E+12,44.86798965,-93.63117559
5107,2025-08-11-10-21-06-617,1754925667,5107,3.44678E+12,44.86798975,-93.63117817
5108,2025-08-11-10-21-07-125,1754925667,5108,3.44728E+12,44.86798977,-93.6311812
5109,2025-08-11-10-21-07-630,1754925668,5109,3.44779E+12,44.86798978,-93.63118445
5110,2025-08-11-10-21-08-138,1754925668,5110,3.4483E+12,44.8679898,-93.63118798
5111,2025-08-11-10-21-08-644,1754925669,5111,3.4488E+12,44.86798981,-93.6311918
5112,2025-08-11-10-21-09-150,1754925669,5112,3.44931E+12,44.86798967,-93.63119585
5113,2025-08-11-10-21-09-657,1754925670,5113,3.44982E+12,44.86798976,-93.63120013
5114,2025-08-11-10-21-10-164,1754925670,5114,3.45032E+12,44.86798973,-93.63120559
5115,2025-08-11-10-21-10-670,1754925671,5115,3.45083E+12,44.86798975,-93.63120964
5116,2025-08-11-10-21-11-177,1754925671,5116,3.45133E+12,44.86798971,-93.63121269
5117,2025-08-11-10-21-11-683,1754925672,5117,3.45184E+12,44.86798956,-93.63121511
5118,2025-08-11-10-21-12-189,1754925672,5118,3.45235E+12,44.86798952,-93.63121773
5119,2025-08-11-10-21-12-696,1754925673,5119,3.45285E+12,44.86798955,-93.63122103
5120,2025-08-11-10-21-13-203,1754925673,5120,3.45336E+12,44.86798971,-93.63122515
5121,2025-08-11-10-21-13-710,1754925674,5121,3.45387E+12,44.86798955,-93.63122966
5122,2025-08-11-10-21-14-217,1754925674,5122,3.45437E+12,44.86798949,-93.63123439
5123,2025-08-11-10-21-14-723,1754925675,5123,3.45488E+12,44.86798966,-93.63123866
5124,2025-08-11-10-21-15-229,1754925675,5124,3.45539E+12,44.86798962,-93.63124227
5125,2025-08-11-10-21-15-739,1754925676,5125,3.45589E+12,44.8679895,-93.63124504
5126,2025-08-11-10-21-16-242,1754925676,5126,3.4564E+12,44.86798954,-93.63124738
5127,2025-08-11-10-21-16-750,1754925677,5127,3.45691E+12,44.86798962,-93.63125029
5128,2025-08-11-10-21-17-257,1754925677,5128,3.45741E+12,44.86798974,-93.63125404
5129,2025-08-11-10-21-17-762,1754925678,5129,3.45792E+12,44.86798954,-93.6312597
5130,2025-08-11-10-21-18-268,1754925678,5130,3.45843E+12,44.8679896,-93.63126492
5131,2025-08-11-10-21-18-777,1754925679,5131,3.45893E+12,44.86798961,-93.63127026
5132,2025-08-11-10-21-19-284,1754925679,5132,3.45944E+12,44.86798977,-93.63127581
5133,2025-08-11-10-21-19-788,1754925680,5133,3.45995E+12,44.8679898,-93.63128108
5134,2025-08-11-10-21-20-296,1754925680,5134,3.46045E+12,44.86798997,-93.63128643
5135,2025-08-11-10-21-20-801,1754925681,5135,3.46096E+12,44.86798992,-93.63129161
5136,2025-08-11-10-21-21-310,1754925681,5136,3.46147E+12,44.86799009,-93.63129572
5137,2025-08-11-10-21-21-817,1754925682,5137,3.46197E+12,44.8679901,-93.6312988
5138,2025-08-11-10-21-22-323,1754925682,5138,3.46248E+12,44.86799025,-93.63130227
5139,2025-08-11-10-21-22-829,1754925683,5139,3.46299E+12,44.86799025,-93.63130702
5140,2025-08-11-10-21-23-334,1754925683,5140,3.46349E+12,44.86799014,-93.63131271
5141,2025-08-11-10-21-23-842,1754925684,5141,3.464E+12,44.86799027,-93.63131857
5142,2025-08-11-10-21-24-349,1754925684,5142,3.46451E+12,44.86799041,-93.63132438
5143,2025-08-11-10-21-24-855,1754925685,5143,3.46501E+12,44.86799024,-93.6313296
5144,2025-08-11-10-21-25-361,1754925685,5144,3.46552E+12,44.86799037,-93.63133559
5145,2025-08-11-10-21-25-868,1754925686,5145,3.46603E+12,44.86799024,-93.6313398
5146,2025-08-11-10-21-26-376,1754925686,5146,3.46653E+12,44.86799022,-93.63134356
5147,2025-08-11-10-21-26-881,1754925687,5147,3.46704E+12,44.86799031,-93.63134689
5148,2025-08-11-10-21-27-388,1754925687,5148,3.46755E+12,44.86799016,-93.63134994
5149,2025-08-11-10-21-27-897,1754925688,5149,3.46805E+12,44.86799016,-93.63135218
5150,2025-08-11-10-21-28-400,1754925688,5150,3.46856E+12,44.86799022,-93.63135389
5151,2025-08-11-10-21-28-908,1754925689,5151,3.46907E+12,44.86799011,-93.63135647
5152,2025-08-11-10-21-29-413,1754925689,5152,3.46957E+12,44.86799009,-93.63136068
5153,2025-08-11-10-21-29-921,1754925690,5153,3.47008E+12,44.86799006,-93.631365
5154,2025-08-11-10-21-30-429,1754925690,5154,3.47059E+12,44.8679901,-93.63136887
5155,2025-08-11-10-21-30-934,1754925691,5155,3.47109E+12,44.86799003,-93.63137258
5156,2025-08-11-10-21-31-440,1754925691,5156,3.4716E+12,44.86799019,-93.63137689
5157,2025-08-11-10-21-31-947,1754925692,5157,3.47211E+12,44.86799001,-93.63138139
5158,2025-08-11-10-21-32-454,1754925692,5158,3.47261E+12,44.86798992,-93.63138507
5159,2025-08-11-10-21-32-960,1754925693,5159,3.47312E+12,44.86798991,-93.63138739
5160,2025-08-11-10-21-33-468,1754925693,5160,3.47363E+12,44.86798992,-93.63138905
5161,2025-08-11-10-21-33-973,1754925694,5161,3.47413E+12,44.86798989,-93.6313921
5162,2025-08-11-10-21-34-480,1754925694,5162,3.47464E+12,44.86798989,-93.63139596
5163,2025-08-11-10-21-34-987,1754925695,5163,3.47515E+12,44.86798978,-93.63139956
5164,2025-08-11-10-21-35-493,1754925695,5164,3.47565E+12,44.86798995,-93.63140302
5165,2025-08-11-10-21-35-999,1754925696,5165,3.47616E+12,44.86798989,-93.63140727
5166,2025-08-11-10-21-36-506,1754925697,5166,3.47666E+12,44.86798988,-93.63141186
5167,2025-08-11-10-21-37-014,1754925697,5167,3.47717E+12,44.86798988,-93.63141549
5168,2025-08-11-10-21-37-520,1754925698,5168,3.47768E+12,44.86798984,-93.63141809
5169,2025-08-11-10-21-38-026,1754925698,5169,3.47818E+12,44.86798995,-93.63142185
5170,2025-08-11-10-21-38-533,1754925699,5170,3.47869E+12,44.86798998,-93.6314255
5171,2025-08-11-10-21-39-040,1754925699,5171,3.4792E+12,44.86799014,-93.63142844
5172,2025-08-11-10-21-39-548,1754925700,5172,3.4797E+12,44.86799019,-93.63143178
5173,2025-08-11-10-21-40-052,1754925700,5173,3.48021E+12,44.86799011,-93.63143628
5174,2025-08-11-10-21-40-561,1754925701,5174,3.48072E+12,44.8679902,-93.6314426
5175,2025-08-11-10-21-41-066,1754925701,5175,3.48122E+12,44.86799023,-93.63144708
5176,2025-08-11-10-21-41-572,1754925702,5176,3.48173E+12,44.8679903,-93.6314517
5177,2025-08-11-10-21-42-079,1754925702,5177,3.48224E+12,44.86799049,-93.63145759
5178,2025-08-11-10-21-42-585,1754925703,5178,3.48274E+12,44.86799017,-93.63146291
5179,2025-08-11-10-21-43-094,1754925703,5179,3.48325E+12,44.86799042,-93.63146779
5180,2025-08-11-10-21-43-600,1754925704,5180,3.48376E+12,44.86799023,-93.63147133
5181,2025-08-11-10-21-44-105,1754925704,5181,3.48426E+12,44.86799035,-93.63147434
5182,2025-08-11-10-21-44-612,1754925705,5182,3.48477E+12,44.86799036,-93.63147786
5183,2025-08-11-10-21-45-119,1754925705,5183,3.48528E+12,44.86799037,-93.63148263
5184,2025-08-11-10-21-45-627,1754925706,5184,3.48578E+12,44.86799036,-93.63148837
5185,2025-08-11-10-21-46-131,1754925706,5185,3.48629E+12,44.8679903,-93.63149266
5186,2025-08-11-10-21-46-639,1754925707,5186,3.4868E+12,44.86799035,-93.63149691
5187,2025-08-11-10-21-47-144,1754925707,5187,3.4873E+12,44.86799039,-93.6315012
5188,2025-08-11-10-21-47-652,1754925708,5188,3.48781E+12,44.86799005,-93.63150749
5189,2025-08-11-10-21-48-159,1754925708,5189,3.48832E+12,44.86799014,-93.63151149
5190,2025-08-11-10-21-48-665,1754925709,5190,3.48882E+12,44.86799021,-93.63151655
5191,2025-08-11-10-21-49-173,1754925709,5191,3.48933E+12,44.86799025,-93.63152054
5192,2025-08-11-10-21-49-680,1754925710,5192,3.48984E+12,44.86799035,-93.63152506
5193,2025-08-11-10-21-50-185,1754925710,5193,3.49034E+12,44.86799034,-93.6315298
5194,2025-08-11-10-21-50-693,1754925711,5194,3.49085E+12,44.86799004,-93.63153466
5195,2025-08-11-10-21-51-199,1754925711,5195,3.49136E+12,44.86799024,-93.63153947
5196,2025-08-11-10-21-51-706,1754925712,5196,3.49186E+12,44.86799011,-93.63154379
5197,2025-08-11-10-21-52-212,1754925712,5197,3.49237E+12,44.86799024,-93.63154765
5198,2025-08-11-10-21-52-720,1754925713,5198,3.49288E+12,44.86799023,-93.63155134
5199,2025-08-11-10-21-53-225,1754925713,5199,3.49338E+12,44.86799032,-93.63155512
5200,2025-08-11-10-21-53-732,1754925714,5200,3.49389E+12,44.86799011,-93.63155891
5201,2025-08-11-10-21-54-237,1754925714,5201,3.4944E+12,44.8679901,-93.63156295
5202,2025-08-11-10-21-54-745,1754925715,5202,3.4949E+12,44.86799011,-93.63156701
5203,2025-08-11-10-21-55-251,1754925715,5203,3.49541E+12,44.86798997,-93.63157168
5204,2025-08-11-10-21-55-756,1754925716,5204,3.49592E+12,44.86799008,-93.63157742
5205,2025-08-11-10-21-56-264,1754925716,5205,3.49642E+12,44.86799006,-93.63158163
5206,2025-08-11-10-21-56-770,1754925717,5206,3.49693E+12,44.86798987,-93.63158598
5207,2025-08-11-10-21-57-277,1754925717,5207,3.49744E+12,44.86798974,-93.63158954
5208,2025-08-11-10-21-57-786,1754925718,5208,3.49794E+12,44.8679898,-93.63159231
5209,2025-08-11-10-21-58-291,1754925718,5209,3.49845E+12,44.86798981,-93.63159523
5210,2025-08-11-10-21-58-798,1754925719,5210,3.49896E+12,44.86798982,-93.63159843
5211,2025-08-11-10-21-59-304,1754925719,5211,3.49946E+12,44.86798978,-93.63160215
5212,2025-08-11-10-21-59-811,1754925720,5212,3.49997E+12,44.86798973,-93.63160642
5213,2025-08-11-10-22-00-318,1754925720,5213,3.50048E+12,44.86798963,-93.63161139
5214,2025-08-11-10-22-00-825,1754925721,5214,3.50098E+12,44.86798944,-93.63161683
5215,2025-08-11-10-22-01-332,1754925721,5215,3.50149E+12,44.86798962,-93.63162232
5216,2025-08-11-10-22-01-837,1754925722,5216,3.502E+12,44.86798967,-93.63162774
5217,2025-08-11-10-22-02-344,1754925722,5217,3.5025E+12,44.86798961,-93.63163325
5218,2025-08-11-10-22-02-850,1754925723,5218,3.50301E+12,44.86798945,-93.63163868
5219,2025-08-11-10-22-03-356,1754925723,5219,3.50352E+12,44.86798952,-93.63164419
5220,2025-08-11-10-22-03-865,1754925724,5220,3.50402E+12,44.86798955,-93.63165034
5221,2025-08-11-10-22-04-370,1754925724,5221,3.50453E+12,44.86798959,-93.63165532
5222,2025-08-11-10-22-04-881,1754925725,5222,3.50504E+12,44.8679898,-93.6316602
5223,2025-08-11-10-22-05-385,1754925725,5223,3.50554E+12,44.86798973,-93.63166459
5224,2025-08-11-10-22-05-891,1754925726,5224,3.50605E+12,44.86798976,-93.63166918
5225,2025-08-11-10-22-06-397,1754925726,5225,3.50656E+12,44.8679898,-93.63167399
5226,2025-08-11-10-22-06-903,1754925727,5226,3.50706E+12,44.86798989,-93.63167895
5227,2025-08-11-10-22-07-411,1754925727,5227,3.50757E+12,44.86798984,-93.6316843
5228,2025-08-11-10-22-07-917,1754925728,5228,3.50808E+12,44.86799,-93.63169057
5229,2025-08-11-10-22-08-425,1754925728,5229,3.50858E+12,44.86798994,-93.63169725
5230,2025-08-11-10-22-08-929,1754925729,5230,3.50909E+12,44.8679901,-93.63170362
5231,2025-08-11-10-22-09-438,1754925729,5231,3.5096E+12,44.86798995,-93.63170891
5232,2025-08-11-10-22-09-943,1754925730,5232,3.5101E+12,44.86798992,-93.6317136
5233,2025-08-11-10-22-10-450,1754925730,5233,3.51061E+12,44.86798992,-93.63171827
5234,2025-08-11-10-22-10-957,1754925731,5234,3.51112E+12,44.8679901,-93.63172446
5235,2025-08-11-10-22-11-462,1754925731,5235,3.51162E+12,44.8679901,-93.63172985
5236,2025-08-11-10-22-11-971,1754925732,5236,3.51213E+12,44.86798985,-93.6317356
5237,2025-08-11-10-22-12-477,1754925732,5237,3.51264E+12,44.86798993,-93.63174167
5238,2025-08-11-10-22-12-984,1754925733,5238,3.51314E+12,44.86798993,-93.63174756
5239,2025-08-11-10-22-13-489,1754925733,5239,3.51365E+12,44.86798995,-93.63175384
5240,2025-08-11-10-22-13-997,1754925734,5240,3.51416E+12,44.86798978,-93.63176018
5241,2025-08-11-10-22-14-504,1754925735,5241,3.51466E+12,44.86798998,-93.63176672
5242,2025-08-11-10-22-15-008,1754925735,5242,3.51517E+12,44.86799011,-93.63177354
5243,2025-08-11-10-22-15-517,1754925736,5243,3.51568E+12,44.86798985,-93.63177998
5244,2025-08-11-10-22-16-022,1754925736,5244,3.51618E+12,44.86799009,-93.63178626
5245,2025-08-11-10-22-16-529,1754925737,5245,3.51669E+12,44.86799004,-93.63179254
5246,2025-08-11-10-22-17-036,1754925737,5246,3.5172E+12,44.86799029,-93.63179891
5247,2025-08-11-10-22-17-542,1754925738,5247,3.5177E+12,44.86799006,-93.63180542
5248,2025-08-11-10-22-18-049,1754925738,5248,3.51821E+12,44.86799016,-93.63181086
5249,2025-08-11-10-22-18-555,1754925739,5249,3.51871E+12,44.86799034,-93.63181532
5250,2025-08-11-10-22-19-059,1754925739,5250,3.51922E+12,44.86799032,-93.63182055
5251,2025-08-11-10-22-19-569,1754925740,5251,3.51973E+12,44.86799033,-93.63182508
5252,2025-08-11-10-22-20-077,1754925740,5252,3.52023E+12,44.86799054,-93.63182989
5253,2025-08-11-10-22-20-583,1754925741,5253,3.52074E+12,44.86799062,-93.63183551
5254,2025-08-11-10-22-21-089,1754925741,5254,3.52125E+12,44.86799059,-93.63184159
5255,2025-08-11-10-22-21-596,1754925742,5255,3.52175E+12,44.86799074,-93.63184857
5256,2025-08-11-10-22-22-103,1754925742,5256,3.52226E+12,44.86799075,-93.63185605
5257,2025-08-11-10-22-22-609,1754925743,5257,3.52277E+12,44.86799084,-93.63186318
5258,2025-08-11-10-22-23-115,1754925743,5258,3.52327E+12,44.86799081,-93.63187046
5259,2025-08-11-10-22-23-621,1754925744,5259,3.52378E+12,44.86799081,-93.63187721
5260,2025-08-11-10-22-24-129,1754925744,5260,3.52429E+12,44.8679906,-93.63188381
5261,2025-08-11-10-22-24-636,1754925745,5261,3.52479E+12,44.86799068,-93.63188969
5262,2025-08-11-10-22-25-142,1754925745,5262,3.5253E+12,44.86799073,-93.6318948
5263,2025-08-11-10-22-25-649,1754925746,5263,3.52581E+12,44.86799075,-93.63189989
5264,2025-08-11-10-22-26-155,1754925746,5264,3.52631E+12,44.86799066,-93.6319061
5265,2025-08-11-10-22-26-661,1754925747,5265,3.52682E+12,44.8679905,-93.6319112
5266,2025-08-11-10-22-27-169,1754925747,5266,3.52733E+12,44.86799054,-93.63191686
5267,2025-08-11-10-22-27-676,1754925748,5267,3.52783E+12,44.86799056,-93.6319224
5268,2025-08-11-10-22-28-182,1754925748,5268,3.52834E+12,44.86799056,-93.63192825
5269,2025-08-11-10-22-28-688,1754925749,5269,3.52885E+12,44.86799062,-93.63193398
5270,2025-08-11-10-22-29-195,1754925749,5270,3.52935E+12,44.86799037,-93.63193996
5271,2025-08-11-10-22-29-703,1754925750,5271,3.52986E+12,44.86799031,-93.63194575
5272,2025-08-11-10-22-30-208,1754925750,5272,3.53037E+12,44.86799021,-93.63195146
5273,2025-08-11-10-22-30-714,1754925751,5273,3.53087E+12,44.86799013,-93.63195732
5274,2025-08-11-10-22-31-224,1754925751,5274,3.53138E+12,44.86798999,-93.63196265
5275,2025-08-11-10-22-31-728,1754925752,5275,3.53189E+12,44.86799014,-93.63196796
5276,2025-08-11-10-22-32-235,1754925752,5276,3.53239E+12,44.86798987,-93.63197295
5277,2025-08-11-10-22-32-741,1754925753,5277,3.5329E+12,44.86798991,-93.63197781
5278,2025-08-11-10-22-33-248,1754925753,5278,3.53341E+12,44.86798973,-93.63198232
5279,2025-08-11-10-22-33-755,1754925754,5279,3.53391E+12,44.86798961,-93.63198651
5280,2025-08-11-10-22-34-261,1754925754,5280,3.53442E+12,44.86798952,-93.63199144
5281,2025-08-11-10-22-34-768,1754925755,5281,3.53493E+12,44.86798966,-93.63199604
5282,2025-08-11-10-22-35-274,1754925755,5282,3.53543E+12,44.86798957,-93.63200059
5283,2025-08-11-10-22-35-783,1754925756,5283,3.53594E+12,44.86798956,-93.63200506
5284,2025-08-11-10-22-36-288,1754925756,5284,3.53645E+12,44.86798942,-93.63200971
5285,2025-08-11-10-22-36-795,1754925757,5285,3.53695E+12,44.86798979,-93.63201475
5286,2025-08-11-10-22-37-302,1754925757,5286,3.53746E+12,44.8679896,-93.63201948
5287,2025-08-11-10-22-37-807,1754925758,5287,3.53797E+12,44.86798967,-93.63202461
5288,2025-08-11-10-22-38-316,1754925758,5288,3.53847E+12,44.86798966,-93.63203025
5289,2025-08-11-10-22-38-822,1754925759,5289,3.53898E+12,44.86798966,-93.63203566
5290,2025-08-11-10-22-39-328,1754925759,5290,3.53949E+12,44.86798977,-93.63204141
5291,2025-08-11-10-22-39-834,1754925760,5291,3.53999E+12,44.86798977,-93.6320474
5292,2025-08-11-10-22-40-341,1754925760,5292,3.5405E+12,44.86798973,-93.6320533
5293,2025-08-11-10-22-40-848,1754925761,5293,3.54101E+12,44.86798972,-93.63205938
5294,2025-08-11-10-22-41-354,1754925761,5294,3.54151E+12,44.86798977,-93.63206468
5295,2025-08-11-10-22-41-863,1754925762,5295,3.54202E+12,44.86798962,-93.63207043
5296,2025-08-11-10-22-42-366,1754925762,5296,3.54253E+12,44.86798958,-93.63207486
5297,2025-08-11-10-22-42-875,1754925763,5297,3.54303E+12,44.86798966,-93.63207875
5298,2025-08-11-10-22-43-382,1754925763,5298,3.54354E+12,44.86798979,-93.63208232
5299,2025-08-11-10-22-43-886,1754925764,5299,3.54405E+12,44.86798974,-93.63208569
5300,2025-08-11-10-22-44-394,1754925764,5300,3.54455E+12,44.8679899,-93.63208856
5301,2025-08-11-10-22-44-900,1754925765,5301,3.54506E+12,44.8679899,-93.63209195
5302,2025-08-11-10-22-45-404,1754925765,5302,3.54557E+12,44.86798997,-93.63209576
5303,2025-08-11-10-22-45-913,1754925766,5303,3.54607E+12,44.86798972,-93.63210065
5304,2025-08-11-10-22-46-422,1754925766,5304,3.54658E+12,44.86798984,-93.63210668
5305,2025-08-11-10-22-46-927,1754925767,5305,3.54709E+12,44.86798995,-93.63211297
5306,2025-08-11-10-22-47-434,1754925767,5306,3.54759E+12,44.86798989,-93.63211911
5307,2025-08-11-10-22-47-940,1754925768,5307,3.5481E+12,44.8679899,-93.63212511
5308,2025-08-11-10-22-48-446,1754925768,5308,3.54861E+12,44.86798982,-93.63213069
5309,2025-08-11-10-22-48-954,1754925769,5309,3.54911E+12,44.86798986,-93.63213685
5310,2025-08-11-10-22-49-460,1754925769,5310,3.54962E+12,44.86799006,-93.63214116
5311,2025-08-11-10-22-49-968,1754925770,5311,3.55013E+12,44.86798997,-93.63214435
5312,2025-08-11-10-22-50-473,1754925770,5312,3.55063E+12,44.86798993,-93.63214734
5313,2025-08-11-10-22-50-980,1754925771,5313,3.55114E+12,44.8679897,-93.63215035
5314,2025-08-11-10-22-51-488,1754925771,5314,3.55165E+12,44.86798983,-93.632154
5315,2025-08-11-10-22-51-991,1754925772,5315,3.55215E+12,44.8679897,-93.63215756
5316,2025-08-11-10-22-52-500,1754925773,5316,3.55266E+12,44.86798959,-93.63216235
5317,2025-08-11-10-22-53-006,1754925773,5317,3.55317E+12,44.8679896,-93.63216783
5318,2025-08-11-10-22-53-512,1754925774,5318,3.55367E+12,44.86798988,-93.63217403
5319,2025-08-11-10-22-54-020,1754925774,5319,3.55418E+12,44.86798957,-93.63218064
5320,2025-08-11-10-22-54-525,1754925775,5320,3.55469E+12,44.86798938,-93.63218726
5321,2025-08-11-10-22-55-035,1754925775,5321,3.55519E+12,44.86798909,-93.63219353
5322,2025-08-11-10-22-55-539,1754925776,5322,3.5557E+12,44.86798933,-93.63219882
5323,2025-08-11-10-22-56-046,1754925776,5323,3.55621E+12,44.86798905,-93.63220311
5324,2025-08-11-10-22-56-553,1754925777,5324,3.55671E+12,44.86798931,-93.63220663
5325,2025-08-11-10-22-57-058,1754925777,5325,3.55722E+12,44.86798928,-93.63221059
5326,2025-08-11-10-22-57-567,1754925778,5326,3.55773E+12,44.86798923,-93.6322145
5327,2025-08-11-10-22-58-074,1754925778,5327,3.55823E+12,44.86798922,-93.63221866
5328,2025-08-11-10-22-58-580,1754925779,5328,3.55874E+12,44.86798924,-93.63222298
5329,2025-08-11-10-22-59-086,1754925779,5329,3.55924E+12,44.8679895,-93.63222748
5330,2025-08-11-10-22-59-593,1754925780,5330,3.55975E+12,44.86798912,-93.63223231
5331,2025-08-11-10-23-00-100,1754925780,5331,3.56026E+12,44.86798934,-93.63223731
5332,2025-08-11-10-23-00-606,1754925781,5332,3.56076E+12,44.86798904,-93.63224238
5333,2025-08-11-10-23-01-113,1754925781,5333,3.56127E+12,44.8679887,-93.63224761
5334,2025-08-11-10-23-01-619,1754925782,5334,3.56178E+12,44.86798877,-93.63225319
5335,2025-08-11-10-23-02-126,1754925782,5335,3.56228E+12,44.8679887,-93.63225931
5336,2025-08-11-10-23-02-631,1754925783,5336,3.56279E+12,44.86798885,-93.63226527
5337,2025-08-11-10-23-03-136,1754925783,5337,3.5633E+12,44.86798875,-93.63227047
5338,2025-08-11-10-23-03-645,1754925784,5338,3.5638E+12,44.86798858,-93.63227437
5339,2025-08-11-10-23-04-152,1754925784,5339,3.56431E+12,44.86798875,-93.63227732
5340,2025-08-11-10-23-04-659,1754925785,5340,3.56482E+12,44.86798876,-93.63228089
5341,2025-08-11-10-23-05-166,1754925785,5341,3.56532E+12,44.86798874,-93.63228463
5342,2025-08-11-10-23-05-673,1754925786,5342,3.56583E+12,44.86798883,-93.63228938
5343,2025-08-11-10-23-06-179,1754925786,5343,3.56634E+12,44.86798883,-93.63229434
5344,2025-08-11-10-23-06-685,1754925787,5344,3.56684E+12,44.86798891,-93.63229874
5345,2025-08-11-10-23-07-191,1754925787,5345,3.56735E+12,44.86798894,-93.63230218
5346,2025-08-11-10-23-07-699,1754925788,5346,3.56786E+12,44.86798905,-93.63230547
5347,2025-08-11-10-23-08-206,1754925788,5347,3.56836E+12,44.86798905,-93.63230934
5348,2025-08-11-10-23-08-712,1754925789,5348,3.56887E+12,44.86798909,-93.63231405
5349,2025-08-11-10-23-09-217,1754925789,5349,3.56938E+12,44.86798915,-93.63231972
5350,2025-08-11-10-23-09-724,1754925790,5350,3.56988E+12,44.86798928,-93.6323265
5351,2025-08-11-10-23-10-231,1754925790,5351,3.57039E+12,44.86798951,-93.63233348
5352,2025-08-11-10-23-10-737,1754925791,5352,3.5709E+12,44.86798937,-93.63234056
5353,2025-08-11-10-23-11-244,1754925791,5353,3.5714E+12,44.86798961,-93.63234753
5354,2025-08-11-10-23-11-752,1754925792,5354,3.57191E+12,44.86798975,-93.63235609
5355,2025-08-11-10-23-12-259,1754925792,5355,3.57242E+12,44.86798979,-93.63236306
5356,2025-08-11-10-23-12-765,1754925793,5356,3.57292E+12,44.86798978,-93.63236933
5357,2025-08-11-10-23-13-273,1754925793,5357,3.57343E+12,44.86798983,-93.6323747
5358,2025-08-11-10-23-13-780,1754925794,5358,3.57394E+12,44.86799012,-93.63237976
5359,2025-08-11-10-23-14-283,1754925794,5359,3.57444E+12,44.86799012,-93.63238545
5360,2025-08-11-10-23-14-790,1754925795,5360,3.57495E+12,44.86799005,-93.63239195
5361,2025-08-11-10-23-15-298,1754925795,5361,3.57546E+12,44.86799031,-93.63239904
5362,2025-08-11-10-23-15-804,1754925796,5362,3.57596E+12,44.86799028,-93.63240606
5363,2025-08-11-10-23-16-311,1754925796,5363,3.57647E+12,44.86799054,-93.63241271
5364,2025-08-11-10-23-16-818,1754925797,5364,3.57698E+12,44.86799056,-93.63241894
5365,2025-08-11-10-23-17-325,1754925797,5365,3.57748E+12,44.86799075,-93.63242469
5366,2025-08-11-10-23-17-832,1754925798,5366,3.57799E+12,44.86799077,-93.63242988
5367,2025-08-11-10-23-18-339,1754925798,5367,3.5785E+12,44.86799086,-93.63243494
5368,2025-08-11-10-23-18-844,1754925799,5368,3.579E+12,44.86799089,-93.63243983
5369,2025-08-11-10-23-19-352,1754925799,5369,3.57951E+12,44.86799088,-93.63244524
5370,2025-08-11-10-23-19-857,1754925800,5370,3.58002E+12,44.86799087,-93.63245191
5371,2025-08-11-10-23-20-364,1754925800,5371,3.58052E+12,44.86799074,-93.63246126
5372,2025-08-11-10-23-20-870,1754925801,5372,3.58103E+12,44.86799025,-93.63247255
5373,2025-08-11-10-23-21-379,1754925801,5373,3.58154E+12,44.8679882,-93.63248473
5374,2025-08-11-10-23-21-884,1754925802,5374,3.58204E+12,44.86798424,-93.63249595
5375,2025-08-11-10-23-22-390,1754925802,5375,3.58255E+12,44.86797755,-93.63250355
5376,2025-08-11-10-23-22-897,1754925803,5376,3.58306E+12,44.86797064,-93.63250811
5377,2025-08-11-10-23-23-403,1754925803,5377,3.58356E+12,44.86796538,-93.63250879
5378,2025-08-11-10-23-23-910,1754925804,5378,3.58407E+12,44.86796272,-93.63250859
5379,2025-08-11-10-23-24-418,1754925804,5379,3.58458E+12,44.86796274,-93.63250854
5380,2025-08-11-10-23-24-923,1754925805,5380,3.58508E+12,44.86796346,-93.63250861
5381,2025-08-11-10-23-25-430,1754925805,5381,3.58559E+12,44.86796448,-93.63250857
5382,2025-08-11-10-23-25-936,1754925806,5382,3.5861E+12,44.8679671,-93.632508
5383,2025-08-11-10-23-26-443,1754925806,5383,3.5866E+12,44.86797101,-93.6325061
5384,2025-08-11-10-23-26-950,1754925807,5384,3.58711E+12,44.86797513,-93.63250386
5385,2025-08-11-10-23-27-458,1754925807,5385,3.58762E+12,44.86798065,-93.63250126
5386,2025-08-11-10-23-27-965,1754925808,5386,3.58812E+12,44.86798638,-93.63249851
5387,2025-08-11-10-23-28-470,1754925808,5387,3.58863E+12,44.86799357,-93.63249597
5388,2025-08-11-10-23-28-977,1754925809,5388,3.58914E+12,44.8680018,-93.63249421
5389,2025-08-11-10-23-29-484,1754925809,5389,3.58964E+12,44.86800909,-93.6324937
5390,2025-08-11-10-23-29-992,1754925810,5390,3.59015E+12,44.86801416,-93.63249356
5391,2025-08-11-10-23-30-496,1754925810,5391,3.59066E+12,44.86801667,-93.63249348
5392,2025-08-11-10-23-31-005,1754925811,5392,3.59116E+12,44.86801766,-93.63249351
5393,2025-08-11-10-23-31-511,1754925812,5393,3.59167E+12,44.86801821,-93.63249351
5394,2025-08-11-10-23-32-017,1754925812,5394,3.59218E+12,44.86801887,-93.63249352
5395,2025-08-11-10-23-32-524,1754925813,5395,3.59268E+12,44.86801906,-93.6324935
5396,2025-08-11-10-23-33-029,1754925813,5396,3.59319E+12,44.86801797,-93.63249347
5397,2025-08-11-10-23-33-537,1754925814,5397,3.5937E+12,44.86801612,-93.63249328
5398,2025-08-11-10-23-34-043,1754925814,5398,3.5942E+12,44.86801345,-93.63249265
5399,2025-08-11-10-23-34-553,1754925815,5399,3.59471E+12,44.86801001,-93.63249073
5400,2025-08-11-10-23-35-056,1754925815,5400,3.59522E+12,44.86800576,-93.63248794
5401,2025-08-11-10-23-35-563,1754925816,5401,3.59572E+12,44.86800111,-93.63248132
5402,2025-08-11-10-23-36-071,1754925816,5402,3.59623E+12,44.86799833,-93.6324757
5403,2025-08-11-10-23-36-577,1754925817,5403,3.59674E+12,44.86799678,-93.63247137
5404,2025-08-11-10-23-37-082,1754925817,5404,3.59724E+12,44.86799606,-93.63246876
5405,2025-08-11-10-23-37-594,1754925818,5405,3.59775E+12,44.86799573,-93.63246763
5406,2025-08-11-10-23-38-097,1754925818,5406,3.59826E+12,44.86799534,-93.63246612
5407,2025-08-11-10-23-38-602,1754925819,5407,3.59876E+12,44.86799472,-93.63246313
5408,2025-08-11-10-23-39-110,1754925819,5408,3.59927E+12,44.86799424,-93.6324581
5409,2025-08-11-10-23-39-614,1754925820,5409,3.59978E+12,44.86799326,-93.63245028
5410,2025-08-11-10-23-40-128,1754925820,5410,3.60028E+12,44.8679923,-93.63243973
5411,2025-08-11-10-23-40-634,1754925821,5411,3.60079E+12,44.86799157,-93.63242824
5412,2025-08-11-10-23-41-138,1754925821,5412,3.6013E+12,44.86799122,-93.63241584
5413,2025-08-11-10-23-41-644,1754925822,5413,3.6018E+12,44.86799077,-93.63240218
5414,2025-08-11-10-23-42-150,1754925822,5414,3.60231E+12,44.86799031,-93.63238702
5415,2025-08-11-10-23-42-661,1754925823,5415,3.60282E+12,44.86798961,-93.63236691
5416,2025-08-11-10-23-43-167,1754925823,5416,3.60332E+12,44.86798961,-93.63234901
5417,2025-08-11-10-23-43-672,1754925824,5417,3.60383E+12,44.86798951,-93.63233067
5418,2025-08-11-10-23-44-177,1754925824,5418,3.60434E+12,44.8679893,-93.63231217
5419,2025-08-11-10-23-44-682,1754925825,5419,3.60484E+12,44.86798902,-93.63229292
5420,2025-08-11-10-23-45-190,1754925825,5420,3.60535E+12,44.86798915,-93.63227349
5421,2025-08-11-10-23-45-700,1754925826,5421,3.60586E+12,44.86798921,-93.63225343
5422,2025-08-11-10-23-46-204,1754925826,5422,3.60636E+12,44.86798963,-93.63223342
5423,2025-08-11-10-23-46-710,1754925827,5423,3.60687E+12,44.86798952,-93.6322132
5424,2025-08-11-10-23-47-215,1754925827,5424,3.60738E+12,44.86798944,-93.63219277
5425,2025-08-11-10-23-47-721,1754925828,5425,3.60788E+12,44.86798968,-93.63217241
5426,2025-08-11-10-23-48-228,1754925828,5426,3.60839E+12,44.86799008,-93.63215225
5427,2025-08-11-10-23-48-735,1754925829,5427,3.6089E+12,44.86798991,-93.63213206
5428,2025-08-11-10-23-49-243,1754925829,5428,3.6094E+12,44.86799037,-93.63211221
5429,2025-08-11-10-23-49-747,1754925830,5429,3.60991E+12,44.86799049,-93.63209235
5430,2025-08-11-10-23-50-255,1754925830,5430,3.61042E+12,44.86799037,-93.63206916
5431,2025-08-11-10-23-50-761,1754925831,5431,3.61092E+12,44.86799041,-93.63204968
5432,2025-08-11-10-23-51-268,1754925831,5432,3.61143E+12,44.86799047,-93.63203029
5433,2025-08-11-10-23-51-776,1754925832,5433,3.61194E+12,44.8679905,-93.63201012
5434,2025-08-11-10-23-52-281,1754925832,5434,3.61244E+12,44.86799042,-93.63198991
5435,2025-08-11-10-23-52-788,1754925833,5435,3.61295E+12,44.86799063,-93.6319693
5436,2025-08-11-10-23-53-295,1754925833,5436,3.61345E+12,44.86799078,-93.63194856
5437,2025-08-11-10-23-53-802,1754925834,5437,3.61396E+12,44.86799087,-93.63192791
5438,2025-08-11-10-23-54-308,1754925834,5438,3.61447E+12,44.86799085,-93.6319074
5439,2025-08-11-10-23-54-817,1754925835,5439,3.61497E+12,44.8679908,-93.63188668
5440,2025-08-11-10-23-55-321,1754925835,5440,3.61548E+12,44.86799082,-93.63186581
5441,2025-08-11-10-23-55-829,1754925836,5441,3.61599E+12,44.86799063,-93.63184493
5442,2025-08-11-10-23-56-336,1754925836,5442,3.61649E+12,44.86799071,-93.63182392
5443,2025-08-11-10-23-56-841,1754925837,5443,3.617E+12,44.86799071,-93.63180264
5444,2025-08-11-10-23-57-349,1754925837,5444,3.61751E+12,44.8679903,-93.63178184
5445,2025-08-11-10-23-57-855,1754925838,5445,3.61801E+12,44.86799032,-93.6317574
5446,2025-08-11-10-23-58-362,1754925838,5446,3.61852E+12,44.86799022,-93.63173742
5447,2025-08-11-10-23-58-867,1754925839,5447,3.61903E+12,44.86799032,-93.63171821
5448,2025-08-11-10-23-59-375,1754925839,5448,3.61953E+12,44.86799046,-93.63169909
5449,2025-08-11-10-23-59-883,1754925840,5449,3.62004E+12,44.86799012,-93.63168082
5450,2025-08-11-10-24-00-388,1754925840,5450,3.62055E+12,44.8679898,-93.63166489
5451,2025-08-11-10-24-00-897,1754925841,5451,3.62105E+12,44.86798953,-93.63165201
5452,2025-08-11-10-24-01-401,1754925841,5452,3.62156E+12,44.86798945,-93.63164314
5453,2025-08-11-10-24-01-908,1754925842,5453,3.62207E+12,44.86798932,-93.6316387
5454,2025-08-11-10-24-02-414,1754925842,5454,3.62257E+12,44.86798939,-93.63163572
5455,2025-08-11-10-24-02-922,1754925843,5455,3.62308E+12,44.86798934,-93.63163319
5456,2025-08-11-10-24-03-428,1754925843,5456,3.62359E+12,44.86798923,-93.63163104
5457,2025-08-11-10-24-03-935,1754925844,5457,3.62409E+12,44.86798918,-93.63162848
5458,2025-08-11-10-24-04-442,1754925844,5458,3.6246E+12,44.86798902,-93.63162553
5459,2025-08-11-10-24-04-949,1754925845,5459,3.62511E+12,44.86798896,-93.63162277
5460,2025-08-11-10-24-05-455,1754925845,5460,3.62562E+12,44.86798897,-93.63161907
5461,2025-08-11-10-24-05-962,1754925846,5461,3.62612E+12,44.86798876,-93.63161363
5462,2025-08-11-10-24-06-468,1754925846,5462,3.62663E+12,44.8679888,-93.63160901
5463,2025-08-11-10-24-06-976,1754925847,5463,3.62714E+12,44.86798863,-93.63160467
5464,2025-08-11-10-24-07-481,1754925847,5464,3.62764E+12,44.8679887,-93.63160006
5465,2025-08-11-10-24-07-990,1754925848,5465,3.62815E+12,44.86798855,-93.63159571
5466,2025-08-11-10-24-08-496,1754925848,5466,3.62866E+12,44.86798866,-93.63159144
5467,2025-08-11-10-24-09-002,1754925849,5467,3.62916E+12,44.86798873,-93.63158694
5468,2025-08-11-10-24-09-508,1754925850,5468,3.62967E+12,44.86798864,-93.63158306
5469,2025-08-11-10-24-10-014,1754925850,5469,3.63018E+12,44.86798879,-93.63157908
5470,2025-08-11-10-24-10-521,1754925851,5470,3.63068E+12,44.86798898,-93.63157475
5471,2025-08-11-10-24-11-028,1754925851,5471,3.63119E+12,44.86798897,-93.63157027
5472,2025-08-11-10-24-11-535,1754925852,5472,3.6317E+12,44.86798912,-93.63156577
5473,2025-08-11-10-24-12-043,1754925852,5473,3.6322E+12,44.8679893,-93.63156085
5474,2025-08-11-10-24-12-548,1754925853,5474,3.63271E+12,44.86798937,-93.63155597
5475,2025-08-11-10-24-13-056,1754925853,5475,3.63322E+12,44.86798942,-93.63155054
5476,2025-08-11-10-24-13-562,1754925854,5476,3.63372E+12,44.86798959,-93.63154373
5477,2025-08-11-10-24-14-069,1754925854,5477,3.63423E+12,44.86798949,-93.63153791
5478,2025-08-11-10-24-14-575,1754925855,5478,3.63474E+12,44.86798965,-93.6315316
5479,2025-08-11-10-24-15-081,1754925855,5479,3.63524E+12,44.86798951,-93.63152494
5480,2025-08-11-10-24-15-589,1754925856,5480,3.63575E+12,44.86798942,-93.63151808
5481,2025-08-11-10-24-16-094,1754925856,5481,3.63626E+12,44.86798931,-93.63151197
5482,2025-08-11-10-24-16-602,1754925857,5482,3.63676E+12,44.86798954,-93.63150681
5483,2025-08-11-10-24-17-108,1754925857,5483,3.63727E+12,44.86798947,-93.63150203
5484,2025-08-11-10-24-17-616,1754925858,5484,3.63778E+12,44.86798934,-93.63149761
5485,2025-08-11-10-24-18-121,1754925858,5485,3.63828E+12,44.86798931,-93.63149308
5486,2025-08-11-10-24-18-631,1754925859,5486,3.63879E+12,44.86798928,-93.63148878
5487,2025-08-11-10-24-19-135,1754925859,5487,3.6393E+12,44.86798927,-93.63148508
5488,2025-08-11-10-24-19-643,1754925860,5488,3.6398E+12,44.86798924,-93.6314814
5489,2025-08-11-10-24-20-147,1754925860,5489,3.64031E+12,44.86798918,-93.63147678
5490,2025-08-11-10-24-20-656,1754925861,5490,3.64082E+12,44.86798924,-93.63147265
5491,2025-08-11-10-24-21-166,1754925861,5491,3.64132E+12,44.86798917,-93.63146851
5492,2025-08-11-10-24-21-668,1754925862,5492,3.64183E+12,44.86798918,-93.63146469
5493,2025-08-11-10-24-22-176,1754925862,5493,3.64234E+12,44.86798921,-93.63146083
5494,2025-08-11-10-24-22-681,1754925863,5494,3.64284E+12,44.8679892,-93.63145704
5495,2025-08-11-10-24-23-188,1754925863,5495,3.64335E+12,44.86798911,-93.63145322
5496,2025-08-11-10-24-23-696,1754925864,5496,3.64386E+12,44.86798902,-93.63144941
5497,2025-08-11-10-24-24-202,1754925864,5497,3.64436E+12,44.86798918,-93.63144505
5498,2025-08-11-10-24-24-709,1754925865,5498,3.64487E+12,44.86798915,-93.63144092
5499,2025-08-11-10-24-25-215,1754925865,5499,3.64538E+12,44.86798919,-93.63143685
5500,2025-08-11-10-24-25-722,1754925866,5500,3.64588E+12,44.86798915,-93.63143273
5501,2025-08-11-10-24-26-228,1754925866,5501,3.64639E+12,44.86798916,-93.63142841
5502,2025-08-11-10-24-26-736,1754925867,5502,3.6469E+12,44.86798905,-93.63142387
5503,2025-08-11-10-24-27-242,1754925867,5503,3.6474E+12,44.86798911,-93.63141952
5504,2025-08-11-10-24-27-750,1754925868,5504,3.64791E+12,44.86798916,-93.63141489
5505,2025-08-11-10-24-28-255,1754925868,5505,3.64842E+12,44.8679891,-93.63140927
5506,2025-08-11-10-24-28-761,1754925869,5506,3.64892E+12,44.86798904,-93.63140455
5507,2025-08-11-10-24-29-268,1754925869,5507,3.64943E+12,44.86798913,-93.63140007
5508,2025-08-11-10-24-29-776,1754925870,5508,3.64994E+12,44.8679891,-93.63139532
5509,2025-08-11-10-24-30-282,1754925870,5509,3.65044E+12,44.86798905,-93.6313911
5510,2025-08-11-10-24-30-789,1754925871,5510,3.65095E+12,44.86798911,-93.63138677
5511,2025-08-11-10-24-31-294,1754925871,5511,3.65146E+12,44.86798914,-93.63138246
5512,2025-08-11-10-24-31-803,1754925872,5512,3.65196E+12,44.86798901,-93.63137833
5513,2025-08-11-10-24-32-309,1754925872,5513,3.65247E+12,44.8679891,-93.63137442
5514,2025-08-11-10-24-32-815,1754925873,5514,3.65298E+12,44.86798916,-93.63137057
5515,2025-08-11-10-24-33-322,1754925873,5515,3.65348E+12,44.8679892,-93.6313667
5516,2025-08-11-10-24-33-829,1754925874,5516,3.65399E+12,44.86798906,-93.63136271
5517,2025-08-11-10-24-34-336,1754925874,5517,3.6545E+12,44.86798908,-93.63135897
5518,2025-08-11-10-24-34-841,1754925875,5518,3.655E+12,44.86798918,-93.63135491
5519,2025-08-11-10-24-35-350,1754925875,5519,3.65551E+12,44.86798916,-93.63134975
5520,2025-08-11-10-24-35-857,1754925876,5520,3.65602E+12,44.86798927,-93.6313461
5521,2025-08-11-10-24-36-362,1754925876,5521,3.65652E+12,44.86798931,-93.63134234
5522,2025-08-11-10-24-36-868,1754925877,5522,3.65703E+12,44.86798934,-93.63133843
5523,2025-08-11-10-24-37-376,1754925877,5523,3.65754E+12,44.86798931,-93.63133453
5524,2025-08-11-10-24-37-883,1754925878,5524,3.65804E+12,44.86798942,-93.63133091
5525,2025-08-11-10-24-38-388,1754925878,5525,3.65855E+12,44.86798948,-93.63132717
5526,2025-08-11-10-24-38-896,1754925879,5526,3.65906E+12,44.86798947,-93.6313233
5527,2025-08-11-10-24-39-402,1754925879,5527,3.65956E+12,44.86798953,-93.63131996
5528,2025-08-11-10-24-39-909,1754925880,5528,3.66007E+12,44.86798961,-93.63131657
5529,2025-08-11-10-24-40-416,1754925880,5529,3.66058E+12,44.86798968,-93.63131325
5530,2025-08-11-10-24-40-922,1754925881,5530,3.66108E+12,44.86798959,-93.63130993
5531,2025-08-11-10-24-41-431,1754925881,5531,3.66159E+12,44.86798937,-93.63130675
5532,2025-08-11-10-24-41-935,1754925882,5532,3.6621E+12,44.86798957,-93.63130337
5533,2025-08-11-10-24-42-442,1754925882,5533,3.6626E+12,44.86798954,-93.63130041
5534,2025-08-11-10-24-42-949,1754925883,5534,3.66311E+12,44.86798947,-93.63129684
5535,2025-08-11-10-24-43-456,1754925883,5535,3.66362E+12,44.86798946,-93.63129302
5536,2025-08-11-10-24-43-963,1754925884,5536,3.66412E+12,44.86798954,-93.63128971
5537,2025-08-11-10-24-44-469,1754925884,5537,3.66463E+12,44.86798951,-93.63128636
5538,2025-08-11-10-24-44-975,1754925885,5538,3.66514E+12,44.86798958,-93.63128299
5539,2025-08-11-10-24-45-481,1754925885,5539,3.66564E+12,44.86798947,-93.63127985
5540,2025-08-11-10-24-45-989,1754925886,5540,3.66615E+12,44.8679894,-93.63127657
5541,2025-08-11-10-24-46-496,1754925886,5541,3.66666E+12,44.86798947,-93.63127343
5542,2025-08-11-10-24-47-004,1754925887,5542,3.66716E+12,44.86798946,-93.63127019
5543,2025-08-11-10-24-47-511,1754925888,5543,3.66767E+12,44.86798947,-93.63126678
5544,2025-08-11-10-24-48-015,1754925888,5544,3.66818E+12,44.86798955,-93.63126349
5545,2025-08-11-10-24-48-523,1754925889,5545,3.66868E+12,44.86798964,-93.63125981
5546,2025-08-11-10-24-49-028,1754925889,5546,3.66919E+12,44.86798952,-93.63125591
5547,2025-08-11-10-24-49-537,1754925890,5547,3.6697E+12,44.86798944,-93.63125204
5548,2025-08-11-10-24-50-043,1754925890,5548,3.6702E+12,44.86798958,-93.6312483
5549,2025-08-11-10-24-50-553,1754925891,5549,3.67071E+12,44.8679897,-93.63124398
5550,2025-08-11-10-24-51-056,1754925891,5550,3.67122E+12,44.86798956,-93.63124121
5551,2025-08-11-10-24-51-562,1754925892,5551,3.67172E+12,44.86798952,-93.63123728
5552,2025-08-11-10-24-52-069,1754925892,5552,3.67223E+12,44.86798968,-93.63123381
5553,2025-08-11-10-24-52-576,1754925893,5553,3.67274E+12,44.86798963,-93.63122971
5554,2025-08-11-10-24-53-083,1754925893,5554,3.67324E+12,44.86798949,-93.6312259
5555,2025-08-11-10-24-53-590,1754925894,5555,3.67375E+12,44.86798953,-93.63122254
5556,2025-08-11-10-24-54-097,1754925894,5556,3.67426E+12,44.86798961,-93.63121931
5557,2025-08-11-10-24-54-603,1754925895,5557,3.67476E+12,44.86798958,-93.63121601
5558,2025-08-11-10-24-55-109,1754925895,5558,3.67527E+12,44.86798954,-93.63121248
5559,2025-08-11-10-24-55-617,1754925896,5559,3.67578E+12,44.86798937,-93.63120905
5560,2025-08-11-10-24-56-122,1754925896,5560,3.67628E+12,44.86798954,-93.63120584
5561,2025-08-11-10-24-56-629,1754925897,5561,3.67679E+12,44.86798943,-93.63120227
5562,2025-08-11-10-24-57-136,1754925897,5562,3.6773E+12,44.86798943,-93.63119856
5563,2025-08-11-10-24-57-643,1754925898,5563,3.6778E+12,44.86798939,-93.63119472
5564,2025-08-11-10-24-58-149,1754925898,5564,3.67831E+12,44.86798947,-93.631191
5565,2025-08-11-10-24-58-656,1754925899,5565,3.67882E+12,44.86798946,-93.63118635
5566,2025-08-11-10-24-59-163,1754925899,5566,3.67932E+12,44.86798944,-93.63118244
5567,2025-08-11-10-24-59-673,1754925900,5567,3.67983E+12,44.86798927,-93.6311784
5568,2025-08-11-10-25-00-180,1754925900,5568,3.68034E+12,44.8679893,-93.6311749
5569,2025-08-11-10-25-00-686,1754925901,5569,3.68084E+12,44.86798946,-93.63117109
5570,2025-08-11-10-25-01-189,1754925901,5570,3.68135E+12,44.8679895,-93.63116725
5571,2025-08-11-10-25-01-696,1754925902,5571,3.68186E+12,44.86798938,-93.63116355
5572,2025-08-11-10-25-02-202,1754925902,5572,3.68236E+12,44.86798922,-93.6311597
5573,2025-08-11-10-25-02-709,1754925903,5573,3.68287E+12,44.8679893,-93.63115562
5574,2025-08-11-10-25-03-216,1754925903,5574,3.68338E+12,44.86798913,-93.63115164
5575,2025-08-11-10-25-03-722,1754925904,5575,3.68388E+12,44.86798929,-93.63114765
5576,2025-08-11-10-25-04-233,1754925904,5576,3.68439E+12,44.86798937,-93.63114391
5577,2025-08-11-10-25-04-738,1754925905,5577,3.6849E+12,44.86798938,-93.63113999
5578,2025-08-11-10-25-05-245,1754925905,5578,3.6854E+12,44.86798936,-93.63113572
5579,2025-08-11-10-25-05-749,1754925906,5579,3.68591E+12,44.86798933,-93.63113155
5580,2025-08-11-10-25-06-256,1754925906,5580,3.68642E+12,44.86798945,-93.63112685
5581,2025-08-11-10-25-06-761,1754925907,5581,3.68692E+12,44.86798955,-93.63112297
5582,2025-08-11-10-25-07-270,1754925907,5582,3.68743E+12,44.86798956,-93.63111892
5583,2025-08-11-10-25-07-776,1754925908,5583,3.68794E+12,44.86798938,-93.63111486
5584,2025-08-11-10-25-08-284,1754925908,5584,3.68844E+12,44.86798952,-93.63111049
5585,2025-08-11-10-25-08-790,1754925909,5585,3.68895E+12,44.86798937,-93.63110582
5586,2025-08-11-10-25-09-300,1754925909,5586,3.68946E+12,44.86798948,-93.63110119
5587,2025-08-11-10-25-09-804,1754925910,5587,3.68996E+12,44.86798946,-93.63109725
5588,2025-08-11-10-25-10-310,1754925910,5588,3.69047E+12,44.86798951,-93.63109356
5589,2025-08-11-10-25-10-816,1754925911,5589,3.69098E+12,44.86798947,-93.6310897
5590,2025-08-11-10-25-11-321,1754925911,5590,3.69148E+12,44.8679893,-93.63108599
5591,2025-08-11-10-25-11-830,1754925912,5591,3.69199E+12,44.86798924,-93.63108208
5592,2025-08-11-10-25-12-336,1754925912,5592,3.6925E+12,44.8679892,-93.63107826
5593,2025-08-11-10-25-12-841,1754925913,5593,3.693E+12,44.86798936,-93.63107454
5594,2025-08-11-10-25-13-350,1754925913,5594,3.69351E+12,44.86798911,-93.6310703
5595,2025-08-11-10-25-13-860,1754925914,5595,3.69402E+12,44.86798914,-93.63106717
5596,2025-08-11-10-25-14-362,1754925914,5596,3.69452E+12,44.86798908,-93.63106346
5597,2025-08-11-10-25-14-873,1754925915,5597,3.69503E+12,44.86798916,-93.63105957
5598,2025-08-11-10-25-15-380,1754925915,5598,3.69554E+12,44.86798889,-93.63105571
5599,2025-08-11-10-25-15-883,1754925916,5599,3.69604E+12,44.86798883,-93.63105143
5600,2025-08-11-10-25-16-390,1754925916,5600,3.69655E+12,44.86798877,-93.63104715
5601,2025-08-11-10-25-16-896,1754925917,5601,3.69706E+12,44.86798857,-93.63104283
5602,2025-08-11-10-25-17-402,1754925917,5602,3.69756E+12,44.8679885,-93.631039
5603,2025-08-11-10-25-17-909,1754925918,5603,3.69807E+12,44.8679885,-93.63103485
5604,2025-08-11-10-25-18-416,1754925918,5604,3.69858E+12,44.86798859,-93.63103077
5605,2025-08-11-10-25-18-923,1754925919,5605,3.69908E+12,44.86798868,-93.63102633
5606,2025-08-11-10-25-19-430,1754925919,5606,3.69959E+12,44.86798867,-93.63102113
5607,2025-08-11-10-25-19-936,1754925920,5607,3.7001E+12,44.86798861,-93.63101605
5608,2025-08-11-10-25-20-443,1754925920,5608,3.7006E+12,44.86798869,-93.63101101
5609,2025-08-11-10-25-20-948,1754925921,5609,3.70111E+12,44.86798866,-93.63100552
5610,2025-08-11-10-25-21-456,1754925921,5610,3.70162E+12,44.86798873,-93.63100115
5611,2025-08-11-10-25-21-963,1754925922,5611,3.70212E+12,44.86798861,-93.63099627
5612,2025-08-11-10-25-22-468,1754925922,5612,3.70263E+12,44.86798866,-93.63099136
5613,2025-08-11-10-25-22-977,1754925923,5613,3.70314E+12,44.86798862,-93.63098717
5614,2025-08-11-10-25-23-482,1754925923,5614,3.70364E+12,44.86798852,-93.630983
5615,2025-08-11-10-25-23-989,1754925924,5615,3.70415E+12,44.86798845,-93.6309788
5616,2025-08-11-10-25-24-495,1754925924,5616,3.70466E+12,44.86798835,-93.63097451
5617,2025-08-11-10-25-25-003,1754925925,5617,3.70516E+12,44.86798807,-93.63096976
5618,2025-08-11-10-25-25-509,1754925926,5618,3.70567E+12,44.86798809,-93.6309652
5619,2025-08-11-10-25-26-015,1754925926,5619,3.70618E+12,44.86798819,-93.63096118
5620,2025-08-11-10-25-26-522,1754925927,5620,3.70668E+12,44.86798787,-93.6309573
5621,2025-08-11-10-25-27-028,1754925927,5621,3.70719E+12,44.86798762,-93.63095267
5622,2025-08-11-10-25-27-540,1754925928,5622,3.7077E+12,44.86798736,-93.63094721
5623,2025-08-11-10-25-28-045,1754925928,5623,3.7082E+12,44.86798713,-93.63094152
5624,2025-08-11-10-25-28-547,1754925929,5624,3.70871E+12,44.86798689,-93.63093619
5625,2025-08-11-10-25-29-056,1754925929,5625,3.70922E+12,44.86798661,-93.63093124
5626,2025-08-11-10-25-29-562,1754925930,5626,3.70972E+12,44.86798571,-93.63092527
5627,2025-08-11-10-25-30-069,1754925930,5627,3.71023E+12,44.86798481,-93.63091909
5628,2025-08-11-10-25-30-575,1754925931,5628,3.71074E+12,44.86798327,-93.63091212
5629,2025-08-11-10-25-31-080,1754925931,5629,3.71124E+12,44.86798177,-93.6309053
5630,2025-08-11-10-25-31-589,1754925932,5630,3.71175E+12,44.86798088,-93.63089845
5631,2025-08-11-10-25-32-094,1754925932,5631,3.71226E+12,44.8679804,-93.63089154
5632,2025-08-11-10-25-32-602,1754925933,5632,3.71276E+12,44.86798039,-93.63088424
5633,2025-08-11-10-25-33-108,1754925933,5633,3.71327E+12,44.86798194,-93.63087553
5634,2025-08-11-10-25-33-615,1754925934,5634,3.71378E+12,44.86798503,-93.63086731
5635,2025-08-11-10-25-34-121,1754925934,5635,3.71428E+12,44.86798974,-93.63086032
5636,2025-08-11-10-25-34-629,1754925935,5636,3.71479E+12,44.86799559,-93.63085527
5637,2025-08-11-10-25-35-134,1754925935,5637,3.7153E+12,44.86800251,-93.63085261
5638,2025-08-11-10-25-35-645,1754925936,5638,3.7158E+12,44.86800969,-93.63085191
5639,2025-08-11-10-25-36-149,1754925936,5639,3.71631E+12,44.86801666,-93.63085428
5640,2025-08-11-10-25-36-654,1754925937,5640,3.71682E+12,44.86802427,-93.63086
5641,2025-08-11-10-25-37-161,1754925937,5641,3.71732E+12,44.86802929,-93.63086732
5642,2025-08-11-10-25-37-670,1754925938,5642,3.71783E+12,44.8680322,-93.63087631
5643,2025-08-11-10-25-38-176,1754925938,5643,3.71834E+12,44.86803444,-93.63088467
5644,2025-08-11-10-25-38-680,1754925939,5644,3.71884E+12,44.86803413,-93.63089299
5645,2025-08-11-10-25-39-189,1754925939,5645,3.71935E+12,44.86803304,-93.63090025
5646,2025-08-11-10-25-39-695,1754925940,5646,3.71986E+12,44.86803117,-93.63090631
5647,2025-08-11-10-25-40-202,1754925940,5647,3.72036E+12,44.86802879,-93.63091113
5648,2025-08-11-10-25-40-708,1754925941,5648,3.72087E+12,44.86802702,-93.63091549
5649,2025-08-11-10-25-41-218,1754925941,5649,3.72138E+12,44.86802471,-93.63091949
5650,2025-08-11-10-25-41-725,1754925942,5650,3.72188E+12,44.8680226,-93.63092424
5651,2025-08-11-10-25-42-228,1754925942,5651,3.72239E+12,44.86802084,-93.63092956
5652,2025-08-11-10-25-42-738,1754925943,5652,3.7229E+12,44.86801885,-93.63093591
5653,2025-08-11-10-25-43-241,1754925943,5653,3.7234E+12,44.86801801,-93.63094311
5654,2025-08-11-10-25-43-747,1754925944,5654,3.72391E+12,44.86801756,-93.63094996
5655,2025-08-11-10-25-44-254,1754925944,5655,3.72442E+12,44.86801709,-93.63095539
5656,2025-08-11-10-25-44-761,1754925945,5656,3.72492E+12,44.86801643,-93.6309608
5657,2025-08-11-10-25-45-267,1754925945,5657,3.72543E+12,44.86801621,-93.63096424
5658,2025-08-11-10-25-45-776,1754925946,5658,3.72594E+12,44.86801622,-93.63096642
5659,2025-08-11-10-25-46-280,1754925946,5659,3.72644E+12,44.8680161,-93.63096858
5660,2025-08-11-10-25-46-787,1754925947,5660,3.72695E+12,44.86801582,-93.63097244
5661,2025-08-11-10-25-47-294,1754925947,5661,3.72746E+12,44.8680155,-93.63097834
5662,2025-08-11-10-25-47-801,1754925948,5662,3.72796E+12,44.86801535,-93.63098427
5663,2025-08-11-10-25-48-307,1754925948,5663,3.72847E+12,44.86801521,-93.63098963
5664,2025-08-11-10-25-48-813,1754925949,5664,3.72898E+12,44.86801525,-93.63099399
5665,2025-08-11-10-25-49-322,1754925949,5665,3.72948E+12,44.86801539,-93.63099756
5666,2025-08-11-10-25-49-828,1754925950,5666,3.72999E+12,44.86801547,-93.6310006
5667,2025-08-11-10-25-50-337,1754925950,5667,3.7305E+12,44.86801562,-93.63100435
5668,2025-08-11-10-25-50-842,1754925951,5668,3.731E+12,44.86801557,-93.63100953
5669,2025-08-11-10-25-51-347,1754925951,5669,3.73151E+12,44.86801559,-93.63101555
5670,2025-08-11-10-25-51-855,1754925952,5670,3.73202E+12,44.86801548,-93.63102408
5671,2025-08-11-10-25-52-361,1754925952,5671,3.73252E+12,44.86801567,-93.63103122
5672,2025-08-11-10-25-52-869,1754925953,5672,3.73303E+12,44.8680157,-93.63103767
5673,2025-08-11-10-25-53-374,1754925953,5673,3.73354E+12,44.86801545,-93.6310427
5674,2025-08-11-10-25-53-881,1754925954,5674,3.73404E+12,44.86801552,-93.6310455
5675,2025-08-11-10-25-54-387,1754925954,5675,3.73455E+12,44.86801549,-93.63104673
5676,2025-08-11-10-25-54-893,1754925955,5676,3.73505E+12,44.86801548,-93.63104864
5677,2025-08-11-10-25-55-400,1754925955,5677,3.73556E+12,44.86801539,-93.63105184
5678,2025-08-11-10-25-55-906,1754925956,5678,3.73607E+12,44.86801536,-93.63105473
5679,2025-08-11-10-25-56-414,1754925956,5679,3.73657E+12,44.86801533,-93.63105748
5680,2025-08-11-10-25-56-921,1754925957,5680,3.73708E+12,44.86801549,-93.63106071
5681,2025-08-11-10-25-57-424,1754925957,5681,3.73759E+12,44.86801522,-93.63106508
5682,2025-08-11-10-25-57-933,1754925958,5682,3.73809E+12,44.86801512,-93.63107012
5683,2025-08-11-10-25-58-440,1754925958,5683,3.7386E+12,44.8680149,-93.63107618
5684,2025-08-11-10-25-58-948,1754925959,5684,3.73911E+12,44.86801508,-93.63108299
5685,2025-08-11-10-25-59-453,1754925959,5685,3.73961E+12,44.86801488,-93.63109083
5686,2025-08-11-10-25-59-961,1754925960,5686,3.74012E+12,44.86801486,-93.63109675
5687,2025-08-11-10-26-00-467,1754925960,5687,3.74063E+12,44.86801466,-93.63110186
5688,2025-08-11-10-26-00-974,1754925961,5688,3.74113E+12,44.8680148,-93.63110591
5689,2025-08-11-10-26-01-480,1754925961,5689,3.74164E+12,44.86801472,-93.63110925
5690,2025-08-11-10-26-01-987,1754925962,5690,3.74215E+12,44.86801475,-93.63111294
5691,2025-08-11-10-26-02-494,1754925962,5691,3.74265E+12,44.86801471,-93.63111676
5692,2025-08-11-10-26-03-000,1754925963,5692,3.74316E+12,44.86801464,-93.63112129
5693,2025-08-11-10-26-03-508,1754925964,5693,3.74367E+12,44.86801455,-93.63112738
5694,2025-08-11-10-26-04-016,1754925964,5694,3.74417E+12,44.86801474,-93.63113412
5695,2025-08-11-10-26-04-520,1754925965,5695,3.74468E+12,44.86801486,-93.6311407
5696,2025-08-11-10-26-05-026,1754925965,5696,3.74519E+12,44.86801504,-93.63114706
5697,2025-08-11-10-26-05-532,1754925966,5697,3.74569E+12,44.86801511,-93.63115251
5698,2025-08-11-10-26-06-040,1754925966,5698,3.7462E+12,44.86801489,-93.63115816
5699,2025-08-11-10-26-06-548,1754925967,5699,3.74671E+12,44.86801522,-93.63116544
5700,2025-08-11-10-26-07-054,1754925967,5700,3.74721E+12,44.86801529,-93.63117052
5701,2025-08-11-10-26-07-560,1754925968,5701,3.74772E+12,44.86801547,-93.6311787
5702,2025-08-11-10-26-08-066,1754925968,5702,3.74823E+12,44.86801538,-93.6311857
5703,2025-08-11-10-26-08-577,1754925969,5703,3.74873E+12,44.86801547,-93.63119252
5704,2025-08-11-10-26-09-084,1754925969,5704,3.74924E+12,44.86801554,-93.63120014
5705,2025-08-11-10-26-09-588,1754925970,5705,3.74975E+12,44.86801551,-93.63120786
5706,2025-08-11-10-26-10-093,1754925970,5706,3.75025E+12,44.86801553,-93.63121504
5707,2025-08-11-10-26-10-600,1754925971,5707,3.75076E+12,44.86801529,-93.63122051
5708,2025-08-11-10-26-11-107,1754925971,5708,3.75127E+12,44.86801542,-93.63122406
5709,2025-08-11-10-26-11-613,1754925972,5709,3.75177E+12,44.86801548,-93.63122871
5710,2025-08-11-10-26-12-120,1754925972,5710,3.75228E+12,44.86801569,-93.63123489
5711,2025-08-11-10-26-12-626,1754925973,5711,3.75279E+12,44.86801562,-93.63124203
5712,2025-08-11-10-26-13-132,1754925973,5712,3.75329E+12,44.86801544,-93.63124823
5713,2025-08-11-10-26-13-639,1754925974,5713,3.7538E+12,44.86801561,-93.63125275
5714,2025-08-11-10-26-14-147,1754925974,5714,3.75431E+12,44.86801571,-93.63125704
5715,2025-08-11-10-26-14-653,1754925975,5715,3.75481E+12,44.86801572,-93.63126011
5716,2025-08-11-10-26-15-161,1754925975,5716,3.75532E+12,44.86801577,-93.63126451
5717,2025-08-11-10-26-15-666,1754925976,5717,3.75583E+12,44.86801575,-93.63126887
5718,2025-08-11-10-26-16-173,1754925976,5718,3.75633E+12,44.86801567,-93.6312739
5719,2025-08-11-10-26-16-681,1754925977,5719,3.75684E+12,44.86801578,-93.63127974
5720,2025-08-11-10-26-17-186,1754925977,5720,3.75735E+12,44.86801575,-93.63128593
5721,2025-08-11-10-26-17-693,1754925978,5721,3.75785E+12,44.86801565,-93.63129166
5722,2025-08-11-10-26-18-199,1754925978,5722,3.75836E+12,44.86801553,-93.63129712
5723,2025-08-11-10-26-18-706,1754925979,5723,3.75887E+12,44.86801571,-93.6313027
5724,2025-08-11-10-26-19-214,1754925979,5724,3.75937E+12,44.86801565,-93.63130818
5725,2025-08-11-10-26-19-719,1754925980,5725,3.75988E+12,44.86801588,-93.63131343
5726,2025-08-11-10-26-20-227,1754925980,5726,3.76039E+12,44.86801574,-93.63131718
5727,2025-08-11-10-26-20-733,1754925981,5727,3.76089E+12,44.86801573,-93.63131949
5728,2025-08-11-10-26-21-240,1754925981,5728,3.7614E+12,44.86801573,-93.63132114
5729,2025-08-11-10-26-21-746,1754925982,5729,3.76191E+12,44.86801551,-93.63132299
5730,2025-08-11-10-26-22-254,1754925982,5730,3.76241E+12,44.86801551,-93.63132694
5731,2025-08-11-10-26-22-759,1754925983,5731,3.76292E+12,44.86801563,-93.63133077
5732,2025-08-11-10-26-23-267,1754925983,5732,3.76343E+12,44.86801565,-93.63133458
5733,2025-08-11-10-26-23-773,1754925984,5733,3.76393E+12,44.86801564,-93.63133858
5734,2025-08-11-10-26-24-279,1754925984,5734,3.76444E+12,44.86801556,-93.6313426
5735,2025-08-11-10-26-24-789,1754925985,5735,3.76495E+12,44.8680154,-93.63134672
5736,2025-08-11-10-26-25-294,1754925985,5736,3.76545E+12,44.86801528,-93.63135139
5737,2025-08-11-10-26-25-798,1754925986,5737,3.76596E+12,44.86801526,-93.63135661
5738,2025-08-11-10-26-26-307,1754925986,5738,3.76647E+12,44.86801525,-93.63136204
5739,2025-08-11-10-26-26-813,1754925987,5739,3.76697E+12,44.86801508,-93.63136737
5740,2025-08-11-10-26-27-320,1754925987,5740,3.76748E+12,44.86801504,-93.63137179
5741,2025-08-11-10-26-27-826,1754925988,5741,3.76799E+12,44.86801511,-93.63137499
5742,2025-08-11-10-26-28-334,1754925988,5742,3.76849E+12,44.86801517,-93.63137729
5743,2025-08-11-10-26-28-841,1754925989,5743,3.769E+12,44.8680152,-93.63137995
5744,2025-08-11-10-26-29-346,1754925989,5744,3.76951E+12,44.86801511,-93.63138293
5745,2025-08-11-10-26-29-854,1754925990,5745,3.77001E+12,44.8680152,-93.63138647
5746,2025-08-11-10-26-30-359,1754925990,5746,3.77052E+12,44.86801533,-93.6313894
5747,2025-08-11-10-26-30-868,1754925991,5747,3.77103E+12,44.86801525,-93.63139176
5748,2025-08-11-10-26-31-373,1754925991,5748,3.77153E+12,44.86801527,-93.63139285
5749,2025-08-11-10-26-31-879,1754925992,5749,3.77204E+12,44.86801525,-93.63139293
5750,2025-08-11-10-26-32-388,1754925992,5750,3.77255E+12,44.86801526,-93.63139306
5751,2025-08-11-10-26-32-894,1754925993,5751,3.77305E+12,44.86801532,-93.63139395
5752,2025-08-11-10-26-33-401,1754925993,5752,3.77356E+12,44.86801542,-93.63139631
5753,2025-08-11-10-26-33-905,1754925994,5753,3.77407E+12,44.86801528,-93.6314004
5754,2025-08-11-10-26-34-414,1754925994,5754,3.77457E+12,44.86801573,-93.63140597
5755,2025-08-11-10-26-34-920,1754925995,5755,3.77508E+12,44.86801523,-93.6314119
5756,2025-08-11-10-26-35-430,1754925995,5756,3.77559E+12,44.86801565,-93.6314176
5757,2025-08-11-10-26-35-934,1754925996,5757,3.77609E+12,44.8680156,-93.63142283
5758,2025-08-11-10-26-36-440,1754925996,5758,3.7766E+12,44.86801552,-93.63142834
5759,2025-08-11-10-26-36-950,1754925997,5759,3.77711E+12,44.86801576,-93.63143486
5760,2025-08-11-10-26-37-453,1754925997,5760,3.77761E+12,44.86801526,-93.63144378
5761,2025-08-11-10-26-37-959,1754925998,5761,3.77812E+12,44.86801575,-93.6314507
5762,2025-08-11-10-26-38-467,1754925998,5762,3.77863E+12,44.86801563,-93.63145652
5763,2025-08-11-10-26-38-973,1754925999,5763,3.77914E+12,44.86801547,-93.63146119
5764,2025-08-11-10-26-39-484,1754925999,5764,3.77964E+12,44.86801557,-93.63146514
5765,2025-08-11-10-26-39-990,1754926000,5765,3.78015E+12,44.86801552,-93.63146974
5766,2025-08-11-10-26-40-494,1754926000,5766,3.78065E+12,44.86801546,-93.63147544
5767,2025-08-11-10-26-41-000,1754926001,5767,3.78116E+12,44.86801542,-93.63148198
5768,2025-08-11-10-26-41-507,1754926002,5768,3.78167E+12,44.86801538,-93.63148951
5769,2025-08-11-10-26-42-013,1754926002,5769,3.78217E+12,44.86801543,-93.63149645
5770,2025-08-11-10-26-42-520,1754926003,5770,3.78268E+12,44.86801532,-93.63150191
5771,2025-08-11-10-26-43-027,1754926003,5771,3.78319E+12,44.86801527,-93.63150607
5772,2025-08-11-10-26-43-532,1754926004,5772,3.78369E+12,44.86801534,-93.63150896
5773,2025-08-11-10-26-44-040,1754926004,5773,3.7842E+12,44.86801533,-93.63151175
5774,2025-08-11-10-26-44-547,1754926005,5774,3.78471E+12,44.86801541,-93.63151635
5775,2025-08-11-10-26-45-053,1754926005,5775,3.78521E+12,44.86801552,-93.63152035
5776,2025-08-11-10-26-45-560,1754926006,5776,3.78572E+12,44.86801536,-93.63152711
5777,2025-08-11-10-26-46-066,1754926006,5777,3.78623E+12,44.86801539,-93.63153323
5778,2025-08-11-10-26-46-575,1754926007,5778,3.78673E+12,44.86801541,-93.63153898
5779,2025-08-11-10-26-47-080,1754926007,5779,3.78724E+12,44.86801549,-93.63154453
5780,2025-08-11-10-26-47-586,1754926008,5780,3.78775E+12,44.86801557,-93.6315497
5781,2025-08-11-10-26-48-094,1754926008,5781,3.78825E+12,44.8680153,-93.63155476
5782,2025-08-11-10-26-48-600,1754926009,5782,3.78876E+12,44.86801546,-93.63155983
5783,2025-08-11-10-26-49-107,1754926009,5783,3.78927E+12,44.86801548,-93.63156413
5784,2025-08-11-10-26-49-614,1754926010,5784,3.78977E+12,44.86801542,-93.63156837
5785,2025-08-11-10-26-50-120,1754926010,5785,3.79028E+12,44.86801541,-93.63157279
5786,2025-08-11-10-26-50-627,1754926011,5786,3.79079E+12,44.86801541,-93.63157701
5787,2025-08-11-10-26-51-134,1754926011,5787,3.79129E+12,44.86801536,-93.63158167
5788,2025-08-11-10-26-51-640,1754926012,5788,3.7918E+12,44.86801571,-93.63158691
5789,2025-08-11-10-26-52-146,1754926012,5789,3.79231E+12,44.86801557,-93.63159392
5790,2025-08-11-10-26-52-653,1754926013,5790,3.79281E+12,44.86801545,-93.63159888
5791,2025-08-11-10-26-53-160,1754926013,5791,3.79332E+12,44.86801548,-93.63160352
5792,2025-08-11-10-26-53-667,1754926014,5792,3.79383E+12,44.86801537,-93.63160734
5793,2025-08-11-10-26-54-173,1754926014,5793,3.79433E+12,44.86801524,-93.63161095
5794,2025-08-11-10-26-54-680,1754926015,5794,3.79484E+12,44.86801537,-93.63161431
5795,2025-08-11-10-26-55-186,1754926015,5795,3.79535E+12,44.86801535,-93.63161719
5796,2025-08-11-10-26-55-694,1754926016,5796,3.79586E+12,44.86801537,-93.63162064
5797,2025-08-11-10-26-56-201,1754926016,5797,3.79636E+12,44.8680153,-93.63162501
5798,2025-08-11-10-26-56-706,1754926017,5798,3.79687E+12,44.86801543,-93.6316297
5799,2025-08-11-10-26-57-215,1754926017,5799,3.79738E+12,44.86801507,-93.63163537
5800,2025-08-11-10-26-57-721,1754926018,5800,3.79788E+12,44.86801509,-93.63164152
5801,2025-08-11-10-26-58-227,1754926018,5801,3.79839E+12,44.86801517,-93.63164704
5802,2025-08-11-10-26-58-732,1754926019,5802,3.7989E+12,44.86801506,-93.63165103
5803,2025-08-11-10-26-59-240,1754926019,5803,3.7994E+12,44.8680151,-93.63165369
5804,2025-08-11-10-26-59-748,1754926020,5804,3.79991E+12,44.86801526,-93.63165761
5805,2025-08-11-10-27-00-252,1754926020,5805,3.80042E+12,44.86801517,-93.63166305
5806,2025-08-11-10-27-00-760,1754926021,5806,3.80092E+12,44.86801525,-93.63166983
5807,2025-08-11-10-27-01-267,1754926021,5807,3.80143E+12,44.86801538,-93.63167528
5808,2025-08-11-10-27-01-773,1754926022,5808,3.80194E+12,44.86801547,-93.63167831
5809,2025-08-11-10-27-02-279,1754926022,5809,3.80244E+12,44.86801548,-93.63167815
5810,2025-08-11-10-27-02-786,1754926023,5810,3.80295E+12,44.86801546,-93.63167817
5811,2025-08-11-10-27-03-292,1754926023,5811,3.80346E+12,44.86801547,-93.63167813
5812,2025-08-11-10-27-03-799,1754926024,5812,3.80396E+12,44.86801545,-93.63167805
5813,2025-08-11-10-27-04-306,1754926024,5813,3.80447E+12,44.8680154,-93.63167806
5814,2025-08-11-10-27-04-813,1754926025,5814,3.80497E+12,44.86801544,-93.63167808
5815,2025-08-11-10-27-05-319,1754926025,5815,3.80548E+12,44.86801556,-93.63167802
5816,2025-08-11-10-27-05-827,1754926026,5816,3.80599E+12,44.86801557,-93.631678
5817,2025-08-11-10-27-06-332,1754926026,5817,3.80649E+12,44.8680156,-93.63167803
5818,2025-08-11-10-27-06-840,1754926027,5818,3.807E+12,44.86801555,-93.63167803
5819,2025-08-11-10-27-07-346,1754926027,5819,3.80751E+12,44.86801555,-93.63167802
5820,2025-08-11-10-27-07-853,1754926028,5820,3.80801E+12,44.86801556,-93.63167805
5821,2025-08-11-10-27-08-358,1754926028,5821,3.80852E+12,44.86801554,-93.63167805
5822,2025-08-11-10-27-08-867,1754926029,5822,3.80903E+12,44.86801555,-93.63167803
5823,2025-08-11-10-27-09-373,1754926029,5823,3.80954E+12,44.86801557,-93.63167804
5824,2025-08-11-10-27-09-880,1754926030,5824,3.81004E+12,44.86801556,-93.63167802
5825,2025-08-11-10-27-10-386,1754926030,5825,3.81055E+12,44.86801558,-93.63167802
5826,2025-08-11-10-27-10-889,1754926031,5826,3.81106E+12,44.86801557,-93.63167804
5827,2025-08-11-10-27-11-396,1754926031,5827,3.81156E+12,44.86801558,-93.63167806
5828,2025-08-11-10-27-11-903,1754926032,5828,3.81207E+12,44.86801559,-93.63167804
5829,2025-08-11-10-27-12-409,1754926032,5829,3.81258E+12,44.86801557,-93.63167801
5830,2025-08-11-10-27-12-919,1754926033,5830,3.81308E+12,44.86801557,-93.63167806
5831,2025-08-11-10-27-13-424,1754926033,5831,3.81359E+12,44.86801558,-93.63167806
5832,2025-08-11-10-27-13-932,1754926034,5832,3.81409E+12,44.86801555,-93.63167805
5833,2025-08-11-10-27-14-437,1754926034,5833,3.8146E+12,44.86801555,-93.63167805
5834,2025-08-11-10-27-14-946,1754926035,5834,3.81511E+12,44.86801556,-93.63167804
5835,2025-08-11-10-27-15-448,1754926035,5835,3.81561E+12,44.86801555,-93.63167804
5836,2025-08-11-10-27-15-956,1754926036,5836,3.81612E+12,44.86801555,-93.63167804
5837,2025-08-11-10-27-16-465,1754926036,5837,3.81663E+12,44.86801555,-93.63167805
5838,2025-08-11-10-27-16-970,1754926037,5838,3.81713E+12,44.86801556,-93.63167806
5839,2025-08-11-10-27-17-477,1754926037,5839,3.81764E+12,44.86801556,-93.63167807
5840,2025-08-11-10-27-17-983,1754926038,5840,3.81815E+12,44.86801557,-93.63167806
5841,2025-08-11-10-27-18-489,1754926038,5841,3.81865E+12,44.86801557,-93.63167807
5842,2025-08-11-10-27-18-996,1754926039,5842,3.81916E+12,44.86801557,-93.63167807
5843,2025-08-11-10-27-19-507,1754926040,5843,3.81967E+12,44.86801557,-93.63167806
5844,2025-08-11-10-27-20-012,1754926040,5844,3.82017E+12,44.86801557,-93.63167805
5845,2025-08-11-10-27-20-519,1754926041,5845,3.82068E+12,44.86801557,-93.63167804
5846,2025-08-11-10-27-21-023,1754926041,5846,3.82119E+12,44.86801554,-93.63167804
5847,2025-08-11-10-27-21-529,1754926042,5847,3.82169E+12,44.86801554,-93.63167804
5848,2025-08-11-10-27-22-040,1754926042,5848,3.8222E+12,44.86801553,-93.63167803
5849,2025-08-11-10-27-22-547,1754926043,5849,3.82271E+12,44.86801552,-93.63167805
5850,2025-08-11-10-27-23-048,1754926043,5850,3.82321E+12,44.86801555,-93.63167804
5851,2025-08-11-10-27-23-556,1754926044,5851,3.82372E+12,44.86801554,-93.631678
5852,2025-08-11-10-27-24-065,1754926044,5852,3.82423E+12,44.86801554,-93.63167802
5853,2025-08-11-10-27-24-571,1754926045,5853,3.82473E+12,44.86801555,-93.63167802
